molecule_id,standardized_inchikey,endpoint_name,functional_mode,aggregated_pactivity,measurement_count,assay_count,primary_document_count,interassay_sd,interassay_mad,minimum_pactivity,maximum_pactivity,high_disagreement_flag,development_partition,external_eligibility,review_status
CHEMBL1076503,DJXXCPVDTMEZQZ-UHFFFAOYSA-N,pFunc_inhibition,antagonist,6.150000,1,1,1,,0.000000,6.150000,6.150000,False,development,False,admitted_exploratory
CHEMBL1076504,CDUCLUZYLNLKKW-UHFFFAOYSA-N,pFunc_inhibition,antagonist,5.580000,1,1,1,,0.000000,5.580000,5.580000,False,development,False,admitted_exploratory
CHEMBL1077749,OUKKULWZHJJUCO-UHFFFAOYSA-N,pFunc_inhibition,antagonist,5.110000,1,1,1,,0.000000,5.110000,5.110000,False,development,False,admitted_exploratory
CHEMBL1077902,SFYCKRAOKBZQQD-UHFFFAOYSA-N,pFunc_inhibition,antagonist,6.940000,1,1,1,,0.000000,6.940000,6.940000,False,development,False,admitted_exploratory
CHEMBL1078001,RMNYIORRJFTYKB-UHFFFAOYSA-N,pFunc_inhibition,antagonist,6.790000,1,1,1,,0.000000,6.790000,6.790000,False,development,False,admitted_exploratory
CHEMBL1078085,WBCAKXYDAUCZDG-UHFFFAOYSA-N,pFunc_inhibition,antagonist,6.460000,1,1,1,,0.000000,6.460000,6.460000,False,development,False,admitted_exploratory
CHEMBL1079141,NJLNJHCKQVRQDL-UHFFFAOYSA-N,pFunc_inhibition,antagonist,5.790000,1,1,1,,0.000000,5.790000,5.790000,False,development,False,admitted_exploratory
CHEMBL1082063,JTMNJBCPWGVLEV-UHFFFAOYSA-N,pFunc_inhibition,antagonist,5.510000,1,1,1,,0.000000,5.510000,5.510000,False,development,False,admitted_exploratory
CHEMBL1092270,QHFYRCHXHNWYCV-UHFFFAOYSA-N,pBind_Ki,,9.920000,1,1,1,,0.000000,9.920000,9.920000,False,development,False,admitted_exploratory
CHEMBL1095488,BCDASHXLAMCATI-UHFFFAOYSA-N,pBind_Ki,antagonist,8.120000,1,1,1,,0.000000,8.120000,8.120000,False,development,False,admitted_exploratory
CHEMBL1097859,KYSFTXJTWSDCSC-UHFFFAOYSA-N,pBind_Ki,,5.600000,1,1,1,,0.000000,5.600000,5.600000,False,development,False,admitted_exploratory
CHEMBL119709,HUJXGQILHAUCCV-MOROJQBDSA-N,pBind_Ki,,5.540000,13,13,13,0.736075,0.060000,5.210000,7.250000,False,development,False,admitted_exploratory
CHEMBL119709,HUJXGQILHAUCCV-MOROJQBDSA-N,pBind_Ki,antagonist,5.540000,1,1,1,,0.000000,5.540000,5.540000,False,development,False,admitted_exploratory
CHEMBL122396,BCWROVBBUOSFGD-UHFFFAOYSA-N,pBind_Ki,,6.670000,2,2,2,0.000000,0.000000,6.670000,6.670000,False,locked_holdout,False,admitted_exploratory
CHEMBL136689,AEULVFLPCJOBCE-UHFFFAOYSA-N,pBind_Ki,,8.390000,6,6,5,1.065259,0.215000,7.960000,10.320000,True,development,False,admitted_exploratory
CHEMBL1561896,PVXSYGKEPLNOTR-UHFFFAOYSA-N,pBind_Ki,,7.720000,1,1,1,,0.000000,7.720000,7.720000,False,development,False,admitted_exploratory
CHEMBL1671936,KEUJAGGJGBWRFC-UHFFFAOYSA-N,pBind_Ki,,8.230000,1,1,1,,0.000000,8.230000,8.230000,False,development,False,admitted_exploratory
CHEMBL17127,UTLPKQYUXOEJIL-UHFFFAOYSA-N,pBind_Ki,,8.960000,11,11,10,0.240420,0.240000,8.490000,9.220000,False,development,False,admitted_exploratory
CHEMBL17127,UTLPKQYUXOEJIL-UHFFFAOYSA-N,pBind_Ki,antagonist,8.620000,3,3,3,0.296142,0.250000,8.370000,8.960000,False,development,False,admitted_exploratory
CHEMBL17127,UTLPKQYUXOEJIL-UHFFFAOYSA-N,pFunc_inhibition,antagonist,7.870000,2,2,2,0.070711,0.050000,7.820000,7.920000,False,development,False,admitted_exploratory
CHEMBL183,FFBDFADSZUINTG-UHFFFAOYSA-N,pBind_Ki,,6.800000,29,29,28,0.233432,0.220000,6.200000,7.250000,False,development,False,admitted_exploratory
CHEMBL183,FFBDFADSZUINTG-UHFFFAOYSA-N,pBind_Ki,antagonist,6.800000,2,2,2,0.000000,0.000000,6.800000,6.800000,False,development,False,admitted_exploratory
CHEMBL183,FFBDFADSZUINTG-UHFFFAOYSA-N,pFunc_inhibition,antagonist,6.880000,1,1,1,,0.000000,6.880000,6.880000,False,development,False,admitted_exploratory
CHEMBL1950653,BWHLYEQTTHPURZ-QLYQVZKDSA-N,pBind_Ki,,6.800000,1,1,1,,0.000000,6.800000,6.800000,False,development,False,admitted_exploratory
CHEMBL1950655,WPQKCNOVLXDKLF-SNPPRPGFSA-N,pBind_Ki,,7.060000,1,1,1,,0.000000,7.060000,7.060000,False,development,False,admitted_exploratory
CHEMBL1950665,XDBPGTOUWLQGCG-RKMGSRDVSA-N,pBind_Ki,,6.960000,1,1,1,,0.000000,6.960000,6.960000,False,development,False,admitted_exploratory
CHEMBL197669,CYYQMAWUIRPCNW-UHFFFAOYSA-N,pBind_Ki,,8.180000,3,3,3,0.121244,0.000000,7.970000,8.180000,False,development,False,admitted_exploratory
CHEMBL197669,CYYQMAWUIRPCNW-UHFFFAOYSA-N,pFunc_inhibition,antagonist,6.370000,1,1,1,,0.000000,6.370000,6.370000,False,development,False,admitted_exploratory
CHEMBL1990267,HHMZURGWXAWJGC-UHFFFAOYSA-N,pBind_Ki,,7.100000,2,2,2,0.000000,0.000000,7.100000,7.100000,False,development,False,admitted_exploratory
CHEMBL199446,OTTHALQEWXGENA-UHFFFAOYSA-N,pBind_Ki,,7.190000,1,1,1,,0.000000,7.190000,7.190000,False,locked_holdout,False,admitted_exploratory
CHEMBL2024116,NEYZTILMBRSITP-UHFFFAOYSA-N,pBind_Ki,,7.810000,1,1,1,,0.000000,7.810000,7.810000,False,development,False,admitted_exploratory
CHEMBL2024116,NEYZTILMBRSITP-UHFFFAOYSA-N,pBind_Ki,antagonist,8.770000,1,1,1,,0.000000,8.770000,8.770000,False,development,False,admitted_exploratory
CHEMBL2024116,NEYZTILMBRSITP-UHFFFAOYSA-N,pFunc_inhibition,antagonist,7.970000,2,2,1,1.598061,1.130000,6.840000,9.100000,True,development,False,admitted_exploratory
CHEMBL2042059,LUFDYZFYLCODSE-UHFFFAOYSA-N,pBind_Ki,,6.400000,1,1,1,,0.000000,6.400000,6.400000,False,locked_holdout,False,admitted_exploratory
CHEMBL2042062,JNCOYVVDNPCLKB-UHFFFAOYSA-N,pBind_Ki,,6.400000,1,1,1,,0.000000,6.400000,6.400000,False,locked_holdout,False,admitted_exploratory
CHEMBL2042073,FZDOJZCUDKGLGL-UHFFFAOYSA-N,pBind_Ki,,6.900000,1,1,1,,0.000000,6.900000,6.900000,False,development,False,admitted_exploratory
CHEMBL2042081,VLBFZMVIQCLDRL-UHFFFAOYSA-N,pBind_Ki,,6.200000,1,1,1,,0.000000,6.200000,6.200000,False,development,False,admitted_exploratory
CHEMBL2042301,TXMBOCGCZJDFNZ-ACIRYHQQSA-N,pFunc_agonism,agonist,7.350000,1,1,1,,0.000000,7.350000,7.350000,False,locked_holdout,False,admitted_exploratory
CHEMBL2042303,SQCZJYTXAWXOND-RKMGSRDVSA-N,pFunc_agonism,agonist,8.180000,1,1,1,,0.000000,8.180000,8.180000,False,development,False,admitted_exploratory
CHEMBL2042304,QIMAEJZEQKSMHZ-UGCAPWQASA-N,pFunc_agonism,agonist,9.070000,1,1,1,,0.000000,9.070000,9.070000,False,development,False,admitted_exploratory
CHEMBL2042305,LPUCXUCWIQBLNE-KCIBBDPESA-N,pFunc_agonism,agonist,7.180000,1,1,1,,0.000000,7.180000,7.180000,False,development,False,admitted_exploratory
CHEMBL2042308,AGLLTBWZMRXXOV-FWBSXESASA-N,pFunc_agonism,agonist,6.440000,1,1,1,,0.000000,6.440000,6.440000,False,development,False,admitted_exploratory
CHEMBL2042310,KGGRLFLXKXSBIC-MPBXGEDSSA-N,pFunc_agonism,agonist,7.050000,1,1,1,,0.000000,7.050000,7.050000,False,development,False,admitted_exploratory
CHEMBL2070507,CGYRWWMWNACLSU-AEISUSGSSA-N,pBind_Ki,,7.470000,1,1,1,,0.000000,7.470000,7.470000,False,development,False,admitted_exploratory
CHEMBL2070507,CGYRWWMWNACLSU-AEISUSGSSA-N,pFunc_agonism,agonist,7.570000,1,1,1,,0.000000,7.570000,7.570000,False,development,False,admitted_exploratory
CHEMBL2070508,ISNMLOJARGEFLK-BQVMBELUSA-N,pBind_Ki,,6.190000,1,1,1,,0.000000,6.190000,6.190000,False,development,False,admitted_exploratory
CHEMBL2070508,ISNMLOJARGEFLK-BQVMBELUSA-N,pFunc_agonism,agonist,6.650000,1,1,1,,0.000000,6.650000,6.650000,False,development,False,admitted_exploratory
CHEMBL2153627,YRBJBKSUFQWHDB-UHFFFAOYSA-N,pBind_Ki,,6.380000,1,1,1,,0.000000,6.380000,6.380000,False,locked_holdout,False,admitted_exploratory
CHEMBL2153629,BMVNEXDBQUNWCE-UHFFFAOYSA-N,pBind_Ki,,6.510000,1,1,1,,0.000000,6.510000,6.510000,False,development,False,admitted_exploratory
CHEMBL2165804,MNUJNGGYFNZUNB-UHFFFAOYSA-N,pBind_Ki,antagonist,7.245000,2,2,2,2.114249,1.495000,5.750000,8.740000,True,development,False,admitted_exploratory
CHEMBL225459,OXLUZSPXALFOBX-NVQRDWNXSA-N,pBind_Ki,,6.820000,1,1,1,,0.000000,6.820000,6.820000,False,development,False,admitted_exploratory
CHEMBL225459,OXLUZSPXALFOBX-NVQRDWNXSA-N,pFunc_agonism,agonist,7.400000,1,1,1,,0.000000,7.400000,7.400000,False,development,False,admitted_exploratory
CHEMBL2382434,QMBOZLGNPMVERZ-UHFFFAOYSA-N,pBind_Ki,,7.400000,1,1,1,,0.000000,7.400000,7.400000,False,development,False,admitted_exploratory
CHEMBL259105,XICBEZUAIRPALD-UHFFFAOYSA-N,pBind_Ki,,6.370000,1,1,1,,0.000000,6.370000,6.370000,False,locked_holdout,False,admitted_exploratory
CHEMBL259580,SLHFRTFEGMLRBP-UHFFFAOYSA-N,pBind_Ki,,6.330000,1,1,1,,0.000000,6.330000,6.330000,False,development,False,admitted_exploratory
CHEMBL261482,MYNRELUCFAQMFC-QRIDJOKKSA-N,pBind_Ki,,7.300000,2,2,2,0.000000,0.000000,7.300000,7.300000,False,development,False,admitted_exploratory
CHEMBL261482,MYNRELUCFAQMFC-QRIDJOKKSA-N,pFunc_agonism,agonist,7.640000,1,1,1,,0.000000,7.640000,7.640000,False,development,False,admitted_exploratory
CHEMBL270654,ZKEREZNJKGRMFY-UHFFFAOYSA-N,pBind_Ki,,9.000000,1,1,1,,0.000000,9.000000,9.000000,False,development,False,admitted_exploratory
CHEMBL270654,ZKEREZNJKGRMFY-UHFFFAOYSA-N,pFunc_inhibition,antagonist,7.000000,1,1,1,,0.000000,7.000000,7.000000,False,development,False,admitted_exploratory
CHEMBL294223,NHADJLJUOVTRKS-UHFFFAOYSA-N,pBind_Ki,,5.450000,1,1,1,,0.000000,5.450000,5.450000,False,development,False,admitted_exploratory
CHEMBL3235280,DMDJTLNTJHFQMG-UHFFFAOYSA-N,pFunc_agonism,agonist,8.520000,1,1,1,,0.000000,8.520000,8.520000,False,development,False,admitted_exploratory
CHEMBL3317574,QXNZRRSDCMNJDB-UHFFFAOYSA-N,pBind_Ki,,7.260000,2,2,2,0.000000,0.000000,7.260000,7.260000,False,development,False,admitted_exploratory
CHEMBL3317574,QXNZRRSDCMNJDB-UHFFFAOYSA-N,pBind_Ki,antagonist,7.260000,1,1,1,,0.000000,7.260000,7.260000,False,development,False,admitted_exploratory
CHEMBL3317574,QXNZRRSDCMNJDB-UHFFFAOYSA-N,pFunc_inhibition,antagonist,6.370000,1,1,1,,0.000000,6.370000,6.370000,False,development,False,admitted_exploratory
CHEMBL3335523,FDVZSKDDSYLYNX-YRIIQKNPSA-N,pBind_Ki,,7.640000,1,1,1,,0.000000,7.640000,7.640000,False,development,False,admitted_exploratory
CHEMBL3335523,FDVZSKDDSYLYNX-YRIIQKNPSA-N,pFunc_agonism,agonist,8.230000,1,1,1,,0.000000,8.230000,8.230000,False,development,False,admitted_exploratory
CHEMBL3414573,CBDPEPRMHBCTEB-QPXQOZNCSA-N,pBind_Ki,,7.580000,1,1,1,,0.000000,7.580000,7.580000,False,development,False,admitted_exploratory
CHEMBL3414573,CBDPEPRMHBCTEB-QPXQOZNCSA-N,pFunc_agonism,agonist,7.420000,1,1,1,,0.000000,7.420000,7.420000,False,development,False,admitted_exploratory
CHEMBL3414940,DEVAFUMPTPLYOY-BQVMBELUSA-N,pBind_Ki,,6.935000,2,2,2,0.134350,0.095000,6.840000,7.030000,False,development,False,admitted_exploratory
CHEMBL3414940,DEVAFUMPTPLYOY-BQVMBELUSA-N,pFunc_agonism,agonist,7.840000,2,2,2,0.240416,0.170000,7.670000,8.010000,False,development,False,admitted_exploratory
CHEMBL3414941,IRRXNCFETDOCCQ-AEISUSGSSA-N,pBind_Ki,,6.885000,2,2,2,0.459619,0.325000,6.560000,7.210000,False,development,False,admitted_exploratory
CHEMBL3414941,IRRXNCFETDOCCQ-AEISUSGSSA-N,pFunc_agonism,agonist,7.975000,2,2,2,0.431335,0.305000,7.670000,8.280000,False,development,False,admitted_exploratory
CHEMBL3414946,SLEKQRJDUVSCPY-MOROJQBDSA-N,pBind_Ki,,7.110000,1,1,1,,0.000000,7.110000,7.110000,False,development,False,admitted_exploratory
CHEMBL3414946,SLEKQRJDUVSCPY-MOROJQBDSA-N,pFunc_agonism,agonist,8.080000,1,1,1,,0.000000,8.080000,8.080000,False,development,False,admitted_exploratory
CHEMBL3416776,APKBJUYYYJBSCQ-CMCWBKRRSA-N,pBind_Ki,,6.620000,1,1,1,,0.000000,6.620000,6.620000,False,development,False,admitted_exploratory
CHEMBL3416776,APKBJUYYYJBSCQ-CMCWBKRRSA-N,pFunc_agonism,agonist,6.360000,1,1,1,,0.000000,6.360000,6.360000,False,development,False,admitted_exploratory
CHEMBL3416777,KOEBHQWXJSXWRR-CMCWBKRRSA-N,pBind_Ki,,6.180000,1,1,1,,0.000000,6.180000,6.180000,False,locked_holdout,False,admitted_exploratory
CHEMBL3416777,KOEBHQWXJSXWRR-CMCWBKRRSA-N,pFunc_agonism,agonist,6.080000,1,1,1,,0.000000,6.080000,6.080000,False,locked_holdout,False,admitted_exploratory
CHEMBL3416778,GLQXBKNCFOACJO-UGCAPWQASA-N,pBind_Ki,,6.010000,1,1,1,,0.000000,6.010000,6.010000,False,locked_holdout,False,admitted_exploratory
CHEMBL3416778,GLQXBKNCFOACJO-UGCAPWQASA-N,pFunc_agonism,agonist,5.750000,1,1,1,,0.000000,5.750000,5.750000,False,locked_holdout,False,admitted_exploratory
CHEMBL3416805,BMVQYTBZDSZAEL-NLJXWPIHSA-N,pBind_Ki,,6.130000,1,1,1,,0.000000,6.130000,6.130000,False,locked_holdout,False,admitted_exploratory
CHEMBL3416810,GDLSEFIWYFWPFI-YRIIQKNPSA-N,pBind_Ki,,7.790000,1,1,1,,0.000000,7.790000,7.790000,False,development,False,admitted_exploratory
CHEMBL3416810,GDLSEFIWYFWPFI-YRIIQKNPSA-N,pFunc_agonism,agonist,7.570000,1,1,1,,0.000000,7.570000,7.570000,False,development,False,admitted_exploratory
CHEMBL372148,FTVRDQDWDBZPQP-UHFFFAOYSA-N,pBind_Ki,,5.580000,1,1,1,,0.000000,5.580000,5.580000,False,development,False,admitted_exploratory
CHEMBL3740939,XACFFOLLZVHOCM-QRIDJOKKSA-N,pBind_Ki,,5.430000,1,1,1,,0.000000,5.430000,5.430000,False,development,False,admitted_exploratory
CHEMBL3827859,LKZCACKRMPMZHI-UHFFFAOYSA-N,pBind_Ki,,6.250000,1,1,1,,0.000000,6.250000,6.250000,False,development,False,admitted_exploratory
CHEMBL398272,NPNLXWRCDBORLG-UHFFFAOYSA-N,pBind_Ki,,9.050000,2,2,2,0.000000,0.000000,9.050000,9.050000,False,development,False,admitted_exploratory
CHEMBL398272,NPNLXWRCDBORLG-UHFFFAOYSA-N,pFunc_inhibition,antagonist,6.990000,1,1,1,,0.000000,6.990000,6.990000,False,development,False,admitted_exploratory
CHEMBL4059961,WTSRCKFFAWSKBH-MOROJQBDSA-N,pBind_Ki,,7.240000,1,1,1,,0.000000,7.240000,7.240000,False,locked_holdout,False,admitted_exploratory
CHEMBL4059961,WTSRCKFFAWSKBH-MOROJQBDSA-N,pFunc_agonism,agonist,7.880000,1,1,1,,0.000000,7.880000,7.880000,False,locked_holdout,False,admitted_exploratory
CHEMBL4064795,SHMHGBZUFQHAIL-UHFFFAOYSA-N,pBind_Ki,,8.540000,1,1,1,,0.000000,8.540000,8.540000,False,development,False,admitted_exploratory
CHEMBL4064795,SHMHGBZUFQHAIL-UHFFFAOYSA-N,pBind_Ki,antagonist,8.540000,1,1,1,,0.000000,8.540000,8.540000,False,development,False,admitted_exploratory
CHEMBL4064795,SHMHGBZUFQHAIL-UHFFFAOYSA-N,pFunc_inhibition,antagonist,7.010000,1,1,1,,0.000000,7.010000,7.010000,False,development,False,admitted_exploratory
CHEMBL4076003,VLAOLJRMDZJSLN-PFHKOEEOSA-N,pBind_Ki,,6.470000,1,1,1,,0.000000,6.470000,6.470000,False,development,False,admitted_exploratory
CHEMBL4076003,VLAOLJRMDZJSLN-PFHKOEEOSA-N,pFunc_agonism,agonist,7.260000,1,1,1,,0.000000,7.260000,7.260000,False,development,False,admitted_exploratory
CHEMBL4087306,JHUFDJIJVKFFOF-MEQWQQMJSA-N,pBind_Ki,,6.950000,1,1,1,,0.000000,6.950000,6.950000,False,locked_holdout,False,admitted_exploratory
CHEMBL4087306,JHUFDJIJVKFFOF-MEQWQQMJSA-N,pFunc_agonism,agonist,7.780000,1,1,1,,0.000000,7.780000,7.780000,False,locked_holdout,False,admitted_exploratory
CHEMBL4104819,XLCQNEBOQXQNGA-IYRWRCLLSA-N,pFunc_agonism,agonist,6.410000,1,1,1,,0.000000,6.410000,6.410000,False,development,False,admitted_exploratory
CHEMBL4128848,UYANATZTFXSNEV-UHFFFAOYSA-N,pBind_Ki,,7.000000,1,1,1,,0.000000,7.000000,7.000000,False,development,False,admitted_exploratory
CHEMBL4203542,HZAQUZWWTITTFO-UHFFFAOYSA-N,pBind_Ki,,9.400000,1,1,1,,0.000000,9.400000,9.400000,False,development,False,admitted_exploratory
CHEMBL4204531,WTSGLQVSVKYTNF-UHFFFAOYSA-N,pBind_Ki,,9.300000,1,1,1,,0.000000,9.300000,9.300000,False,development,False,admitted_exploratory
CHEMBL4205884,DSELQYYUAIUYPA-UHFFFAOYSA-N,pBind_Ki,,9.520000,1,1,1,,0.000000,9.520000,9.520000,False,development,False,admitted_exploratory
CHEMBL4207839,ZDTKVDOJSNWXML-UHFFFAOYSA-N,pBind_Ki,,8.700000,1,1,1,,0.000000,8.700000,8.700000,False,development,False,admitted_exploratory
CHEMBL4207914,VJHSRYVQSIZZOS-UHFFFAOYSA-N,pBind_Ki,,9.520000,1,1,1,,0.000000,9.520000,9.520000,False,development,False,admitted_exploratory
CHEMBL4212810,YOXUINAHBUOBMU-UHFFFAOYSA-N,pBind_Ki,,8.920000,1,1,1,,0.000000,8.920000,8.920000,False,development,False,admitted_exploratory
CHEMBL4284097,DFHJRVMQONSFPQ-UHFFFAOYSA-N,pBind_Ki,,6.320000,1,1,1,,0.000000,6.320000,6.320000,False,development,False,admitted_exploratory
CHEMBL4284097,DFHJRVMQONSFPQ-UHFFFAOYSA-N,pFunc_inhibition,antagonist,6.600000,1,1,1,,0.000000,6.600000,6.600000,False,development,False,admitted_exploratory
CHEMBL4284595,CFHKTWHFWORIBL-UHFFFAOYSA-N,pBind_Ki,,7.400000,1,1,1,,0.000000,7.400000,7.400000,False,development,False,admitted_exploratory
CHEMBL4284595,CFHKTWHFWORIBL-UHFFFAOYSA-N,pBind_Ki,antagonist,7.400000,1,1,1,,0.000000,7.400000,7.400000,False,development,False,admitted_exploratory
CHEMBL4284595,CFHKTWHFWORIBL-UHFFFAOYSA-N,pFunc_inhibition,antagonist,7.150000,2,2,2,0.000000,0.000000,7.150000,7.150000,False,development,False,admitted_exploratory
CHEMBL4287056,HGXZSQKJGZKRPF-UHFFFAOYSA-N,pBind_Ki,,6.680000,1,1,1,,0.000000,6.680000,6.680000,False,locked_holdout,False,admitted_exploratory
CHEMBL4287056,HGXZSQKJGZKRPF-UHFFFAOYSA-N,pFunc_inhibition,antagonist,6.310000,1,1,1,,0.000000,6.310000,6.310000,False,locked_holdout,False,admitted_exploratory
CHEMBL4294888,HBQGBAGFDWWJPZ-QGOAFFKASA-N,pBind_Ki,,7.610000,1,1,1,,0.000000,7.610000,7.610000,False,development,False,admitted_exploratory
CHEMBL4297184,KURQKNMKCGYWRJ-HNNXBMFYSA-N,pBind_Ki,,8.480000,1,1,1,,0.000000,8.480000,8.480000,False,development,False,admitted_exploratory
CHEMBL4297184,KURQKNMKCGYWRJ-HNNXBMFYSA-N,pBind_Ki,antagonist,8.470000,1,1,1,,0.000000,8.470000,8.470000,False,development,False,admitted_exploratory
CHEMBL4297184,KURQKNMKCGYWRJ-HNNXBMFYSA-N,pFunc_inhibition,antagonist,7.080000,6,6,3,0.768444,0.050000,5.470000,7.770000,True,development,False,admitted_exploratory
CHEMBL4440752,RCHMOBFVVHVEGJ-UHFFFAOYSA-N,pBind_Ki,,7.620000,1,1,1,,0.000000,7.620000,7.620000,False,development,False,admitted_exploratory
CHEMBL4440752,RCHMOBFVVHVEGJ-UHFFFAOYSA-N,pFunc_inhibition,antagonist,7.080000,1,1,1,,0.000000,7.080000,7.080000,False,development,False,admitted_exploratory
CHEMBL4451303,GEMWFQCNZGPNFF-OAHLLOKOSA-N,pBind_Ki,,6.220000,1,1,1,,0.000000,6.220000,6.220000,False,locked_holdout,False,admitted_exploratory
CHEMBL447664,HQSBCDPYXDGTCL-UHFFFAOYSA-N,pBind_Ki,,8.890000,1,1,1,,0.000000,8.890000,8.890000,False,development,False,admitted_exploratory
CHEMBL447664,HQSBCDPYXDGTCL-UHFFFAOYSA-N,pBind_Ki,antagonist,9.100000,1,1,1,,0.000000,9.100000,9.100000,False,development,False,admitted_exploratory
CHEMBL4529321,IFAWCWLECSSPBT-UHFFFAOYSA-N,pBind_Ki,,8.790000,1,1,1,,0.000000,8.790000,8.790000,False,development,False,admitted_exploratory
CHEMBL4529321,IFAWCWLECSSPBT-UHFFFAOYSA-N,pFunc_inhibition,antagonist,6.120000,1,1,1,,0.000000,6.120000,6.120000,False,development,False,admitted_exploratory
CHEMBL4540395,YQRZRTIMIDGUQW-UHFFFAOYSA-N,pBind_Ki,,6.690000,1,1,1,,0.000000,6.690000,6.690000,False,development,False,admitted_exploratory
CHEMBL4549506,ZQRIIWBOYPCWHS-UHFFFAOYSA-N,pBind_Ki,,6.660000,1,1,1,,0.000000,6.660000,6.660000,False,development,False,admitted_exploratory
CHEMBL4559969,YXLDLDOAWIUYIS-UHFFFAOYSA-N,pBind_Ki,,8.470000,1,1,1,,0.000000,8.470000,8.470000,False,development,False,admitted_exploratory
CHEMBL4559969,YXLDLDOAWIUYIS-UHFFFAOYSA-N,pFunc_inhibition,antagonist,6.520000,1,1,1,,0.000000,6.520000,6.520000,False,development,False,admitted_exploratory
CHEMBL457102,GHMVNUPBBMBPQG-UHFFFAOYSA-N,pBind_Ki,,7.920000,2,2,2,0.000000,0.000000,7.920000,7.920000,False,locked_holdout,False,admitted_exploratory
CHEMBL4582207,OOVWJQCYDXLQQI-UHFFFAOYSA-N,pBind_Ki,,6.640000,1,1,1,,0.000000,6.640000,6.640000,False,development,False,admitted_exploratory
CHEMBL458242,ZPOFECDYIXUBJD-UHFFFAOYSA-N,pBind_Ki,,8.640000,2,2,2,0.000000,0.000000,8.640000,8.640000,False,development,False,admitted_exploratory
CHEMBL458242,ZPOFECDYIXUBJD-UHFFFAOYSA-N,pFunc_inhibition,antagonist,7.155000,2,2,2,0.120208,0.085000,7.070000,7.240000,False,development,False,admitted_exploratory
CHEMBL4586743,GNROHNFPJCPGCQ-UHFFFAOYSA-N,pBind_Ki,,7.260000,1,1,1,,0.000000,7.260000,7.260000,False,locked_holdout,False,admitted_exploratory
CHEMBL4586743,GNROHNFPJCPGCQ-UHFFFAOYSA-N,pFunc_inhibition,antagonist,6.580000,1,1,1,,0.000000,6.580000,6.580000,False,locked_holdout,False,admitted_exploratory
CHEMBL461665,VVCBHFZICJIYTO-UHFFFAOYSA-N,pBind_Ki,,7.170000,1,1,1,,0.000000,7.170000,7.170000,False,development,False,admitted_exploratory
CHEMBL4740383,BUXIAWLTBSXYSW-UHFFFAOYSA-N,pFunc_inhibition,antagonist,8.120000,1,1,1,,0.000000,8.120000,8.120000,False,development,False,admitted_exploratory
CHEMBL477,OIRDTQYFTABQOQ-KQYNXXCUSA-N,pBind_Ki,,6.930000,2,2,2,1.088944,0.770000,6.160000,7.700000,True,locked_holdout,False,admitted_exploratory
CHEMBL477,OIRDTQYFTABQOQ-KQYNXXCUSA-N,pBind_Ki,antagonist,6.820000,1,1,1,,0.000000,6.820000,6.820000,False,locked_holdout,False,admitted_exploratory
CHEMBL477,OIRDTQYFTABQOQ-KQYNXXCUSA-N,pFunc_agonism,agonist,6.160000,4,4,4,0.010000,0.000000,6.140000,6.160000,False,locked_holdout,False,admitted_exploratory
CHEMBL4849795,NULDMQXOPYHTEN-UHFFFAOYSA-N,pFunc_inhibition,antagonist,7.510000,2,2,2,0.000000,0.000000,7.510000,7.510000,False,development,False,admitted_exploratory
CHEMBL4855390,PNJNWZKAPLPXAV-UHFFFAOYSA-N,pFunc_inhibition,antagonist,7.080000,1,1,1,,0.000000,7.080000,7.080000,False,development,False,admitted_exploratory
CHEMBL4855908,PBQNARNDMLPGRK-UHFFFAOYSA-N,pFunc_inhibition,antagonist,9.130000,1,1,1,,0.000000,9.130000,9.130000,False,development,False,admitted_exploratory
CHEMBL4858144,ZMVMIKHRMKEKHO-UHFFFAOYSA-N,pFunc_inhibition,antagonist,9.520000,1,1,1,,0.000000,9.520000,9.520000,False,development,False,admitted_exploratory
CHEMBL486162,CQMWNSQCEMHNIW-UHFFFAOYSA-N,pBind_Ki,,9.150000,1,1,1,,0.000000,9.150000,9.150000,False,locked_holdout,False,admitted_exploratory
CHEMBL486162,CQMWNSQCEMHNIW-UHFFFAOYSA-N,pFunc_inhibition,antagonist,8.150000,1,1,1,,0.000000,8.150000,8.150000,False,locked_holdout,False,admitted_exploratory
CHEMBL4862010,GJIKYVGVZVLJJP-UHFFFAOYSA-N,pFunc_inhibition,antagonist,8.040000,1,1,1,,0.000000,8.040000,8.040000,False,development,False,admitted_exploratory
CHEMBL487554,UHHRYINUVNKFTA-UHFFFAOYSA-N,pBind_Ki,,9.330000,1,1,1,,0.000000,9.330000,9.330000,False,development,False,admitted_exploratory
CHEMBL487554,UHHRYINUVNKFTA-UHFFFAOYSA-N,pFunc_inhibition,antagonist,7.750000,1,1,1,,0.000000,7.750000,7.750000,False,development,False,admitted_exploratory
CHEMBL506250,BDULELAUBSFJFH-UHFFFAOYSA-N,pBind_Ki,,9.000000,1,1,1,,0.000000,9.000000,9.000000,False,development,False,admitted_exploratory
CHEMBL5074910,QJCIJBBTTGKSQT-UHFFFAOYSA-N,pFunc_inhibition,antagonist,5.990000,1,1,1,,0.000000,5.990000,5.990000,False,locked_holdout,False,admitted_exploratory
CHEMBL5075422,REBSCEKUSAWQBZ-UHFFFAOYSA-N,pBind_Ki,antagonist,8.250000,1,1,1,,0.000000,8.250000,8.250000,False,locked_holdout,False,admitted_exploratory
CHEMBL5075422,REBSCEKUSAWQBZ-UHFFFAOYSA-N,pFunc_inhibition,antagonist,8.240000,1,1,1,,0.000000,8.240000,8.240000,False,locked_holdout,False,admitted_exploratory
CHEMBL5076939,KONIIWKRLZETBJ-UHFFFAOYSA-N,pFunc_inhibition,antagonist,5.660000,1,1,1,,0.000000,5.660000,5.660000,False,development,False,admitted_exploratory
CHEMBL5078181,CMWXSRYHPVUFTA-UHFFFAOYSA-N,pFunc_inhibition,antagonist,6.150000,1,1,1,,0.000000,6.150000,6.150000,False,development,False,admitted_exploratory
CHEMBL5081971,WALHSXGJSVIXLF-UHFFFAOYSA-N,pFunc_inhibition,antagonist,6.220000,1,1,1,,0.000000,6.220000,6.220000,False,locked_holdout,False,admitted_exploratory
CHEMBL5083868,MIBKLSWBYDFURE-UHFFFAOYSA-N,pFunc_inhibition,antagonist,6.010000,1,1,1,,0.000000,6.010000,6.010000,False,locked_holdout,False,admitted_exploratory
CHEMBL5090017,QLDKSNSJQOSBLD-HNNXBMFYSA-N,pFunc_inhibition,antagonist,8.080000,4,4,1,0.683295,0.050000,6.750000,8.180000,False,development,False,admitted_exploratory
CHEMBL5176737,QHIATACMHNLOEM-UHFFFAOYSA-N,pBind_Ki,antagonist,9.520000,1,1,1,,0.000000,9.520000,9.520000,False,locked_holdout,False,admitted_exploratory
CHEMBL5176737,QHIATACMHNLOEM-UHFFFAOYSA-N,pFunc_inhibition,antagonist,7.160000,1,1,1,,0.000000,7.160000,7.160000,False,locked_holdout,False,admitted_exploratory
CHEMBL5203469,MUHXGASCCALSAJ-PRIMNGNOSA-N,pBind_Ki,antagonist,7.925000,2,2,2,0.261630,0.185000,7.740000,8.110000,False,development,False,admitted_exploratory
CHEMBL5397080,GROXRDPKODZSRI-UHFFFAOYSA-N,pFunc_inhibition,antagonist,7.160000,1,1,1,,0.000000,7.160000,7.160000,False,development,False,admitted_exploratory
CHEMBL5439885,GRPFMWNVPJZROD-UHFFFAOYSA-N,pFunc_inhibition,antagonist,6.770000,1,1,1,,0.000000,6.770000,6.770000,False,development,False,admitted_exploratory
CHEMBL5556919,MYHYECFOCSQRBC-PRIMNGNOSA-N,pBind_Ki,,7.690000,1,1,1,,0.000000,7.690000,7.690000,False,development,False,admitted_exploratory
CHEMBL5561038,CUXKGZJSDUHGOJ-UHFFFAOYSA-N,pBind_Ki,,8.300000,1,1,1,,0.000000,8.300000,8.300000,False,development,False,admitted_exploratory
CHEMBL5562893,VZXSLMMZUNIHCA-UHFFFAOYSA-N,pFunc_inhibition,antagonist,8.045000,2,2,1,0.134350,0.095000,7.950000,8.140000,False,development,False,admitted_exploratory
CHEMBL600794,YCIKPGUSEZZDGL-UHFFFAOYSA-N,pBind_Ki,antagonist,5.570000,1,1,1,,0.000000,5.570000,5.570000,False,development,False,admitted_exploratory
CHEMBL600819,VJCANGHIFSKRFF-UHFFFAOYSA-N,pBind_Ki,antagonist,6.200000,1,1,1,,0.000000,6.200000,6.200000,False,development,False,admitted_exploratory
CHEMBL601413,YHFDPEYHDOTAOT-UHFFFAOYSA-N,pBind_Ki,antagonist,6.520000,1,1,1,,0.000000,6.520000,6.520000,False,development,False,admitted_exploratory
