chembl_id,molecule_name,curation_batch,proposed_class,ai_recommendation,recommended_evidence_tier,recommendation_confidence,functional_activity_rows,qualifying_activity_rows,qualifying_assays,primary_source_documents,warning_count,warnings,human_review_required,training_eligible
CHEMBL113142,ZM-241385,1,antagonist,provisional_accept_antagonist,tier_1,high,9,9,7,5,0,,True,False
CHEMBL477,ADENOSINE,1,agonist,provisional_accept_agonist,tier_1,high,5,5,5,2,0,,True,False
CHEMBL4297184,CIFORADENANT,1,antagonist,provisional_accept_antagonist,tier_1,high,8,8,8,3,0,,True,False
CHEMBL5203469,CHEMBL5203469,1,antagonist,provisional_accept_antagonist,tier_1,high,5,5,5,2,0,,True,False
CHEMBL4104819,CHEMBL4104819,1,agonist,provisional_accept_agonist,tier_1,high,4,4,4,2,0,,True,False
CHEMBL3414940,CHEMBL3414940,1,agonist,provisional_accept_agonist,tier_1,high,4,4,3,2,0,,True,False
CHEMBL3414941,CHEMBL3414941,1,agonist,provisional_accept_agonist,tier_1,high,4,4,3,2,0,,True,False
CHEMBL186113,GW-328267,1,agonist,needs_primary_source_review,unresolved,low,3,3,3,0,1,qualifying assay evidence is linked only to review/perspective-risk publications,True,False
CHEMBL1087189,CHEMBL1087189,1,antagonist,provisional_accept_antagonist,tier_1,moderate,2,2,2,1,0,,True,False
CHEMBL1095488,CHEMBL1095488,1,antagonist,provisional_accept_antagonist,tier_1,moderate,2,2,2,1,0,,True,False
CHEMBL17127,SCH-58261,1,antagonist,provisional_accept_antagonist,tier_1,high,2,2,2,2,0,,True,False
CHEMBL197669,ST1535,1,antagonist,provisional_accept_antagonist,tier_1,high,2,2,2,2,0,,True,False
CHEMBL3222055,CHEMBL3222055,1,antagonist,provisional_accept_antagonist,tier_1,moderate,2,2,2,1,0,,True,False
CHEMBL3222061,CHEMBL3222061,1,antagonist,provisional_accept_antagonist,tier_1,moderate,2,2,2,1,0,,True,False
CHEMBL3222062,CHEMBL3222062,1,antagonist,provisional_accept_antagonist,tier_1,moderate,2,2,2,1,0,,True,False
CHEMBL3317574,CHEMBL3317574,1,antagonist,provisional_accept_antagonist,tier_1,moderate,2,2,2,1,0,,True,False
CHEMBL4064795,CHEMBL4064795,1,antagonist,provisional_accept_antagonist,tier_1,moderate,2,2,2,1,0,,True,False
CHEMBL458242,CHEMBL458242,1,antagonist,provisional_accept_antagonist,tier_1,high,2,2,2,2,0,,True,False
CHEMBL4849795,CHEMBL4849795,1,antagonist,provisional_accept_antagonist,tier_1,moderate,2,2,2,1,0,,True,False
CHEMBL4063841,CHEMBL4063841,2,agonist,provisional_accept_agonist,tier_1,moderate,3,3,3,1,0,,True,False
CHEMBL5090017,CHEMBL5090017,2,antagonist,provisional_accept_antagonist,tier_1,moderate,4,4,4,1,0,,True,False
CHEMBL4072009,CHEMBL4072009,2,agonist,provisional_accept_agonist,tier_1,moderate,3,3,3,1,0,,True,False
CHEMBL5562893,CHEMBL5562893,2,antagonist,provisional_accept_antagonist,tier_1,moderate,4,4,4,1,0,,True,False
CHEMBL5397080,CHEMBL5397080,2,antagonist,provisional_accept_antagonist,tier_1,moderate,3,3,3,1,0,,True,False
CHEMBL5439885,CHEMBL5439885,2,antagonist,provisional_accept_antagonist,tier_1,moderate,3,3,3,1,0,,True,False
CHEMBL4075186,CHEMBL4075186,2,agonist,provisional_accept_agonist,tier_1,moderate,3,3,3,1,0,,True,False
CHEMBL5619355,CHEMBL5619355,2,antagonist,provisional_accept_antagonist,tier_1,moderate,3,3,3,1,0,,True,False
CHEMBL601413,CHEMBL601413,2,antagonist,provisional_accept_antagonist,tier_1,moderate,3,3,3,1,0,,True,False
CHEMBL4076495,CHEMBL4076495,2,agonist,provisional_accept_agonist,tier_1,moderate,3,3,3,1,0,,True,False
CHEMBL431770,ISTRADEFYLLINE,2,antagonist,provisional_accept_antagonist,tier_1,moderate,3,3,2,1,0,,True,False
CHEMBL2024116,CHEMBL2024116,2,antagonist,provisional_accept_antagonist,tier_1,moderate,2,2,2,1,0,,True,False
CHEMBL2382434,CHEMBL2382434,2,antagonist,provisional_accept_antagonist,tier_1,moderate,2,2,2,1,0,,True,False
CHEMBL4078771,CHEMBL4078771,2,agonist,provisional_accept_agonist,tier_1,moderate,3,3,3,1,0,,True,False
CHEMBL3827859,CHEMBL3827859,2,antagonist,provisional_accept_antagonist,tier_1,moderate,2,2,2,1,0,,True,False
CHEMBL3904408,CHEMBL3904408,2,antagonist,provisional_accept_antagonist,tier_1,moderate,2,2,2,1,0,,True,False
CHEMBL4081224,CHEMBL4081224,2,agonist,provisional_accept_agonist,tier_1,moderate,3,3,3,1,0,,True,False
CHEMBL4125975,CHEMBL4125975,2,antagonist,provisional_accept_antagonist,tier_1,moderate,2,2,2,1,0,,True,False
CHEMBL4126427,CHEMBL4126427,2,antagonist,provisional_accept_antagonist,tier_1,moderate,2,2,2,1,0,,True,False
CHEMBL4086624,CHEMBL4086624,2,agonist,provisional_accept_agonist,tier_1,moderate,3,3,3,1,0,,True,False
CHEMBL4127213,CHEMBL4127213,2,antagonist,provisional_accept_antagonist,tier_1,moderate,2,2,2,1,0,,True,False
CHEMBL5407903,CHEMBL5407903,2,antagonist,provisional_accept_antagonist,tier_1,moderate,2,2,2,1,0,,True,False
CHEMBL5410497,CHEMBL5410497,2,antagonist,provisional_accept_antagonist,tier_1,moderate,2,2,2,1,0,,True,False
CHEMBL4101850,CHEMBL4101850,2,agonist,provisional_accept_agonist,tier_1,moderate,3,3,3,1,0,,True,False
CHEMBL5425820,CHEMBL5425820,2,antagonist,provisional_accept_antagonist,tier_1,moderate,2,2,2,1,0,,True,False
CHEMBL5556919,CHEMBL5556919,2,antagonist,provisional_accept_antagonist,tier_1,moderate,2,2,2,1,0,,True,False
CHEMBL2070507,CHEMBL2070507,2,agonist,provisional_accept_agonist,tier_1,moderate,2,2,2,1,0,,True,False
CHEMBL555958,CHEMBL555958,2,antagonist,provisional_accept_antagonist,tier_1,moderate,2,2,2,1,0,,True,False
CHEMBL5561038,CHEMBL5561038,2,antagonist,provisional_accept_antagonist,tier_1,moderate,2,2,2,1,0,,True,False
CHEMBL5619272,CHEMBL5619272,2,antagonist,provisional_accept_antagonist,tier_1,moderate,2,2,2,1,0,,True,False
CHEMBL2070508,CHEMBL2070508,2,agonist,provisional_accept_agonist,tier_1,moderate,2,2,2,1,0,,True,False
CHEMBL5619520,CHEMBL5619520,2,antagonist,provisional_accept_antagonist,tier_1,moderate,2,2,2,1,0,,True,False
CHEMBL564084,CHEMBL564084,2,antagonist,provisional_accept_antagonist,tier_1,moderate,2,2,2,1,0,,True,False
CHEMBL3416801,CHEMBL3416801,2,agonist,provisional_accept_agonist,tier_1,moderate,2,2,2,1,0,,True,False
CHEMBL600794,CHEMBL600794,2,antagonist,provisional_accept_antagonist,tier_1,moderate,2,2,2,1,0,,True,False
CHEMBL600819,CHEMBL600819,2,antagonist,provisional_accept_antagonist,tier_1,moderate,2,2,2,1,0,,True,False
CHEMBL3416805,CHEMBL3416805,2,agonist,provisional_accept_agonist,tier_1,moderate,2,2,2,1,0,,True,False
CHEMBL136689,CHEMBL136689,2,antagonist,provisional_accept_antagonist,tier_1,moderate,2,2,1,1,0,,True,False
CHEMBL2381765,CHEMBL2381765,2,antagonist,provisional_accept_antagonist,tier_1,moderate,2,2,1,1,0,,True,False
CHEMBL4159215,CHEMBL4159215,2,antagonist,provisional_accept_antagonist,tier_1,moderate,2,2,1,1,0,,True,False
CHEMBL3740939,CHEMBL3740939,2,agonist,provisional_accept_agonist,tier_1,moderate,2,2,2,1,0,,True,False
CHEMBL4167557,CHEMBL4167557,2,antagonist,provisional_accept_antagonist,tier_1,moderate,2,2,1,1,0,,True,False
CHEMBL506250,CHEMBL506250,2,antagonist,provisional_accept_antagonist,tier_1,moderate,2,2,1,1,0,,True,False
CHEMBL3741393,CHEMBL3741393,2,agonist,provisional_accept_agonist,tier_1,moderate,2,2,2,1,0,,True,False
CHEMBL5073669,CHEMBL5073669,2,antagonist,provisional_accept_antagonist,tier_1,moderate,2,2,1,1,0,,True,False
CHEMBL5076572,CHEMBL5076572,2,antagonist,provisional_accept_antagonist,tier_1,moderate,2,2,1,1,0,,True,False
CHEMBL3771208,CHEMBL3771208,2,agonist,provisional_accept_agonist,tier_1,moderate,2,2,2,1,0,,True,False
CHEMBL5176737,CHEMBL5176737,2,antagonist,provisional_accept_antagonist,tier_1,moderate,2,2,1,1,0,,True,False
CHEMBL1076503,CHEMBL1076503,2,antagonist,provisional_accept_antagonist,tier_1,moderate,1,1,1,1,0,,True,False
CHEMBL1076504,CHEMBL1076504,2,antagonist,provisional_accept_antagonist,tier_1,moderate,1,1,1,1,0,,True,False
CHEMBL4059961,CHEMBL4059961,2,agonist,provisional_accept_agonist,tier_1,moderate,2,2,2,1,0,,True,False
CHEMBL1077749,CHEMBL1077749,3,antagonist,provisional_accept_antagonist,tier_1,moderate,1,1,1,1,0,,True,False
CHEMBL1077902,CHEMBL1077902,3,antagonist,provisional_accept_antagonist,tier_1,moderate,1,1,1,1,0,,True,False
CHEMBL4076003,CHEMBL4076003,3,agonist,provisional_accept_agonist,tier_1,moderate,2,2,2,1,0,,True,False
CHEMBL1078001,CHEMBL1078001,3,antagonist,provisional_accept_antagonist,tier_1,moderate,1,1,1,1,0,,True,False
CHEMBL1078085,CHEMBL1078085,3,antagonist,provisional_accept_antagonist,tier_1,moderate,1,1,1,1,0,,True,False
CHEMBL1079141,CHEMBL1079141,3,antagonist,provisional_accept_antagonist,tier_1,moderate,1,1,1,1,0,,True,False
CHEMBL4087306,CHEMBL4087306,3,agonist,provisional_accept_agonist,tier_1,moderate,2,2,2,1,0,,True,False
CHEMBL1082063,CHEMBL1082063,3,antagonist,provisional_accept_antagonist,tier_1,moderate,1,1,1,1,0,,True,False
CHEMBL1087185,CHEMBL1087185,3,antagonist,provisional_accept_antagonist,tier_1,moderate,1,1,1,1,0,,True,False
CHEMBL4451303,CHEMBL4451303,3,agonist,provisional_accept_agonist,tier_1,moderate,2,2,2,1,0,,True,False
CHEMBL1092270,CHEMBL1092270,3,antagonist,provisional_accept_antagonist,tier_1,moderate,1,1,1,1,0,,True,False
CHEMBL1095999,CHEMBL1095999,3,antagonist,needs_primary_source_review,unresolved,low,1,1,1,0,1,qualifying assay evidence is linked only to review/perspective-risk publications,True,False
CHEMBL4540395,CHEMBL4540395,3,agonist,provisional_accept_agonist,tier_1,moderate,2,2,2,1,0,,True,False
CHEMBL1097859,CHEMBL1097859,3,antagonist,provisional_accept_antagonist,tier_1,moderate,1,1,1,1,0,,True,False
CHEMBL113,CAFFEINE,3,antagonist,provisional_accept_antagonist,tier_1,moderate,1,1,1,1,0,,True,False
CHEMBL1258170,CHEMBL1258170,3,antagonist,reject_or_resolve,excluded,low,1,0,0,0,1,activity 3498256: organism is missing,True,False
CHEMBL4549506,CHEMBL4549506,3,agonist,provisional_accept_agonist,tier_1,moderate,2,2,2,1,0,,True,False
CHEMBL1460863,CHEMBL1460863,3,antagonist,provisional_accept_antagonist,tier_1,moderate,1,1,1,1,0,,True,False
CHEMBL1561896,CHEMBL1561896,3,antagonist,provisional_accept_antagonist,tier_1,moderate,1,1,1,1,0,,True,False
CHEMBL4582207,CHEMBL4582207,3,agonist,provisional_accept_agonist,tier_1,moderate,2,2,2,1,0,,True,False
CHEMBL1587915,CHEMBL1587915,3,antagonist,provisional_accept_antagonist,tier_1,moderate,1,1,1,1,0,,True,False
CHEMBL1671936,CHEMBL1671936,3,antagonist,provisional_accept_antagonist,tier_1,moderate,1,1,1,1,0,,True,False
CHEMBL183,"1,3-DIPROPYL-8-CYCLOPENTYLXANTHINE [DPCPX]",3,antagonist,provisional_accept_antagonist,tier_1,moderate,1,1,1,1,0,,True,False
CHEMBL5171042,CHEMBL5171042,3,agonist,provisional_accept_agonist,tier_1,moderate,2,2,2,1,0,,True,False
CHEMBL197606,CHEMBL197606,3,antagonist,provisional_accept_antagonist,tier_1,moderate,1,1,1,1,0,,True,False
CHEMBL1990267,CHEMBL1990267,3,antagonist,provisional_accept_antagonist,tier_1,moderate,1,1,1,1,0,,True,False
CHEMBL3414942,CHEMBL3414942,3,agonist,provisional_accept_agonist,tier_1,moderate,2,2,1,1,0,,True,False
CHEMBL199446,CHEMBL199446,3,antagonist,provisional_accept_antagonist,tier_1,moderate,1,1,1,1,0,,True,False
CHEMBL201217,CHEMBL201217,3,antagonist,provisional_accept_antagonist,tier_1,moderate,1,1,1,1,0,,True,False
CHEMBL3414944,CHEMBL3414944,3,agonist,provisional_accept_agonist,tier_1,moderate,2,2,1,1,0,,True,False
CHEMBL2042059,CHEMBL2042059,3,antagonist,provisional_accept_antagonist,tier_1,moderate,1,1,1,1,0,,True,False
CHEMBL2042062,CHEMBL2042062,3,antagonist,provisional_accept_antagonist,tier_1,moderate,1,1,1,1,0,,True,False
CHEMBL2042073,CHEMBL2042073,3,antagonist,provisional_accept_antagonist,tier_1,moderate,1,1,1,1,0,,True,False
CHEMBL3414946,CHEMBL3414946,3,agonist,provisional_accept_agonist,tier_1,moderate,2,2,1,1,0,,True,False
CHEMBL2042081,CHEMBL2042081,3,antagonist,provisional_accept_antagonist,tier_1,moderate,1,1,1,1,0,,True,False
CHEMBL2153620,CHEMBL2153620,3,antagonist,provisional_accept_antagonist,tier_1,moderate,1,1,1,1,0,,True,False
CHEMBL119709,IB-MECA,3,agonist,provisional_accept_agonist,tier_1,moderate,1,1,1,1,0,,True,False
CHEMBL2153627,CHEMBL2153627,3,antagonist,provisional_accept_antagonist,tier_1,moderate,1,1,1,1,0,,True,False
CHEMBL2153629,CHEMBL2153629,3,antagonist,provisional_accept_antagonist,tier_1,moderate,1,1,1,1,0,,True,False
CHEMBL122396,CHEMBL122396,3,agonist,provisional_accept_agonist,tier_1,moderate,1,1,1,1,0,,True,False
CHEMBL2165799,CHEMBL2165799,3,antagonist,provisional_accept_antagonist,tier_1,moderate,1,1,1,1,0,,True,False
CHEMBL2165804,CHEMBL2165804,3,antagonist,provisional_accept_antagonist,tier_1,moderate,1,1,1,1,0,,True,False
CHEMBL2165806,CHEMBL2165806,3,antagonist,provisional_accept_antagonist,tier_1,moderate,1,1,1,1,0,,True,False
CHEMBL1417210,CHEMBL1417210,3,agonist,provisional_accept_agonist,tier_1,moderate,1,1,1,1,0,,True,False
CHEMBL2377086,CHEMBL2377086,3,antagonist,provisional_accept_antagonist,tier_1,moderate,1,1,1,1,0,,True,False
CHEMBL2377087,CHEMBL2377087,3,antagonist,provisional_accept_antagonist,tier_1,moderate,1,1,1,1,0,,True,False
CHEMBL1573515,CHEMBL1573515,3,agonist,provisional_accept_agonist,tier_1,moderate,1,1,1,1,0,,True,False
CHEMBL2377088,CHEMBL2377088,3,antagonist,provisional_accept_antagonist,tier_1,moderate,1,1,1,1,0,,True,False
CHEMBL2377089,CHEMBL2377089,3,antagonist,provisional_accept_antagonist,tier_1,moderate,1,1,1,1,0,,True,False
CHEMBL2377095,CHEMBL2377095,3,antagonist,provisional_accept_antagonist,tier_1,moderate,1,1,1,1,0,,True,False
CHEMBL1950653,CHEMBL1950653,4,agonist,provisional_accept_agonist,tier_1,moderate,1,1,1,1,0,,True,False
CHEMBL2377096,CHEMBL2377096,4,antagonist,provisional_accept_antagonist,tier_1,moderate,1,1,1,1,0,,True,False
CHEMBL2377108,CHEMBL2377108,4,antagonist,provisional_accept_antagonist,tier_1,moderate,1,1,1,1,0,,True,False
CHEMBL1950655,CHEMBL1950655,4,agonist,provisional_accept_agonist,tier_1,moderate,1,1,1,1,0,,True,False
CHEMBL2377223,CHEMBL2377223,4,antagonist,provisional_accept_antagonist,tier_1,moderate,1,1,1,1,0,,True,False
CHEMBL2377235,CHEMBL2377235,4,antagonist,provisional_accept_antagonist,tier_1,moderate,1,1,1,1,0,,True,False
CHEMBL1950665,CHEMBL1950665,4,agonist,provisional_accept_agonist,tier_1,moderate,1,1,1,1,0,,True,False
CHEMBL2377236,CHEMBL2377236,4,antagonist,provisional_accept_antagonist,tier_1,moderate,1,1,1,1,0,,True,False
CHEMBL2377238,CHEMBL2377238,4,antagonist,provisional_accept_antagonist,tier_1,moderate,1,1,1,1,0,,True,False
CHEMBL240624,PRELADENANT,4,antagonist,provisional_accept_antagonist,tier_1,moderate,1,1,1,1,0,,True,False
CHEMBL2042301,CHEMBL2042301,4,agonist,provisional_accept_agonist,tier_1,moderate,1,1,1,1,0,,True,False
CHEMBL259105,CHEMBL259105,4,antagonist,provisional_accept_antagonist,tier_1,moderate,1,1,1,1,0,,True,False
CHEMBL259580,CHEMBL259580,4,antagonist,provisional_accept_antagonist,tier_1,moderate,1,1,1,1,0,,True,False
CHEMBL2042303,CHEMBL2042303,4,agonist,provisional_accept_agonist,tier_1,moderate,1,1,1,1,0,,True,False
CHEMBL270654,CHEMBL270654,4,antagonist,provisional_accept_antagonist,tier_1,moderate,1,1,1,1,0,,True,False
CHEMBL273094,XANTHINE AMINE CONGENER,4,antagonist,provisional_accept_antagonist,tier_1,moderate,1,1,1,1,0,,True,False
CHEMBL294223,CHEMBL294223,4,antagonist,provisional_accept_antagonist,tier_1,moderate,1,1,1,1,0,,True,False
CHEMBL2042304,CHEMBL2042304,4,agonist,provisional_accept_agonist,tier_1,moderate,1,1,1,1,0,,True,False
CHEMBL3217867,CHEMBL3217867,4,antagonist,provisional_accept_antagonist,tier_1,moderate,1,1,1,1,0,,True,False
CHEMBL3222049,CHEMBL3222049,4,antagonist,provisional_accept_antagonist,tier_1,moderate,1,1,1,1,0,,True,False
CHEMBL2042305,CHEMBL2042305,4,agonist,provisional_accept_agonist,tier_1,moderate,1,1,1,1,0,,True,False
CHEMBL3222051,CHEMBL3222051,4,antagonist,provisional_accept_antagonist,tier_1,moderate,1,1,1,1,0,,True,False
CHEMBL3222054,CHEMBL3222054,4,antagonist,provisional_accept_antagonist,tier_1,moderate,1,1,1,1,0,,True,False
CHEMBL2042308,CHEMBL2042308,4,agonist,provisional_accept_agonist,tier_1,moderate,1,1,1,1,0,,True,False
CHEMBL3222057,CHEMBL3222057,4,antagonist,provisional_accept_antagonist,tier_1,moderate,1,1,1,1,0,,True,False
CHEMBL3222064,CHEMBL3222064,4,antagonist,provisional_accept_antagonist,tier_1,moderate,1,1,1,1,0,,True,False
CHEMBL3222102,CHEMBL3222102,4,antagonist,provisional_accept_antagonist,tier_1,moderate,1,1,1,1,0,,True,False
CHEMBL2042310,CHEMBL2042310,4,agonist,provisional_accept_agonist,tier_1,moderate,1,1,1,1,0,,True,False
CHEMBL372148,CHEMBL372148,4,antagonist,provisional_accept_antagonist,tier_1,moderate,1,1,1,1,0,,True,False
CHEMBL398272,CHEMBL398272,4,antagonist,provisional_accept_antagonist,tier_1,moderate,1,1,1,1,0,,True,False
CHEMBL216392,CHEMBL216392,4,agonist,provisional_accept_agonist,tier_1,moderate,1,1,1,1,0,,True,False
CHEMBL4064207,CHEMBL4064207,4,antagonist,needs_primary_source_review,unresolved,low,1,1,1,0,1,qualifying assay evidence is linked only to review/perspective-risk publications,True,False
CHEMBL4065326,CHEMBL4065326,4,antagonist,needs_primary_source_review,unresolved,low,1,1,1,0,1,qualifying assay evidence is linked only to review/perspective-risk publications,True,False
CHEMBL218326,CHEMBL218326,4,agonist,provisional_accept_agonist,tier_1,moderate,1,1,1,1,0,,True,False
CHEMBL4128848,CHEMBL4128848,4,antagonist,provisional_accept_antagonist,tier_1,moderate,1,1,1,1,0,,True,False
CHEMBL4203542,CHEMBL4203542,4,antagonist,provisional_accept_antagonist,tier_1,moderate,1,1,1,1,0,,True,False
CHEMBL4204531,CHEMBL4204531,4,antagonist,provisional_accept_antagonist,tier_1,moderate,1,1,1,1,0,,True,False
CHEMBL219055,CHEMBL219055,4,agonist,provisional_accept_agonist,tier_1,moderate,1,1,1,1,0,,True,False
CHEMBL4205884,CHEMBL4205884,4,antagonist,provisional_accept_antagonist,tier_1,moderate,1,1,1,1,0,,True,False
CHEMBL4207839,CHEMBL4207839,4,antagonist,provisional_accept_antagonist,tier_1,moderate,1,1,1,1,0,,True,False
CHEMBL219256,CHEMBL219256,4,agonist,provisional_accept_agonist,tier_1,moderate,1,1,1,1,0,,True,False
CHEMBL4207914,CHEMBL4207914,4,antagonist,provisional_accept_antagonist,tier_1,moderate,1,1,1,1,0,,True,False
CHEMBL4212810,CHEMBL4212810,4,antagonist,provisional_accept_antagonist,tier_1,moderate,1,1,1,1,0,,True,False
CHEMBL4212821,CHEMBL4212821,4,antagonist,provisional_accept_antagonist,tier_1,moderate,1,1,1,1,0,,True,False
CHEMBL225368,CHEMBL225368,4,agonist,provisional_accept_agonist,tier_1,moderate,1,1,1,1,0,,True,False
CHEMBL4284097,CHEMBL4284097,4,antagonist,provisional_accept_antagonist,tier_1,moderate,1,1,1,1,0,,True,False
CHEMBL4284595,CHEMBL4284595,4,antagonist,provisional_accept_antagonist,tier_1,moderate,1,1,1,1,0,,True,False
CHEMBL225459,CHEMBL225459,4,agonist,provisional_accept_agonist,tier_1,moderate,1,1,1,1,0,,True,False
CHEMBL4287056,CHEMBL4287056,4,antagonist,provisional_accept_antagonist,tier_1,moderate,1,1,1,1,0,,True,False
CHEMBL4294888,CHEMBL4294888,4,antagonist,provisional_accept_antagonist,tier_1,moderate,1,1,1,1,0,,True,False
CHEMBL226694,CHEMBL226694,5,agonist,provisional_accept_agonist,tier_1,moderate,1,1,1,1,0,,True,False
CHEMBL4300239,CHEMBL4300239,5,antagonist,provisional_accept_antagonist,tier_1,moderate,1,1,1,1,0,,True,False
CHEMBL4440752,CHEMBL4440752,5,antagonist,provisional_accept_antagonist,tier_1,moderate,1,1,1,1,0,,True,False
CHEMBL4447993,CHEMBL4447993,5,antagonist,provisional_accept_antagonist,tier_1,moderate,1,1,1,1,0,,True,False
CHEMBL261482,CHEMBL261482,5,agonist,provisional_accept_agonist,tier_1,moderate,1,1,1,1,0,,True,False
CHEMBL4452288,CHEMBL4452288,5,antagonist,provisional_accept_antagonist,tier_1,moderate,1,1,1,1,0,,True,False
CHEMBL447664,VIPADENANT,5,antagonist,provisional_accept_antagonist,tier_1,moderate,1,1,1,1,0,,True,False
CHEMBL3133079,CHEMBL3133079,5,agonist,provisional_accept_agonist,tier_1,moderate,1,1,1,1,0,,True,False
CHEMBL4529321,CHEMBL4529321,5,antagonist,provisional_accept_antagonist,tier_1,moderate,1,1,1,1,0,,True,False
CHEMBL4559969,CHEMBL4559969,5,antagonist,provisional_accept_antagonist,tier_1,moderate,1,1,1,1,0,,True,False
CHEMBL457102,CHEMBL457102,5,antagonist,provisional_accept_antagonist,tier_1,moderate,1,1,1,1,0,,True,False
CHEMBL3133081,CHEMBL3133081,5,agonist,provisional_accept_agonist,tier_1,moderate,1,1,1,1,0,,True,False
CHEMBL4586743,CHEMBL4586743,5,antagonist,provisional_accept_antagonist,tier_1,moderate,1,1,1,1,0,,True,False
CHEMBL461665,CHEMBL461665,5,antagonist,provisional_accept_antagonist,tier_1,moderate,1,1,1,1,0,,True,False
CHEMBL3133157,CHEMBL3133157,5,agonist,provisional_accept_agonist,tier_1,moderate,1,1,1,1,0,,True,False
CHEMBL4740383,ETRUMADENANT,5,antagonist,provisional_accept_antagonist,tier_1,moderate,1,1,1,1,0,,True,False
CHEMBL4745482,CHEMBL4745482,5,antagonist,provisional_accept_antagonist,tier_1,moderate,1,1,1,1,0,,True,False
CHEMBL3133159,CHEMBL3133159,5,agonist,provisional_accept_agonist,tier_1,moderate,1,1,1,1,0,,True,False
CHEMBL4749058,CHEMBL4749058,5,antagonist,provisional_accept_antagonist,tier_1,moderate,1,1,1,1,0,,True,False
CHEMBL4750504,CHEMBL4750504,5,antagonist,provisional_accept_antagonist,tier_1,moderate,1,1,1,1,0,,True,False
CHEMBL4765154,CHEMBL4765154,5,antagonist,provisional_accept_antagonist,tier_1,moderate,1,1,1,1,0,,True,False
CHEMBL3235280,CHEMBL3235280,5,agonist,provisional_accept_agonist,tier_1,moderate,1,1,1,1,0,,True,False
CHEMBL4786207,CHEMBL4786207,5,antagonist,provisional_accept_antagonist,tier_1,moderate,1,1,1,1,0,,True,False
CHEMBL4855390,CHEMBL4855390,5,antagonist,provisional_accept_antagonist,tier_1,moderate,1,1,1,1,0,,True,False
CHEMBL3335523,CHEMBL3335523,5,agonist,provisional_accept_agonist,tier_1,moderate,1,1,1,1,0,,True,False
CHEMBL4855908,CHEMBL4855908,5,antagonist,provisional_accept_antagonist,tier_1,moderate,1,1,1,1,0,,True,False
CHEMBL4858144,CHEMBL4858144,5,antagonist,provisional_accept_antagonist,tier_1,moderate,1,1,1,1,0,,True,False
CHEMBL336555,CHEMBL336555,5,agonist,provisional_accept_agonist,tier_1,moderate,1,1,1,1,0,,True,False
CHEMBL486162,CHEMBL486162,5,antagonist,provisional_accept_antagonist,tier_1,moderate,1,1,1,1,0,,True,False
CHEMBL4862010,CHEMBL4862010,5,antagonist,provisional_accept_antagonist,tier_1,moderate,1,1,1,1,0,,True,False
CHEMBL4865474,CHEMBL4865474,5,antagonist,provisional_accept_antagonist,tier_1,moderate,1,1,1,1,0,,True,False
CHEMBL3414573,CHEMBL3414573,5,agonist,provisional_accept_agonist,tier_1,moderate,1,1,1,1,0,,True,False
CHEMBL487554,CHEMBL487554,5,antagonist,provisional_accept_antagonist,tier_1,moderate,1,1,1,1,0,,True,False
CHEMBL4954712,CHEMBL4954712,5,antagonist,provisional_accept_antagonist,tier_1,moderate,1,1,1,1,0,,True,False
CHEMBL3416776,CHEMBL3416776,5,agonist,provisional_accept_agonist,tier_1,moderate,1,1,1,1,0,,True,False
CHEMBL5069652,CHEMBL5069652,5,antagonist,provisional_accept_antagonist,tier_1,moderate,1,1,1,1,0,,True,False
CHEMBL5072377,CHEMBL5072377,5,antagonist,provisional_accept_antagonist,tier_1,moderate,1,1,1,1,0,,True,False
CHEMBL5074910,CHEMBL5074910,5,antagonist,provisional_accept_antagonist,tier_1,moderate,1,1,1,1,0,,True,False
CHEMBL3416777,CHEMBL3416777,5,agonist,provisional_accept_agonist,tier_1,moderate,1,1,1,1,0,,True,False
CHEMBL5075422,CHEMBL5075422,5,antagonist,provisional_accept_antagonist,tier_1,moderate,1,1,1,1,0,,True,False
CHEMBL5076939,CHEMBL5076939,5,antagonist,provisional_accept_antagonist,tier_1,moderate,1,1,1,1,0,,True,False
CHEMBL3416778,CHEMBL3416778,5,agonist,provisional_accept_agonist,tier_1,moderate,1,1,1,1,0,,True,False
CHEMBL5077642,CHEMBL5077642,5,antagonist,provisional_accept_antagonist,tier_1,moderate,1,1,1,1,0,,True,False
CHEMBL5078181,CHEMBL5078181,5,antagonist,provisional_accept_antagonist,tier_1,moderate,1,1,1,1,0,,True,False
CHEMBL3416810,CHEMBL3416810,5,agonist,provisional_accept_agonist,tier_1,moderate,1,1,1,1,0,,True,False
CHEMBL5079295,CHEMBL5079295,5,antagonist,provisional_accept_antagonist,tier_1,moderate,1,1,1,1,0,,True,False
CHEMBL5080005,CHEMBL5080005,5,antagonist,provisional_accept_antagonist,tier_1,moderate,1,1,1,1,0,,True,False
CHEMBL5081971,CHEMBL5081971,5,antagonist,provisional_accept_antagonist,tier_1,moderate,1,1,1,1,0,,True,False
CHEMBL388509,CHEMBL388509,5,agonist,provisional_accept_agonist,tier_1,moderate,1,1,1,1,0,,True,False
CHEMBL5083868,CHEMBL5083868,5,antagonist,provisional_accept_antagonist,tier_1,moderate,1,1,1,1,0,,True,False
