chembl_id,molecule_name,standardized_smiles,standardized_inchikey,functional_activity_rows,unique_assays,unique_documents,representative_assay,representative_document,representative_readout,representative_description,reviewer,decision,evidence_tier,source_checked,review_notes,reviewed_at_utc
CHEMBL113142,ZM-241385,Nc1nc(NCCc2ccc(O)cc2)nc2nc(-c3ccco3)nn12,PWTBZOIUWZOPFT-UHFFFAOYSA-N,9,7,5,CHEMBL5616314,CHEMBL5614411,EC50,Antagonist activity at human Adenosine receptor A2a transfected in HEK293 cells co-expressing CRE-luciferase plasmid assessed as reduction in CRE promoter activity by measuring effective concentration incubated for 18 hrs by luciferase based CRE reporter assay,Tharran,,,,,
CHEMBL477,ADENOSINE,Nc1ncnc2c1ncn2[C@@H]1O[C@H](CO)[C@@H](O)[C@H]1O,OIRDTQYFTABQOQ-KQYNXXCUSA-N,5,5,4,CHEMBL5099262,CHEMBL5096218,EC50,Agonist activity at human adenosine A2A receptor expressed in CHO-K1 cells assessed as inhibition of forskolin-induced cAMP accumulation incubated for 30 mins by LANCE ultra assay,Tharran,,,,,
CHEMBL4297184,CIFORADENANT,Cc1ccc(-c2nc(N)nc3c2nnn3Cc2cccc(CO[C@H]3CCOC3)n2)o1,KURQKNMKCGYWRJ-HNNXBMFYSA-N,8,8,3,CHEMBL4701023,CHEMBL4699449,IC50,Antagonist activity at human adenosine 2A receptor expressed in HEK293 cells assessed as inhibition of NECA-induced cAMP by immunoassay,Tharran,,,,,
CHEMBL5203469,CHEMBL5203469,CCCCC#Cc1nc(N)c2nc(-c3cccs3)n([C@@H]3OC[C@@H](O)[C@H]3O)c2n1,MUHXGASCCALSAJ-PRIMNGNOSA-N,5,5,2,CHEMBL5130200,CHEMBL5126612,EC50,Antagonist activity at wild type human A2AAR expressed in CHO cells assessed as inhibition of CGS21680-induced cAMP accumulation preincubated for 20 mins followed by CGS21680 addition and measured after 20 mins by by alpha screen assay,Tharran,,,,,
CHEMBL4104819,CHEMBL4104819,Nc1sc(-c2ccc(C(=O)NCCCCCCNc3ncnc4c3ncn4[C@@H]3O[C@H](CO)[C@@H](O)[C@H]3O)cc2)c(-c2cccc(C(F)(F)F)c2)c1C(=O)c1ccccc1,XLCQNEBOQXQNGA-IYRWRCLLSA-N,4,4,2,CHEMBL5124853,CHEMBL5120905,EC50,Agonist activity at human A2A receptor expressed in Flp-In-CHO cells assessed as cAMP accumulation incubated for 30 mins by LANCE cAMP assay,Tharran,,,,,
CHEMBL3414940,CHEMBL3414940,CCn1nnc([C@H]2O[C@@H](n3cnc4c(NC5CC5)ncnc43)[C@H](O)[C@@H]2O)n1,DEVAFUMPTPLYOY-BQVMBELUSA-N,4,3,2,CHEMBL3420494,CHEMBL3414438,EC50,Agonist activity at human recombinant adenosine A2A receptor transfected in CHO cells assessed as induction of adenylyl cyclase activity,Tharran,,,,,
CHEMBL3414941,CHEMBL3414941,CCn1nnc([C@H]2O[C@@H](n3cnc4c(NC5CC5)nc(Cl)nc43)[C@H](O)[C@@H]2O)n1,IRRXNCFETDOCCQ-AEISUSGSSA-N,4,3,2,CHEMBL3420494,CHEMBL3414438,EC50,Agonist activity at human recombinant adenosine A2A receptor transfected in CHO cells assessed as induction of adenylyl cyclase activity,Tharran,,,,,
CHEMBL186113,GW-328267,CCn1nnc([C@H]2O[C@@H](n3cnc4c(N)nc(N[C@H](CO)Cc5ccccc5)nc43)[C@H](O)[C@@H]2O)n1,FLBKPDIBGNWXMT-NIQZGXKPSA-N,3,3,2,CHEMBL2187058,CHEMBL2177029,EC50,Agonist activity at human recombinant adenosine A2A receptor expressed in CHO cells assessed as induction of cyclic AMP production,Tharran,,,,,
CHEMBL1087189,CHEMBL1087189,Nc1nc(-c2ccccc2)c2c(n1)-c1cc(CN3CCCC3)ccc1C2=O,NZMLWAPHUUXPMQ-UHFFFAOYSA-N,2,2,2,CHEMBL2167687,CHEMBL2163234,Ki,Antagonist activity at human Adenosine receptor A2a assessed as inhibition of cAMP production,Tharran,,,,,
CHEMBL1095488,CHEMBL1095488,Nc1nc(-c2ccccc2)c2c(n1)-c1cc(OCCN3CCOCC3)ccc1C2=O,BCDASHXLAMCATI-UHFFFAOYSA-N,2,2,2,CHEMBL2167687,CHEMBL2163234,Ki,Antagonist activity at human Adenosine receptor A2a assessed as inhibition of cAMP production,Tharran,,,,,
CHEMBL17127,SCH-58261,Nc1nc2c(cnn2CCc2ccccc2)c2nc(-c3ccco3)nn12,UTLPKQYUXOEJIL-UHFFFAOYSA-N,2,2,2,CHEMBL1105453,CHEMBL1156165,Activity,Antagonist activity at human adenosine A2A receptor expressed in HEK293 cells assessed as inhibition of NECA-induced intracellular cAMP accumulation at 100 nM after 24 hrs (Rvb= 0.40 pmol/ml),Tharran,,,,,
CHEMBL197669,ST1535,CCCCc1nc(N)c2nc(-n3nccn3)n(C)c2n1,CYYQMAWUIRPCNW-UHFFFAOYSA-N,2,2,2,CHEMBL2384073,CHEMBL2380258,Ki,Antagonist activity at human adenosine A2A receptor assessed as cAMP level by cell based assay,Tharran,,,,,
CHEMBL3222055,CHEMBL3222055,Nc1nc(-c2ccco2)nc2sc(CN3CCOCC3)cc12,WKCYYQAUFYIEID-UHFFFAOYSA-N,2,2,2,CHEMBL3223903,CHEMBL3217453,Ki,Antagonist activity at human adenosine A2A receptor expressed in CHO-K1 cells preincubated for 15 mins before NECA addition measured after 5.5 to 6 hrs by beta-galactosidase reporter gene assay,Tharran,,,,,
CHEMBL3222061,CHEMBL3222061,Nc1nc(-c2ccco2)nc2sc(CN3CCCC(F)(F)C3)cc12,KYXCXHCFXDUHNI-UHFFFAOYSA-N,2,2,2,CHEMBL3223903,CHEMBL3217453,Ki,Antagonist activity at human adenosine A2A receptor expressed in CHO-K1 cells preincubated for 15 mins before NECA addition measured after 5.5 to 6 hrs by beta-galactosidase reporter gene assay,Tharran,,,,,
CHEMBL3222062,CHEMBL3222062,C[C@@H]1CCC[C@H](C)N1Cc1cc2c(N)nc(-c3ccco3)nc2s1,PVOIMUIDWFQGQH-TXEJJXNPSA-N,2,2,2,CHEMBL3223903,CHEMBL3217453,Ki,Antagonist activity at human adenosine A2A receptor expressed in CHO-K1 cells preincubated for 15 mins before NECA addition measured after 5.5 to 6 hrs by beta-galactosidase reporter gene assay,Tharran,,,,,
CHEMBL3317574,CHEMBL3317574,Nc1nc(CCCc2ccccc2)nc2cn(-c3ccccc3)nc12,QXNZRRSDCMNJDB-UHFFFAOYSA-N,2,2,2,CHEMBL5126857,CHEMBL5126505,Ki,Antagonist activity at human adenosine A2A receptor expressed in CHO cells assessed as inhibition of NECA-induced cAMP production measured by scintillation counter assay,Tharran,,,,,
CHEMBL4064795,CHEMBL4064795,CCOc1ccc(-c2cn3c(=O)n(-c4ccccc4)nc3c(N)n2)cc1,SHMHGBZUFQHAIL-UHFFFAOYSA-N,2,2,2,CHEMBL4012875,CHEMBL4011624,IC50,Antagonist activity at human adenosine receptor A2A expressed in CHO cell membranes assessed as inhibition of NECA-induced increase of cAMP accumulation preincubated for 10 mins followed by NECA addition measured after 10 mins by GloSensor cAMP assay,Tharran,,,,,
CHEMBL458242,CHEMBL458242,COc1cncc(-c2cc(NC(C)=O)nc(-n3nc(C)cc3C)n2)c1,ZPOFECDYIXUBJD-UHFFFAOYSA-N,2,2,2,CHEMBL950440,CHEMBL1152277,IC50,Antagonist activity at human adenosine A2A receptor expressed in CHO cells assessed as inhibition of CGS-21680-induced cAMP production,Tharran,,,,,
CHEMBL4849795,CHEMBL4849795,Nc1nc(Cc2ccccc2)cn2c1nc1ccccc12,NULDMQXOPYHTEN-UHFFFAOYSA-N,2,2,2,CHEMBL4814789,CHEMBL4813923,IC50,Antagonist activity at human A2A expressed in human HEK293 cells assessed as reduction in cAMP production preincubated for 10 mins followed by NECA stimulation and measured after 30 mins by micro plate reader method,Tharran,,,,,
CHEMBL4063841,CHEMBL4063841,Nc1sc(-c2ccc(C(=O)NCCCCCNc3ncnc4c3ncn4[C@@H]3O[C@H](CO)[C@@H](O)[C@H]3O)cc2)c(-c2cccc(C(F)(F)F)c2)c1C(=O)c1ccccc1,HYJFZTMSAYHUCD-VNXSDAFKSA-N,3,3,1,CHEMBL4048590,CHEMBL4043287,EC50,Agonist activity at human A2A-AR expressed in FlpIn-CHO cells assessed as inhibition of forskolin-stimulated cAMP accumulation preincubated for 40 mins followed by forskolin addition measured after 30 mins by Alphascreen assay,Tharran,,,,,
CHEMBL5090017,CHEMBL5090017,COc1ccc(N2CCN(CCn3c(=O)cnc4c(-c5ccc(C)o5)nc(N)nc43)[C@@H](C)C2)c(F)c1,QLDKSNSJQOSBLD-HNNXBMFYSA-N,4,4,1,CHEMBL5049261,CHEMBL5046288,IC50,Antagonist activity at human A2aR expressed in HEK293 cells assessed as reduction in NECA-induced cAMP production incubated for 20 mins in presence of 20 nM NECA by GloSensor cAMP detection assay,Tharran,,,,,
CHEMBL4072009,CHEMBL4072009,Nc1sc(-c2ccccc2C(=O)NCCCCCCNc2ncnc3c2ncn3[C@@H]2O[C@H](CO)[C@@H](O)[C@H]2O)c(-c2cccc(C(F)(F)F)c2)c1C(=O)c1ccccc1,INHVHVABDDQLDR-IYRWRCLLSA-N,3,3,1,CHEMBL4048590,CHEMBL4043287,pEC50,Agonist activity at human A2A-AR expressed in FlpIn-CHO cells assessed as inhibition of forskolin-stimulated cAMP accumulation preincubated for 40 mins followed by forskolin addition measured after 30 mins by Alphascreen assay,Tharran,,,,,
CHEMBL5562893,CHEMBL5562893,Cc1c(C#N)cccc1-c1cc(-c2cn(Cc3c[nH]c4ccc(C#N)cc34)nn2)nc(N)n1,VZXSLMMZUNIHCA-UHFFFAOYSA-N,4,4,1,CHEMBL5531816,CHEMBL5528085,IC50,Antagonist activity at human adenosine 2A receptor overexpressed in HEK293 cells preincubated for 0.5 hrs followed by NECA stimulation by GloSensor cAMP assay,Tharran,,,,,
CHEMBL5397080,CHEMBL5397080,Cc1c(C#N)cccc1-c1cc(-c2ccn(Cc3ccccc3)c(=O)c2)nc(N)n1,GROXRDPKODZSRI-UHFFFAOYSA-N,3,3,1,CHEMBL5383593,CHEMBL5380829,IC50,Antagonist activity at human adenosine A2A receptor expressed in HEK293 cells assessed as inhibition of NECA-induced cAMP accumulation pretreated for 30 mins followed by NECA induction by GloSensor assay,Tharran,,,,,
CHEMBL5439885,CHEMBL5439885,Cc1c(C#N)cccc1-c1cc(-c2ccn(CCc3ccccc3)c(=O)c2)nc(N)n1,GRPFMWNVPJZROD-UHFFFAOYSA-N,3,3,1,CHEMBL5383593,CHEMBL5380829,IC50,Antagonist activity at human adenosine A2A receptor expressed in HEK293 cells assessed as inhibition of NECA-induced cAMP accumulation pretreated for 30 mins followed by NECA induction by GloSensor assay,Tharran,,,,,
CHEMBL4075186,CHEMBL4075186,Nc1sc(-c2ccc(C(=O)NCCCCCCCNc3ncnc4c3ncn4[C@@H]3O[C@H](CO)[C@@H](O)[C@H]3O)cc2)c(-c2cccc(C(F)(F)F)c2)c1C(=O)c1ccccc1,RDGGIYYOAIQPFG-VVTIBKNXSA-N,3,3,1,CHEMBL4048590,CHEMBL4043287,EC50,Agonist activity at human A2A-AR expressed in FlpIn-CHO cells assessed as inhibition of forskolin-stimulated cAMP accumulation preincubated for 40 mins followed by forskolin addition measured after 30 mins by Alphascreen assay,Tharran,,,,,
CHEMBL5619355,CHEMBL5619355,CNc1nc(C#Cc2ccccc2)nc2c1ncn2-c1ccc(O)cc1,KGEDJBOYKCCMEF-UHFFFAOYSA-N,3,3,1,CHEMBL5616314,CHEMBL5614411,EC50,Antagonist activity at human Adenosine receptor A2a transfected in HEK293 cells co-expressing CRE-luciferase plasmid assessed as reduction in CRE promoter activity by measuring effective concentration incubated for 18 hrs by luciferase based CRE reporter assay,Tharran,,,,,
CHEMBL601413,CHEMBL601413,Nc1c(C(=O)Nc2ccccc2F)sc2nc3c(cc12)C(=O)CCC3,YHFDPEYHDOTAOT-UHFFFAOYSA-N,3,3,1,CHEMBL1071497,CHEMBL1156885,Activity,"Antagonist activity at human adenosine 2A receptor expressed in HEK293 cells assessed as inhibition of 10 nM 3-(4-(2-(6-amino-9-((2R,3R,4S,5S)-5-(ethylcarbamoyl)-3,4-dihydroxytetrahydrofuran-2-yl)-9H-purin-2-ylamino)ethyl)phenyl)propanoic acid-induced intracellular cAMP production at 10 uM",Tharran,,,,,
CHEMBL4076495,CHEMBL4076495,Nc1sc(-c2ccc(C(=O)NCCCCCCNc3ncnc4c3ncn4[C@@H]3O[C@H](CO)[C@@H](O)[C@H]3O)cc2)cc1C(=O)c1ccccc1,RSKKOALBKRBUAX-QMEWKUSNSA-N,3,3,1,CHEMBL4048590,CHEMBL4043287,EC50,Agonist activity at human A2A-AR expressed in FlpIn-CHO cells assessed as inhibition of forskolin-stimulated cAMP accumulation preincubated for 40 mins followed by forskolin addition measured after 30 mins by Alphascreen assay,Tharran,,,,,
CHEMBL431770,ISTRADEFYLLINE,CCn1c(=O)c2c(nc(/C=C/c3ccc(OC)c(OC)c3)n2C)n(CC)c1=O,IQVRBWUUXZMOPW-PKNBQFBNSA-N,3,2,1,CHEMBL2384072,CHEMBL2380258,IC50,Antagonist activity at recombinant human adenosine A2A receptor expressed in CHO cells assessed as inhibition of NECA-induced cAMP production after 60 mins,Tharran,,,,,
CHEMBL2024116,CHEMBL2024116,Cc1cc(-c2nnc(N)nc2-c2ccc(F)cc2)cc(C)n1,NEYZTILMBRSITP-UHFFFAOYSA-N,2,2,1,CHEMBL4701050,CHEMBL4699449,IC50,Antagonist activity at human adenosine 2A receptor expressed in CHO-K1 cells assessed as reduction in cAMP level in presence of 10 uM adenosine by fluorescent Assay,Tharran,,,,,
CHEMBL2382434,CHEMBL2382434,O=C(CCCc1ccccc1)Nc1nc2ccccc2c(=O)s1,QMBOZLGNPMVERZ-UHFFFAOYSA-N,2,2,1,CHEMBL2382682,CHEMBL2380255,Activity,Antagonist activity at human adenosine A2A receptor expressed in CHO cells assessed as decrease in NECA-induced cAMP accumulation up to 20 uM incubated for 10 mins followed by NECA induction for 15 mins measured after 60 mins by liquid scintillation counting analysis in presence of [3H]cAMP,Tharran,,,,,
CHEMBL4078771,CHEMBL4078771,O=C(NCCCCCCNc1ncnc2c1ncn2[C@@H]1O[C@H](CO)[C@@H](O)[C@H]1O)c1cccc(-c2cc(C(=O)c3ccccc3)cs2)c1,VNLXNZKBNFBWLX-DBBYQSBISA-N,3,3,1,CHEMBL4048590,CHEMBL4043287,EC50,Agonist activity at human A2A-AR expressed in FlpIn-CHO cells assessed as inhibition of forskolin-stimulated cAMP accumulation preincubated for 40 mins followed by forskolin addition measured after 30 mins by Alphascreen assay,Tharran,,,,,
CHEMBL3827859,CHEMBL3827859,CCN(CC)CCOc1ccc(CCN2CCCn3c2nc2c3c(=O)n(C)c(=O)n2C)cc1,LKZCACKRMPMZHI-UHFFFAOYSA-N,2,2,1,CHEMBL3831106,CHEMBL3826885,EC50,Antagonist activity at human adenosine receptor A2a expressed in CHO cell membranes assessed as inhibition of NECA-induced cAMP accumulation measured as NECA EC50 at 5 uM incubated for 15 mins in presence of [3H]cAMP by liquid scintillation counting (Rvb = 68 nM),Tharran,,,,,
CHEMBL3904408,CHEMBL3904408,COc1cccc(CNc2nc(N)c3nc(-c4ccco4)sc3n2)c1,MKZQUSYQWOCDQS-UHFFFAOYSA-N,2,2,1,CHEMBL3878910,CHEMBL3877301,IC50,Antagonist activity against human adenosine A2A receptor expressed in CHO cells assessed as inhibition of CGS21680-stimulated cAMP accumulation measured after 150 mins in presence of [3H]cAMP by scintillation counting method,Tharran,,,,,
CHEMBL4081224,CHEMBL4081224,Nc1cc(-c2cccc(C(F)(F)F)c2)c(-c2ccc(C(=O)NCCCCCCNc3ncnc4c3ncn4[C@@H]3O[C@H](CO)[C@@H](O)[C@H]3O)cc2)s1,LYERBOIYNGNNDJ-PAGZJXIJSA-N,3,3,1,CHEMBL4048590,CHEMBL4043287,EC50,Agonist activity at human A2A-AR expressed in FlpIn-CHO cells assessed as inhibition of forskolin-stimulated cAMP accumulation preincubated for 40 mins followed by forskolin addition measured after 30 mins by Alphascreen assay,Tharran,,,,,
CHEMBL4125975,CHEMBL4125975,Nc1nc(NCc2cccs2)nc2sc(-c3ccccc3)nc12,LSZKDONVLXWTJB-UHFFFAOYSA-N,2,2,1,CHEMBL4124843,CHEMBL4118252,IC50,Antagonist activity at human A2A adenosine receptor expressed in CHO cells assessed as inhibition of CGS21680-stimulated cAMP level after 30 mins by Alphascreen assay,Tharran,,,,,
CHEMBL4126427,CHEMBL4126427,Cc1nc2c(N)nc(NCCc3cccs3)nc2s1,MCEXUYHFWKYLLR-UHFFFAOYSA-N,2,2,1,CHEMBL4124843,CHEMBL4118252,IC50,Antagonist activity at human A2A adenosine receptor expressed in CHO cells assessed as inhibition of CGS21680-stimulated cAMP level after 30 mins by Alphascreen assay,Tharran,,,,,
CHEMBL4086624,CHEMBL4086624,O=C(NCCCCCCNc1ncnc2c1ncn2[C@@H]1O[C@H](CO)[C@@H](O)[C@H]1O)c1cccc(-c2cccs2)c1,YABCZTCFQUWVEM-CPLTYXLBSA-N,3,3,1,CHEMBL4048590,CHEMBL4043287,EC50,Agonist activity at human A2A-AR expressed in FlpIn-CHO cells assessed as inhibition of forskolin-stimulated cAMP accumulation preincubated for 40 mins followed by forskolin addition measured after 30 mins by Alphascreen assay,Tharran,,,,,
CHEMBL4127213,CHEMBL4127213,COc1ccccc1CNc1nc(N)c2nc(-c3ccccc3)sc2n1,REDHRMQBZHBARB-UHFFFAOYSA-N,2,2,1,CHEMBL4124843,CHEMBL4118252,IC50,Antagonist activity at human A2A adenosine receptor expressed in CHO cells assessed as inhibition of CGS21680-stimulated cAMP level after 30 mins by Alphascreen assay,Tharran,,,,,
CHEMBL5407903,CHEMBL5407903,Cc1c(C#N)cccc1-c1cc(-c2ccc(=O)n(CCc3ccccn3)c2)nc(N)n1,NCDMZEFGSLFZTJ-UHFFFAOYSA-N,2,2,1,CHEMBL5383591,CHEMBL5380829,Activity,Antagonist activity at human adenosine A2A receptor expressed in HEK293 cells assessed as inhibition of NECA-induced cAMP accumulation at 1 uM pretreated for 30 mins followed by NECA induction by GloSensor assay relative to control,Tharran,,,,,
CHEMBL5410497,CHEMBL5410497,Cc1ccc(-c2cc(-c3ccn(Cc4ccccc4)c(=O)c3)nc(N)n2)o1,IBEKCGKCOQKOJV-UHFFFAOYSA-N,2,2,1,CHEMBL5383591,CHEMBL5380829,Activity,Antagonist activity at human adenosine A2A receptor expressed in HEK293 cells assessed as inhibition of NECA-induced cAMP accumulation at 1 uM pretreated for 30 mins followed by NECA induction by GloSensor assay relative to control,Tharran,,,,,
CHEMBL4101850,CHEMBL4101850,Nc1sc(-c2cccc(C(=O)NCCCCCCNc3ncnc4c3ncn4[C@@H]3O[C@H](CO)[C@@H](O)[C@H]3O)c2)c(-c2cccc(C(F)(F)F)c2)c1C(=O)c1ccccc1,KMONYHYNVWVKIZ-IYRWRCLLSA-N,3,3,1,CHEMBL4048590,CHEMBL4043287,EC50,Agonist activity at human A2A-AR expressed in FlpIn-CHO cells assessed as inhibition of forskolin-stimulated cAMP accumulation preincubated for 40 mins followed by forskolin addition measured after 30 mins by Alphascreen assay,Tharran,,,,,
CHEMBL5425820,CHEMBL5425820,Cc1c(C#N)cccc1-c1cc(-c2ccc(=O)n(Cc3ccccc3)c2)nc(N)n1,MDYUIWQHXQGOOU-UHFFFAOYSA-N,2,2,1,CHEMBL5383591,CHEMBL5380829,Activity,Antagonist activity at human adenosine A2A receptor expressed in HEK293 cells assessed as inhibition of NECA-induced cAMP accumulation at 1 uM pretreated for 30 mins followed by NECA induction by GloSensor assay relative to control,Tharran,,,,,
CHEMBL5556919,CHEMBL5556919,CCCCC#Cc1nc2c(N)nc(-c3ccco3)nc2n1[C@@H]1OC[C@@H](O)[C@H]1O,MYHYECFOCSQRBC-PRIMNGNOSA-N,2,2,1,CHEMBL5517161,CHEMBL5512687,Inhibition,Antagonist activity at human adenosine A2A receptor expressed in CHO cells assessed as inhibition of NECA-induced cAMP production at 10 uM pre-incubated for 15 mins by cAMP Biotrak Enzymeimmunoassay relative to control,Tharran,,,,,
CHEMBL2070507,CHEMBL2070507,Nc1ncnc2c1ncn2[C@@H]1O[C@H](C(=O)NC2CCC2)[C@@H](O)[C@H]1O,CGYRWWMWNACLSU-AEISUSGSSA-N,2,2,1,CHEMBL2072287,CHEMBL2069206,EC50,Agonist activity at human A2A adenosine receptor expressed in CHO cells assessed as stimulation of forskolin-induced cAMP accumulation after 30 mins,Tharran,,,,,
CHEMBL555958,CHEMBL555958,CCCN(CCc1ccc(NC(=O)CCC(N)C(=O)NCCCCC(NC(=O)CCC(=O)NCCOCCOCCNC(=O)C(CCCCNC(=O)C(N)CCCCNC(=O)COc2ccc(-c3nc4c([nH]3)c(=O)n(CCC)c(=O)n4CCC)cc2)NC(C)=O)C(N)=O)cc1)C1CCc2c(O)cccc2C1,QWZWDTPIAMJTPE-UHFFFAOYSA-N,2,2,1,CHEMBL1062522,CHEMBL1153525,Activity,Antagonist activity at human A2aR expressed in HEK293 cells assessed as cAMP accumulation at 10 uM,Tharran,,,,,
CHEMBL5561038,CHEMBL5561038,CCCCC#Cc1nc2c(N)nc(-c3ccco3)nc2[nH]1,CUXKGZJSDUHGOJ-UHFFFAOYSA-N,2,2,1,CHEMBL5517161,CHEMBL5512687,Inhibition,Antagonist activity at human adenosine A2A receptor expressed in CHO cells assessed as inhibition of NECA-induced cAMP production at 10 uM pre-incubated for 15 mins by cAMP Biotrak Enzymeimmunoassay relative to control,Tharran,,,,,
CHEMBL5619272,CHEMBL5619272,CNc1nc(C#Cc2ccccc2)nc2c1ncn2COCc1ccccc1,OCWXHAVOVZQLIR-UHFFFAOYSA-N,2,2,1,CHEMBL5616314,CHEMBL5614411,EC50,Antagonist activity at human Adenosine receptor A2a transfected in HEK293 cells co-expressing CRE-luciferase plasmid assessed as reduction in CRE promoter activity by measuring effective concentration incubated for 18 hrs by luciferase based CRE reporter assay,Tharran,,,,,
CHEMBL2070508,CHEMBL2070508,Nc1ncnc2c1ncn2[C@@H]1O[C@H](C(=O)NC2CCCC2)[C@@H](O)[C@H]1O,ISNMLOJARGEFLK-BQVMBELUSA-N,2,2,1,CHEMBL2072287,CHEMBL2069206,EC50,Agonist activity at human A2A adenosine receptor expressed in CHO cells assessed as stimulation of forskolin-induced cAMP accumulation after 30 mins,Tharran,,,,,
CHEMBL5619520,CHEMBL5619520,CNc1nc(C#Cc2ccccc2)nc2c1ncn2Cc1ccccc1,SUDOWMACBRPLEH-UHFFFAOYSA-N,2,2,1,CHEMBL5616314,CHEMBL5614411,EC50,Antagonist activity at human Adenosine receptor A2a transfected in HEK293 cells co-expressing CRE-luciferase plasmid assessed as reduction in CRE promoter activity by measuring effective concentration incubated for 18 hrs by luciferase based CRE reporter assay,Tharran,,,,,
CHEMBL564084,CHEMBL564084,CCCN(CCc1ccc(NC(=O)CCC(N)C(=O)NCCCCC(NC(=O)CCC(=O)NCCOCCOCCNC(=O)CCC(=O)NCCOCCOCCNC(=O)CCC(=O)NCCOCCOCCNC(=O)C(CCCCNC(=O)C(N)CCCCNC(=O)COc2ccc(-c3nc4c([nH]3)c(=O)n(CCC)c(=O)n4CCC)cc2)NC(C)=O)C(N)=O)cc1)C1CCc2c(O)cccc2C1,OTQOMCALXNRSDL-UHFFFAOYSA-N,2,2,1,CHEMBL1062522,CHEMBL1153525,Activity,Antagonist activity at human A2aR expressed in HEK293 cells assessed as cAMP accumulation at 10 uM,Tharran,,,,,
CHEMBL3416801,CHEMBL3416801,CCNC(=O)[C@H]1O[C@@H](n2cnc3c(N)nc(N4CCN(c5ccccc5)CC4)nc32)[C@H](O)[C@@H]1O,VOMVVKGMVNIXGH-GRXQJBFDSA-N,2,2,1,CHEMBL3419486,CHEMBL3414558,EC50,Agonist activity at human adenosine A2A receptor expressed in CHO cells assessed as stimulation of [3H]cAMP levels by scintillation counting method,Tharran,,,,,
CHEMBL600794,CHEMBL600794,CN1CCc2nc3sc(C(=O)Nc4ccc(Cl)cc4)c(N)c3cc2C1,YCIKPGUSEZZDGL-UHFFFAOYSA-N,2,2,1,CHEMBL1071497,CHEMBL1156885,Activity,"Antagonist activity at human adenosine 2A receptor expressed in HEK293 cells assessed as inhibition of 10 nM 3-(4-(2-(6-amino-9-((2R,3R,4S,5S)-5-(ethylcarbamoyl)-3,4-dihydroxytetrahydrofuran-2-yl)-9H-purin-2-ylamino)ethyl)phenyl)propanoic acid-induced intracellular cAMP production at 10 uM",Tharran,,,,,
CHEMBL600819,CHEMBL600819,N#Cc1c(N)nc2c(C(N)=O)c(Nc3ccccc3)sc2c1-c1ccccc1,VJCANGHIFSKRFF-UHFFFAOYSA-N,2,2,1,CHEMBL1071498,CHEMBL1156885,Activity,"Antagonist activity at human adenosine 2A receptor expressed in HEK293 cells assessed as inhibition of 10 uM 3-(4-(2-(6-amino-9-((2R,3R,4S,5S)-5-(ethylcarbamoyl)-3,4-dihydroxytetrahydrofuran-2-yl)-9H-purin-2-ylamino)ethyl)phenyl)propanoic acid-induced intracellular cAMP production at 10 uM",Tharran,,,,,
CHEMBL3416805,CHEMBL3416805,CCNC(=O)[C@H]1O[C@@H](n2cnc3c(N)nc(N4CCN(c5ccc(OCc6ccccc6)cc5)CC4)nc32)[C@H](O)[C@@H]1O,BMVQYTBZDSZAEL-NLJXWPIHSA-N,2,2,1,CHEMBL3419486,CHEMBL3414558,EC50,Agonist activity at human adenosine A2A receptor expressed in CHO cells assessed as stimulation of [3H]cAMP levels by scintillation counting method,Tharran,,,,,
CHEMBL136689,CHEMBL136689,COc1ccc(CCCn2ncc3c2nc(N)n2nc(-c4ccco4)nc32)cc1,AEULVFLPCJOBCE-UHFFFAOYSA-N,2,1,1,CHEMBL5037232,CHEMBL5036326,Ki,Antagonist activity at human adenosine A2A receptor expressed in Flp-In-CHO cell membrane assessed as inhibition of NECA-induced cAMP accumulation in presence of forskolin measured after 40 mins by alpha screen LANCE assay,Tharran,,,,,
CHEMBL2381765,CHEMBL2381765,Cn1cnc2c(N)nc(NCCc3ccc(O)cc3)nc21,WGAKQGDHUAFLTM-UHFFFAOYSA-N,2,1,1,CHEMBL2384072,CHEMBL2380258,IC50,Antagonist activity at recombinant human adenosine A2A receptor expressed in CHO cells assessed as inhibition of NECA-induced cAMP production after 60 mins,Tharran,,,,,
CHEMBL4159215,CHEMBL4159215,Nc1nc(NCc2ccsc2)nc2sc(-c3ccco3)nc12,PQWDMDZIOAGQDU-UHFFFAOYSA-N,2,1,1,CHEMBL4156076,CHEMBL4152311,IC50,Antagonist activity against human adenosine A2A receptor expressed in CHO cells assessed as inhibition of CGS21680-stimulated cAMP accumulation measured after 150 mins in presence of [3H]cAMP by scintillation counting method,Tharran,,,,,
CHEMBL3740939,CHEMBL3740939,CCn1nnc([C@H]2O[C@@H](n3cnc4c(N)nc(N(C)C)nc43)[C@H](O)[C@@H]2O)n1,XACFFOLLZVHOCM-QRIDJOKKSA-N,2,2,1,CHEMBL3743205,CHEMBL3739405,Emax,Agonist activity at human recombinant adenosine A2A receptor expressed in CHO cells assessed as stimulation of NECA-mediated cAMP accumulation preincubated for 15 mins followed by NECA addition measured after 15 mins by enzyme immunoassay relative to NECA,Tharran,,,,,
CHEMBL4167557,CHEMBL4167557,Nc1nc(NCCc2ccco2)nc2sc(-c3ccco3)nc12,JYTHVDBRJGGODY-UHFFFAOYSA-N,2,1,1,CHEMBL4156076,CHEMBL4152311,IC50,Antagonist activity against human adenosine A2A receptor expressed in CHO cells assessed as inhibition of CGS21680-stimulated cAMP accumulation measured after 150 mins in presence of [3H]cAMP by scintillation counting method,Tharran,,,,,
CHEMBL506250,CHEMBL506250,N#Cc1c(-c2ccco2)cc(-c2ccco2)nc1N,BDULELAUBSFJFH-UHFFFAOYSA-N,2,1,1,CHEMBL967912,CHEMBL1155896,Kd,Antagonist activity at human adenosine A2A receptor expressed in HEK293 cells assessed as effect on CGS-21680-induced cAMP production,Tharran,,,,,
CHEMBL3741393,CHEMBL3741393,CC(Cc1ccccc1)Nc1nc(N)c2ncn([C@@H]3O[C@H](CO)[C@@H](O)[C@H]3O)c2n1,YISHBQSEDYNEAM-BTBIENRZSA-N,2,2,1,CHEMBL3743420,CHEMBL3739405,EC50,Agonist activity at human recombinant adenosine A2A receptor expressed in CHO cells assessed as stimulation of NECA-mediated cAMP accumulation preincubated for 15 mins followed by NECA addition measured after 15 mins by enzyme immunoassay,Tharran,,,,,
CHEMBL5073669,CHEMBL5073669,CCCCn1c(=O)c2nc(C34CCC(C(=O)NCCCN=[N+]=[N-])(CC3)CC4)[nH]c2n(CCCNC(=O)c2ccc(S(=O)(=O)F)cc2)c1=O,OILFXMJWXJFNKA-UHFFFAOYSA-N,2,1,1,CHEMBL5037232,CHEMBL5036326,Ki,Antagonist activity at human adenosine A2A receptor expressed in Flp-In-CHO cell membrane assessed as inhibition of NECA-induced cAMP accumulation in presence of forskolin measured after 40 mins by alpha screen LANCE assay,Tharran,,,,,
CHEMBL5076572,CHEMBL5076572,C#CCNC(=O)C12CCC(c3nc4c(=O)n(CCCC)c(=O)n(CCC)c4[nH]3)(CC1)CC2,HPGLNKYCDIIEST-UHFFFAOYSA-N,2,1,1,CHEMBL5037232,CHEMBL5036326,pKb,Antagonist activity at human adenosine A2A receptor expressed in Flp-In-CHO cell membrane assessed as inhibition of NECA-induced cAMP accumulation in presence of forskolin measured after 40 mins by alpha screen LANCE assay,Tharran,,,,,
CHEMBL3771208,CHEMBL3771208,OC[C@H]1O[C@@H](n2cnc3c(N[C@@H]4CCC[C@H]4OCc4ccccc4)ncnc32)[C@H](O)[C@@H]1O,XSVRBMOJKPAIJX-NKYRPOHVSA-N,2,2,1,CHEMBL5099262,CHEMBL5096218,EC50,Agonist activity at human adenosine A2A receptor expressed in CHO-K1 cells assessed as inhibition of forskolin-induced cAMP accumulation incubated for 30 mins by LANCE ultra assay,Tharran,,,,,
CHEMBL5176737,CHEMBL5176737,Nc1nc(C(=O)NCc2ccccn2)cn2c1nc1ccccc12,QHIATACMHNLOEM-UHFFFAOYSA-N,2,1,1,CHEMBL5148543,CHEMBL5143715,IC50,Antagonist activity at A2AAR in human HEK293 cells assessed as inhibition of CGS21680-induced cAMP production preincubated for 15 mins followed by CGS21680 addition and measured after 15 mins by HTRF assay,Tharran,,,,,
CHEMBL1076503,CHEMBL1076503,O=C(NC1CC1)c1nc(NCc2cccnc2)nc2ccsc12,DJXXCPVDTMEZQZ-UHFFFAOYSA-N,1,1,1,CHEMBL1105840,CHEMBL1154258,IC50,Antagonist activity at human adenosine A2A receptor expressed in CHOK1 cells assessed as inhibition of calcium mobilization by FLIPR assay,Tharran,,,,,
CHEMBL1076504,CHEMBL1076504,CC(C)NC(=O)c1nc(NCc2cccnc2)nc2ccsc12,CDUCLUZYLNLKKW-UHFFFAOYSA-N,1,1,1,CHEMBL1105840,CHEMBL1154258,IC50,Antagonist activity at human adenosine A2A receptor expressed in CHOK1 cells assessed as inhibition of calcium mobilization by FLIPR assay,Tharran,,,,,
CHEMBL4059961,CHEMBL4059961,CCn1nnc([C@H]2O[C@@H](n3cnc4c(NCc5cccc(Br)c5)nc(Cl)nc43)[C@H](O)[C@@H]2O)n1,WTSRCKFFAWSKBH-MOROJQBDSA-N,2,2,1,CHEMBL4052151,CHEMBL4049451,EC50,Agonist activity at recombinant human adenosine A2A receptor expressed in CHO cell membranes assessed as stimulation of adenylyl cyclase activity by [alpha-32P]ATP assay,Tharran,,,,,
CHEMBL1077749,CHEMBL1077749,Cc1nc(C(=O)c2ccc(C)s2)c2sccc2n1,OUKKULWZHJJUCO-UHFFFAOYSA-N,1,1,1,CHEMBL1105840,CHEMBL1154258,IC50,Antagonist activity at human adenosine A2A receptor expressed in CHOK1 cells assessed as inhibition of calcium mobilization by FLIPR assay,Tharran,,,,,
CHEMBL1077902,CHEMBL1077902,Cc1ccc(C(=O)c2nc(NCc3ccncn3)nc3ccsc23)s1,SFYCKRAOKBZQQD-UHFFFAOYSA-N,1,1,1,CHEMBL1105840,CHEMBL1154258,IC50,Antagonist activity at human adenosine A2A receptor expressed in CHOK1 cells assessed as inhibition of calcium mobilization by FLIPR assay,Tharran,,,,,
CHEMBL4076003,CHEMBL4076003,CCn1nnc([C@H]2O[C@@H](n3cnc4c(NCc5ccco5)ncnc43)[C@H](O)[C@@H]2O)n1,VLAOLJRMDZJSLN-PFHKOEEOSA-N,2,2,1,CHEMBL4052151,CHEMBL4049451,EC50,Agonist activity at recombinant human adenosine A2A receptor expressed in CHO cell membranes assessed as stimulation of adenylyl cyclase activity by [alpha-32P]ATP assay,Tharran,,,,,
CHEMBL1078001,CHEMBL1078001,Cc1ccc(C(=O)c2nc(NC(=O)c3cccnc3)nc3ccsc23)s1,RMNYIORRJFTYKB-UHFFFAOYSA-N,1,1,1,CHEMBL1105840,CHEMBL1154258,IC50,Antagonist activity at human adenosine A2A receptor expressed in CHOK1 cells assessed as inhibition of calcium mobilization by FLIPR assay,Tharran,,,,,
CHEMBL1078085,CHEMBL1078085,Cc1ccc(C(=O)c2nc(NCCc3ccccn3)nc3ccsc23)s1,WBCAKXYDAUCZDG-UHFFFAOYSA-N,1,1,1,CHEMBL1105840,CHEMBL1154258,IC50,Antagonist activity at human adenosine A2A receptor expressed in CHOK1 cells assessed as inhibition of calcium mobilization by FLIPR assay,Tharran,,,,,
CHEMBL1079141,CHEMBL1079141,O=C(c1ccccc1)c1nc(NCc2cccnc2)nc2ccsc12,NJLNJHCKQVRQDL-UHFFFAOYSA-N,1,1,1,CHEMBL1105840,CHEMBL1154258,IC50,Antagonist activity at human adenosine A2A receptor expressed in CHOK1 cells assessed as inhibition of calcium mobilization by FLIPR assay,Tharran,,,,,
CHEMBL4087306,CHEMBL4087306,CCn1nnc([C@H]2O[C@@H](n3cnc4c(NCC5CC5)ncnc43)[C@H](O)[C@@H]2O)n1,JHUFDJIJVKFFOF-MEQWQQMJSA-N,2,2,1,CHEMBL4052151,CHEMBL4049451,EC50,Agonist activity at recombinant human adenosine A2A receptor expressed in CHO cell membranes assessed as stimulation of adenylyl cyclase activity by [alpha-32P]ATP assay,Tharran,,,,,
CHEMBL1082063,CHEMBL1082063,O=C(NC1CCCCC1)c1nc(NCc2cccnc2)nc2ccsc12,JTMNJBCPWGVLEV-UHFFFAOYSA-N,1,1,1,CHEMBL1105840,CHEMBL1154258,IC50,Antagonist activity at human adenosine A2A receptor expressed in CHOK1 cells assessed as inhibition of calcium mobilization by FLIPR assay,Tharran,,,,,
CHEMBL1087185,CHEMBL1087185,CN1CCN(C(=O)c2ccc3c(c2)-c2nc(N)nc(-c4ccccc4)c2C3=O)CC1,WEDKBAZTBXZYBK-UHFFFAOYSA-N,1,1,1,CHEMBL2167687,CHEMBL2163234,Ki,Antagonist activity at human Adenosine receptor A2a assessed as inhibition of cAMP production,Tharran,,,,,
CHEMBL4451303,CHEMBL4451303,Cn1c(=O)c2c(nc3n2CCN([C@@H]2CCCc4ccccc42)C3)n(C)c1=O,GEMWFQCNZGPNFF-OAHLLOKOSA-N,2,2,1,CHEMBL4430990,CHEMBL4428125,Activity,Agonist activity at recombinant human A2A receptor expressed in CHO cells assessed as increase in forskolin-induced cAMP level at at 10 uM preincubated for 20 mins prior to forskolin-stimulation measure after 5 mins by liquid scintillation counting method,Tharran,,,,,
CHEMBL1092270,CHEMBL1092270,CCCCn1c(=S)sc2c1ncn1nc(-c3ccco3)nc21,QHFYRCHXHNWYCV-UHFFFAOYSA-N,1,1,1,CHEMBL1105453,CHEMBL1156165,Activity,Antagonist activity at human adenosine A2A receptor expressed in HEK293 cells assessed as inhibition of NECA-induced intracellular cAMP accumulation at 100 nM after 24 hrs (Rvb= 0.40 pmol/ml),Tharran,,,,,
CHEMBL1095999,CHEMBL1095999,Nc1nc(-c2ccco2)c2c(n1)-c1ccccc1C2=O,KHOCZGQEVMEBSV-UHFFFAOYSA-N,1,1,1,CHEMBL3267347,CHEMBL3259781,Ki,Antagonist activity at human recombinant adenosine receptor A2a by cAMP assay,Tharran,,,,,
CHEMBL4540395,CHEMBL4540395,Cn1c(=O)c2c(nc3n2CCN(Cc2csc(-c4cccs4)n2)C3)n(C)c1=O,YQRZRTIMIDGUQW-UHFFFAOYSA-N,2,2,1,CHEMBL4430990,CHEMBL4428125,Activity,Agonist activity at recombinant human A2A receptor expressed in CHO cells assessed as increase in forskolin-induced cAMP level at at 10 uM preincubated for 20 mins prior to forskolin-stimulation measure after 5 mins by liquid scintillation counting method,Tharran,,,,,
CHEMBL1097859,CHEMBL1097859,Cc1ccc(-c2nc(C(=O)Nc3ccccn3)c3n2CCCCC3)cc1,KYSFTXJTWSDCSC-UHFFFAOYSA-N,1,1,1,CHEMBL1108378,CHEMBL1158568,Ki,Antagonist activity at human adenosine A2A receptor expressed in CHO cells assessed as inhibition of NSCA-induced cAMP accumulation pre-incubated for 15 mins by enzyme immunoassay,Tharran,,,,,
CHEMBL113,CAFFEINE,Cn1c(=O)c2c(ncn2C)n(C)c1=O,RYYVLZVUVIJVGH-UHFFFAOYSA-N,1,1,1,CHEMBL2384073,CHEMBL2380258,Ki,Antagonist activity at human adenosine A2A receptor assessed as cAMP level by cell based assay,Tharran,,,,,
CHEMBL1258170,CHEMBL1258170,COc1ccc(Nc2c(-c3ccc4nccnc4c3)c(C)nn2-c2ccccc2C)c(C(=O)O)c1,MCOJHKJMTCBWSD-UHFFFAOYSA-N,1,1,1,CHEMBL1259523,CHEMBL1255521,IC50,Antagonist activity at adenosine A2A receptor by cAMP assay,Tharran,,,,,
CHEMBL4549506,CHEMBL4549506,Cn1c(=O)c2c(nc3n2CCN(Cc2csc(-c4ccc(C(F)(F)F)cc4)n2)C3)n(C)c1=O,ZQRIIWBOYPCWHS-UHFFFAOYSA-N,2,2,1,CHEMBL4430990,CHEMBL4428125,Activity,Agonist activity at recombinant human A2A receptor expressed in CHO cells assessed as increase in forskolin-induced cAMP level at at 10 uM preincubated for 20 mins prior to forskolin-stimulation measure after 5 mins by liquid scintillation counting method,Tharran,,,,,
CHEMBL1460863,CHEMBL1460863,COc1ccc(C(=O)Nc2nc(C)c3cc4c(cc3n2)OCO4)cc1,XAESXNPBEDJXJH-UHFFFAOYSA-N,1,1,1,CHEMBL5336572,CHEMBL5335785,EC50,Antagonist activity at human A2AR expressed in Flp-In-CHO cells assessed as NECA-mediated cAMP accumulation incubated for 30 to 60 mins followed by NECA addition measured after 30 mins by LANCE cAMP assay (Rvb = 8.38 +/- 0.03 No_unit),Tharran,,,,,
CHEMBL1561896,CHEMBL1561896,COc1cccc(COC(=O)c2nn(-c3ccccc3)nc2N)c1,PVXSYGKEPLNOTR-UHFFFAOYSA-N,1,1,1,CHEMBL4123896,CHEMBL4118207,Inhibition,Antagonist activity at human A2A receptor expressed in CHO cells assessed as inhibition of NECA-stimulated cAMP accumulation at 100 nM preincubated for 15 mins followed by NECA addition measured after 15 mins by enzyme immunoassay,Tharran,,,,,
CHEMBL4582207,CHEMBL4582207,Cn1c(=O)c2c(nc3n2CCN(CCCc2ccc(Cl)cc2)C3)n(C)c1=O,OOVWJQCYDXLQQI-UHFFFAOYSA-N,2,2,1,CHEMBL4430990,CHEMBL4428125,Activity,Agonist activity at recombinant human A2A receptor expressed in CHO cells assessed as increase in forskolin-induced cAMP level at at 10 uM preincubated for 20 mins prior to forskolin-stimulation measure after 5 mins by liquid scintillation counting method,Tharran,,,,,
CHEMBL1587915,CHEMBL1587915,CC(C)C(=O)Nc1ncc2c(n1)CC(c1cccs1)CC2=O,YPMWIVBLLPUGOQ-UHFFFAOYSA-N,1,1,1,CHEMBL5336572,CHEMBL5335785,EC50,Antagonist activity at human A2AR expressed in Flp-In-CHO cells assessed as NECA-mediated cAMP accumulation incubated for 30 to 60 mins followed by NECA addition measured after 30 mins by LANCE cAMP assay (Rvb = 8.38 +/- 0.03 No_unit),Tharran,,,,,
CHEMBL1671936,CHEMBL1671936,CC(C)(C)CC(=O)Nc1c(F)cc(C(=O)Nc2nccs2)cc1F,KEUJAGGJGBWRFC-UHFFFAOYSA-N,1,1,1,CHEMBL1679415,CHEMBL1671809,Kb,Antagonist activity at human adenosine A2A receptor expressed in CHO cells assessed as inhibition of NECA-induced cAMP accumulation,Tharran,,,,,
CHEMBL183,"1,3-DIPROPYL-8-CYCLOPENTYLXANTHINE [DPCPX]",CCCn1c(=O)c2[nH]c(C3CCCC3)nc2n(CCC)c1=O,FFBDFADSZUINTG-UHFFFAOYSA-N,1,1,1,CHEMBL4407539,CHEMBL4406810,IC50,Antagonist activity at human A2AR expressed in CHO cells assessed as inhibition of CGS21680-stimulated cAMP production by alphascreen assay,Tharran,,,,,
CHEMBL5171042,CHEMBL5171042,CCNC(=O)[C@H]1O[C@@H](n2cnc3c(N[C@@H]4CCC[C@H]4Oc4ccccc4)ncnc32)[C@H](O)[C@@H]1O,MNMRRFAISKIFMJ-SLHDEKGNSA-N,2,2,1,CHEMBL5099262,CHEMBL5096218,EC50,Agonist activity at human adenosine A2A receptor expressed in CHO-K1 cells assessed as inhibition of forskolin-induced cAMP accumulation incubated for 30 mins by LANCE ultra assay,Tharran,,,,,
CHEMBL197606,CHEMBL197606,CCCn1c(=O)c2nc(-c3ccc(OCC(=O)c4ccc(F)cc4)cn3)[nH]c2n(CCC)c1=O,DVLLEQDRWZECAH-UHFFFAOYSA-N,1,1,1,CHEMBL853546,CHEMBL1148617,pA2,Antagonist potency at cloned recombinant human adenosine A2A receptor transfected in CHO cells by cAMP assay,Tharran,,,,,
CHEMBL1990267,CHEMBL1990267,COc1cccc2cc(C(N)=O)c(=N)oc12,HHMZURGWXAWJGC-UHFFFAOYSA-N,1,1,1,CHEMBL2045255,CHEMBL2040792,pKb,Antagonist activity at human adenosine A2A receptor expressed in CHO cells assessed as inhibition of NECA-induced cAMP accumulation incubated for 15 mins prior to NECA-induction measured after 15 mins by enzyme immunoassay relative to control,Tharran,,,,,
CHEMBL3414942,CHEMBL3414942,CCn1nnc([C@H]2O[C@@H](n3cnc4c(N[C@H]5C[C@@H]6CC[C@@H]5C6)ncnc43)[C@H](O)[C@@H]2O)n1,VBEDZGFOGYYFAA-VAKQMTRESA-N,2,1,1,CHEMBL3420494,CHEMBL3414438,EC50,Agonist activity at human recombinant adenosine A2A receptor transfected in CHO cells assessed as induction of adenylyl cyclase activity,Tharran,,,,,
CHEMBL199446,CHEMBL199446,Cn1c(=O)c2[nH]c(-c3ccc(OCC(=O)Nc4ccc(F)cc4)cc3)cc2n(C)c1=O,OTTHALQEWXGENA-UHFFFAOYSA-N,1,1,1,CHEMBL853546,CHEMBL1148617,Kd,Antagonist potency at cloned recombinant human adenosine A2A receptor transfected in CHO cells by cAMP assay,Tharran,,,,,
CHEMBL201217,CHEMBL201217,CCCn1c(=O)c2nc(-c3cc(OCC(=O)c4ccc(I)cc4)n(C)n3)[nH]c2n(CCC)c1=O,ZDQNNVOXYCDLRR-UHFFFAOYSA-N,1,1,1,CHEMBL853546,CHEMBL1148617,pA2,Antagonist potency at cloned recombinant human adenosine A2A receptor transfected in CHO cells by cAMP assay,Tharran,,,,,
CHEMBL3414944,CHEMBL3414944,CCn1nnc([C@H]2O[C@@H](n3cnc4c(NC5CCCO5)ncnc43)[C@H](O)[C@@H]2O)n1,OZWIQLJRUYENLH-BHETVNITSA-N,2,1,1,CHEMBL3420494,CHEMBL3414438,EC50,Agonist activity at human recombinant adenosine A2A receptor transfected in CHO cells assessed as induction of adenylyl cyclase activity,Tharran,,,,,
CHEMBL2042059,CHEMBL2042059,COc1cccc2cc(C(=O)NC3CCCCC3)c(=N)oc12,LUFDYZFYLCODSE-UHFFFAOYSA-N,1,1,1,CHEMBL2045255,CHEMBL2040792,pKb,Antagonist activity at human adenosine A2A receptor expressed in CHO cells assessed as inhibition of NECA-induced cAMP accumulation incubated for 15 mins prior to NECA-induction measured after 15 mins by enzyme immunoassay relative to control,Tharran,,,,,
CHEMBL2042062,CHEMBL2042062,COc1cccc2cc(C(=O)NCCCOCCCCOCCCNC(=O)c3cc4cccc(OC)c4oc3=N)c(=N)oc12,JNCOYVVDNPCLKB-UHFFFAOYSA-N,1,1,1,CHEMBL2045255,CHEMBL2040792,pKb,Antagonist activity at human adenosine A2A receptor expressed in CHO cells assessed as inhibition of NECA-induced cAMP accumulation incubated for 15 mins prior to NECA-induction measured after 15 mins by enzyme immunoassay relative to control,Tharran,,,,,
CHEMBL2042073,CHEMBL2042073,COc1cccc2cc(C(=O)NCCc3ccc(O)cc3)c(=N)oc12,FZDOJZCUDKGLGL-UHFFFAOYSA-N,1,1,1,CHEMBL2045255,CHEMBL2040792,pKb,Antagonist activity at human adenosine A2A receptor expressed in CHO cells assessed as inhibition of NECA-induced cAMP accumulation incubated for 15 mins prior to NECA-induction measured after 15 mins by enzyme immunoassay relative to control,Tharran,,,,,
CHEMBL3414946,CHEMBL3414946,CCn1nnc([C@H]2O[C@@H](n3cnc4c(Nc5ccc(Cl)cc5F)ncnc43)[C@H](O)[C@@H]2O)n1,SLEKQRJDUVSCPY-MOROJQBDSA-N,2,1,1,CHEMBL3420494,CHEMBL3414438,EC50,Agonist activity at human recombinant adenosine A2A receptor transfected in CHO cells assessed as induction of adenylyl cyclase activity,Tharran,,,,,
CHEMBL2042081,CHEMBL2042081,COc1cccc2cc(C(=O)Nc3c(C#N)ncn3-c3ccc(F)cc3)c(=N)oc12,VLBFZMVIQCLDRL-UHFFFAOYSA-N,1,1,1,CHEMBL2045255,CHEMBL2040792,pKb,Antagonist activity at human adenosine A2A receptor expressed in CHO cells assessed as inhibition of NECA-induced cAMP accumulation incubated for 15 mins prior to NECA-induction measured after 15 mins by enzyme immunoassay relative to control,Tharran,,,,,
CHEMBL2153620,CHEMBL2153620,CC1CCC(N2CCCn3c2nc2c3c(=O)n(C)c(=O)n2C)CC1,HXKSIAZEWSOTLE-UHFFFAOYSA-N,1,1,1,CHEMBL2154401,CHEMBL2150901,Kb,Antagonist activity human recombinant adenosine A2A receptor expressed in CHO cells assessed as inhibition of NECA-mediated [3H]cAMP accumulation after 15 mins by liquid scintillation counting,Tharran,,,,,
CHEMBL119709,IB-MECA,CNC(=O)[C@H]1O[C@@H](n2cnc3c(NCc4cccc(I)c4)ncnc32)[C@H](O)[C@@H]1O,HUJXGQILHAUCCV-MOROJQBDSA-N,1,1,1,CHEMBL3135340,CHEMBL3132785,EC50,Agonist activity at human adenosine A2A receptor expressed in FlpIn-CHO cells assessed as inhibition of forskolin-induced cAMP accumulation after 30 mins by fluorescence assay,Tharran,,,,,
CHEMBL2153627,CHEMBL2153627,Cn1c(=O)c2c(nc3n2CCCN3CC2CC2)n(C)c1=O,YRBJBKSUFQWHDB-UHFFFAOYSA-N,1,1,1,CHEMBL2154401,CHEMBL2150901,Kb,Antagonist activity human recombinant adenosine A2A receptor expressed in CHO cells assessed as inhibition of NECA-mediated [3H]cAMP accumulation after 15 mins by liquid scintillation counting,Tharran,,,,,
CHEMBL2153629,CHEMBL2153629,Cn1c(=O)c2c(nc3n2CCN3C2CCCCCCC2)n(C)c1=O,BMVNEXDBQUNWCE-UHFFFAOYSA-N,1,1,1,CHEMBL2154401,CHEMBL2150901,Kb,Antagonist activity human recombinant adenosine A2A receptor expressed in CHO cells assessed as inhibition of NECA-mediated [3H]cAMP accumulation after 15 mins by liquid scintillation counting,Tharran,,,,,
CHEMBL122396,CHEMBL122396,COc1ccc(-c2c(C#N)c(N)nc(SCc3ncc[nH]3)c2C#N)cc1,BCWROVBBUOSFGD-UHFFFAOYSA-N,1,1,1,CHEMBL649777,CHEMBL1148363,Efficacy,Stimulation of human adenosine A2A receptor in production of cAMP in CHO cells,Tharran,,,,,
CHEMBL2165799,CHEMBL2165799,Nc1nc(-c2ccccc2)c2c(n1)-c1cc(Cc3cncc(F)c3)ccc1C2=O,SGXSQJCDFWYGRN-UHFFFAOYSA-N,1,1,1,CHEMBL2167687,CHEMBL2163234,Ki,Antagonist activity at human Adenosine receptor A2a assessed as inhibition of cAMP production,Tharran,,,,,
CHEMBL2165804,CHEMBL2165804,CC(C)n1cc(-c2ncc(N)nc2-c2ccc(F)cc2)ccc1=O,MNUJNGGYFNZUNB-UHFFFAOYSA-N,1,1,1,CHEMBL2167687,CHEMBL2163234,Ki,Antagonist activity at human Adenosine receptor A2a assessed as inhibition of cAMP production,Tharran,,,,,
CHEMBL2165806,CHEMBL2165806,Nc1nc(-c2ccccc2)c2c(n1)-c1cc(CN3C4CCC3CC4)ccc1C2=O,CTSJRKVVECGHGZ-UHFFFAOYSA-N,1,1,1,CHEMBL2167687,CHEMBL2163234,Ki,Antagonist activity at human Adenosine receptor A2a assessed as inhibition of cAMP production,Tharran,,,,,
CHEMBL1417210,CHEMBL1417210,Cc1nn(-c2ccccc2)nc1C(N)=O,IHPOVUXVIZRYAC-UHFFFAOYSA-N,1,1,1,CHEMBL5129738,CHEMBL5126601,Activity,Agonist activity at human adenosine A2A receptor expressed in HEK293T cells assessed as stimulation of cAMP accumulation by GloSensor cAMP accumulation assay,Tharran,,,,,
CHEMBL2377086,CHEMBL2377086,Nc1nc(-c2ccccc2)nc2sccc12,VQUWVROZMNLFDC-UHFFFAOYSA-N,1,1,1,CHEMBL2380019,CHEMBL2375358,Ki,Antagonist activity at human adenosine A2a receptor expressed in CHOK1 cells assessed as inhibition of NECA/forskolin-induced cAMP accumulation incubated for 15 mins prior to NECA/forskolin challenge measured after 5.5 to 6 hrs by beta-galactosidase reporter gene assay,Tharran,,,,,
CHEMBL2377087,CHEMBL2377087,Nc1nc(-c2ccccc2)nc2sc(-c3ccccc3)cc12,DOOVOCKWYMYRGX-UHFFFAOYSA-N,1,1,1,CHEMBL2380019,CHEMBL2375358,Ki,Antagonist activity at human adenosine A2a receptor expressed in CHOK1 cells assessed as inhibition of NECA/forskolin-induced cAMP accumulation incubated for 15 mins prior to NECA/forskolin challenge measured after 5.5 to 6 hrs by beta-galactosidase reporter gene assay,Tharran,,,,,
CHEMBL1573515,CHEMBL1573515,O=c1cc(NCc2ccccc2)nc2ccccn12,ZRWBHKXIXMTWJN-UHFFFAOYSA-N,1,1,1,CHEMBL5129738,CHEMBL5126601,Activity,Agonist activity at human adenosine A2A receptor expressed in HEK293T cells assessed as stimulation of cAMP accumulation by GloSensor cAMP accumulation assay,Tharran,,,,,
CHEMBL2377088,CHEMBL2377088,Nc1nc(-c2ccccc2)nc2sc(Cc3ccccc3)cc12,YCJUYKBUDGJHNY-UHFFFAOYSA-N,1,1,1,CHEMBL2380019,CHEMBL2375358,Ki,Antagonist activity at human adenosine A2a receptor expressed in CHOK1 cells assessed as inhibition of NECA/forskolin-induced cAMP accumulation incubated for 15 mins prior to NECA/forskolin challenge measured after 5.5 to 6 hrs by beta-galactosidase reporter gene assay,Tharran,,,,,
CHEMBL2377089,CHEMBL2377089,Nc1nc(-c2ccccc2)nc2sc(CCc3ccccc3)cc12,CDJGHJCXXQGCRZ-UHFFFAOYSA-N,1,1,1,CHEMBL2380019,CHEMBL2375358,Ki,Antagonist activity at human adenosine A2a receptor expressed in CHOK1 cells assessed as inhibition of NECA/forskolin-induced cAMP accumulation incubated for 15 mins prior to NECA/forskolin challenge measured after 5.5 to 6 hrs by beta-galactosidase reporter gene assay,Tharran,,,,,
CHEMBL2377095,CHEMBL2377095,C=C(c1ccccc1)c1cc2c(N)nc(-c3cccc(C#N)c3)nc2s1,BHVPOSFNSGUGIO-UHFFFAOYSA-N,1,1,1,CHEMBL2380019,CHEMBL2375358,Ki,Antagonist activity at human adenosine A2a receptor expressed in CHOK1 cells assessed as inhibition of NECA/forskolin-induced cAMP accumulation incubated for 15 mins prior to NECA/forskolin challenge measured after 5.5 to 6 hrs by beta-galactosidase reporter gene assay,Tharran,,,,,
CHEMBL1950653,CHEMBL1950653,CCNC(=O)[C@H]1O[C@@H](n2cnc3c(N)nc(NCCc4ccc(CCC(=O)N[C@@H](Cc5ccccc5)C(=O)OC)cc4)nc32)[C@H](O)[C@@H]1O,BWHLYEQTTHPURZ-QLYQVZKDSA-N,1,1,1,CHEMBL1955229,CHEMBL1949672,Emax,Agonist activity at human A2A adenosine receptor expressed in CHO cells assessed as stimulation of forskolin-induced cAMP production at 10 uM preincubated for 45 mins prior forskolin treatment measured after 15 mins by liquid scintillation spectrometry relative to 2-[p-(2-carboxyethyl)phenylethylamino]-5'-N-ethylcarboxamido-adenosine,Tharran,,,,,
CHEMBL2377096,CHEMBL2377096,N#Cc1cccc(-c2nc(N)c3cc(C4(c5ccccc5)CC4)sc3n2)c1,JWFFZYKQEFJTQY-UHFFFAOYSA-N,1,1,1,CHEMBL2380019,CHEMBL2375358,Ki,Antagonist activity at human adenosine A2a receptor expressed in CHOK1 cells assessed as inhibition of NECA/forskolin-induced cAMP accumulation incubated for 15 mins prior to NECA/forskolin challenge measured after 5.5 to 6 hrs by beta-galactosidase reporter gene assay,Tharran,,,,,
CHEMBL2377108,CHEMBL2377108,Cc1ccc(-c2nc(N)c3cc(CCc4ccccc4)sc3n2)o1,CZCQGKAJTJOUKQ-UHFFFAOYSA-N,1,1,1,CHEMBL2380019,CHEMBL2375358,Ki,Antagonist activity at human adenosine A2a receptor expressed in CHOK1 cells assessed as inhibition of NECA/forskolin-induced cAMP accumulation incubated for 15 mins prior to NECA/forskolin challenge measured after 5.5 to 6 hrs by beta-galactosidase reporter gene assay,Tharran,,,,,
CHEMBL1950655,CHEMBL1950655,CCNC(=O)[C@H]1O[C@@H](n2cnc3c(N)nc(NCCc4ccc(CCC(=O)N[C@@H](Cc5c[nH]c6ccccc56)C(=O)OC)cc4)nc32)[C@H](O)[C@@H]1O,WPQKCNOVLXDKLF-SNPPRPGFSA-N,1,1,1,CHEMBL1955229,CHEMBL1949672,Emax,Agonist activity at human A2A adenosine receptor expressed in CHO cells assessed as stimulation of forskolin-induced cAMP production at 10 uM preincubated for 45 mins prior forskolin treatment measured after 15 mins by liquid scintillation spectrometry relative to 2-[p-(2-carboxyethyl)phenylethylamino]-5'-N-ethylcarboxamido-adenosine,Tharran,,,,,
CHEMBL2377223,CHEMBL2377223,Nc1nc(-c2ccc(C3CC3)o2)nc2sc(Cc3ccccc3)cc12,NVNOBGYXPMPAEC-UHFFFAOYSA-N,1,1,1,CHEMBL2380019,CHEMBL2375358,Ki,Antagonist activity at human adenosine A2a receptor expressed in CHOK1 cells assessed as inhibition of NECA/forskolin-induced cAMP accumulation incubated for 15 mins prior to NECA/forskolin challenge measured after 5.5 to 6 hrs by beta-galactosidase reporter gene assay,Tharran,,,,,
CHEMBL2377235,CHEMBL2377235,C=C(c1ccccc1)c1cc2c(N)nc(-c3nc(C)cs3)nc2s1,DFBNAUSKOWYPSJ-UHFFFAOYSA-N,1,1,1,CHEMBL2380019,CHEMBL2375358,Ki,Antagonist activity at human adenosine A2a receptor expressed in CHOK1 cells assessed as inhibition of NECA/forskolin-induced cAMP accumulation incubated for 15 mins prior to NECA/forskolin challenge measured after 5.5 to 6 hrs by beta-galactosidase reporter gene assay,Tharran,,,,,
CHEMBL1950665,CHEMBL1950665,CCNC(=O)[C@H]1O[C@@H](n2cnc3c(N)nc(NCCc4ccc(CCC(=O)N[C@@H](Cc5c[nH]cn5)C(=O)O)cc4)nc32)[C@H](O)[C@@H]1O,XDBPGTOUWLQGCG-RKMGSRDVSA-N,1,1,1,CHEMBL1955229,CHEMBL1949672,Emax,Agonist activity at human A2A adenosine receptor expressed in CHO cells assessed as stimulation of forskolin-induced cAMP production at 10 uM preincubated for 45 mins prior forskolin treatment measured after 15 mins by liquid scintillation spectrometry relative to 2-[p-(2-carboxyethyl)phenylethylamino]-5'-N-ethylcarboxamido-adenosine,Tharran,,,,,
CHEMBL2377236,CHEMBL2377236,Cc1csc(-c2nc(N)c3cc(C4(c5ccccc5)CC4)sc3n2)n1,NEGXZKPQYUOIFO-UHFFFAOYSA-N,1,1,1,CHEMBL2380019,CHEMBL2375358,Ki,Antagonist activity at human adenosine A2a receptor expressed in CHOK1 cells assessed as inhibition of NECA/forskolin-induced cAMP accumulation incubated for 15 mins prior to NECA/forskolin challenge measured after 5.5 to 6 hrs by beta-galactosidase reporter gene assay,Tharran,,,,,
CHEMBL2377238,CHEMBL2377238,Cc1ccc(-c2nc(N)c3cc(-c4ccccc4)sc3n2)o1,JNBHZYOEHBWUGX-UHFFFAOYSA-N,1,1,1,CHEMBL2380019,CHEMBL2375358,Ki,Antagonist activity at human adenosine A2a receptor expressed in CHOK1 cells assessed as inhibition of NECA/forskolin-induced cAMP accumulation incubated for 15 mins prior to NECA/forskolin challenge measured after 5.5 to 6 hrs by beta-galactosidase reporter gene assay,Tharran,,,,,
CHEMBL240624,PRELADENANT,COCCOc1ccc(N2CCN(CCn3ncc4c3nc(N)n3nc(-c5ccco5)nc43)CC2)cc1,DTYWJKSSUANMHD-UHFFFAOYSA-N,1,1,1,CHEMBL903286,CHEMBL1139101,Kb,Antagonist activity at human adenosine A2A receptor assessed as CGS 21680-induced inhibition of adenylate cyclase activity by cell-based assay,Tharran,,,,,
CHEMBL2042301,CHEMBL2042301,CCNC(=O)[C@H]1O[C@@H](n2cnc3c(N)nc(NCCc4ccc(NC(=O)c5cc(C(C)(C)C)cc(C(C)(C)C)c5)cc4)nc32)[C@H](O)[C@@H]1O,TXMBOCGCZJDFNZ-ACIRYHQQSA-N,1,1,1,CHEMBL2044689,CHEMBL2040819,EC50,Agonist activity at human adenosine A2A receptor expressed in CHO cells assessed as increase in intracellular cAMP level after 30 mins,Tharran,,,,,
CHEMBL259105,CHEMBL259105,Cn1c(=O)c2[nH]c(-c3ccc(OCC(=O)N4CCc5ccccc5C4)cc3)cc2n(C)c1=O,XICBEZUAIRPALD-UHFFFAOYSA-N,1,1,1,CHEMBL940083,CHEMBL1143979,Activity,Antagonist activity at human adenosine A2A receptor expressed in CHO cells by cAMP assay,Tharran,,,,,
CHEMBL259580,CHEMBL259580,CCCn1c(=O)n(C)c(=O)c2[nH]c(-c3ccc(OCC(=O)N4CCN(c5ccc(F)cc5)CC4)cc3)cc21,SLHFRTFEGMLRBP-UHFFFAOYSA-N,1,1,1,CHEMBL940083,CHEMBL1143979,Activity,Antagonist activity at human adenosine A2A receptor expressed in CHO cells by cAMP assay,Tharran,,,,,
CHEMBL2042303,CHEMBL2042303,CCNC(=O)[C@H]1O[C@@H](n2cnc3c(N)nc(NCCc4ccc(NC(=O)CCCC[C@H]5CCSS5)cc4)nc32)[C@H](O)[C@@H]1O,SQCZJYTXAWXOND-RKMGSRDVSA-N,1,1,1,CHEMBL2044689,CHEMBL2040819,EC50,Agonist activity at human adenosine A2A receptor expressed in CHO cells assessed as increase in intracellular cAMP level after 30 mins,Tharran,,,,,
CHEMBL270654,CHEMBL270654,Cc1cc(C)n(-c2cc(NC(=O)Cc3ccc(S(C)(=O)=O)cc3)nc(-c3ccccn3)n2)n1,ZKEREZNJKGRMFY-UHFFFAOYSA-N,1,1,1,CHEMBL930535,CHEMBL1142297,IC50,Antagonist activity at human adenosine A2A receptor expressed in HEK293 cells by cAMP assay,Tharran,,,,,
CHEMBL273094,XANTHINE AMINE CONGENER,CCCn1c(=O)c2[nH]c(-c3ccc(OCC(=O)NCCN)cc3)nc2n(CCC)c1=O,FIQGIOAELHTLHM-UHFFFAOYSA-N,1,1,1,CHEMBL2384073,CHEMBL2380258,Ki,Antagonist activity at human adenosine A2A receptor assessed as cAMP level by cell based assay,Tharran,,,,,
CHEMBL294223,CHEMBL294223,CCCn1c(=O)n(C)c(=O)c2[nH]c(-c3ccc(OCC(=O)N4CCC(c5ccccc5)(c5ccccc5)CC4)cc3)cc21,NHADJLJUOVTRKS-UHFFFAOYSA-N,1,1,1,CHEMBL940083,CHEMBL1143979,Activity,Antagonist activity at human adenosine A2A receptor expressed in CHO cells by cAMP assay,Tharran,,,,,
CHEMBL2042304,CHEMBL2042304,CCNC(=O)[C@H]1O[C@@H](n2cnc3c(NCC(c4ccccc4)c4ccccc4)nc(F)nc32)[C@H](O)[C@@H]1O,QIMAEJZEQKSMHZ-UGCAPWQASA-N,1,1,1,CHEMBL2044689,CHEMBL2040819,EC50,Agonist activity at human adenosine A2A receptor expressed in CHO cells assessed as increase in intracellular cAMP level after 30 mins,Tharran,,,,,
CHEMBL3217867,CHEMBL3217867,N#Cc1cccc(-c2nc(N)c3cc(CN4CCCC4)sc3n2)c1,XAJHCZJNDNZUFV-UHFFFAOYSA-N,1,1,1,CHEMBL3223903,CHEMBL3217453,Ki,Antagonist activity at human adenosine A2A receptor expressed in CHO-K1 cells preincubated for 15 mins before NECA addition measured after 5.5 to 6 hrs by beta-galactosidase reporter gene assay,Tharran,,,,,
CHEMBL3222049,CHEMBL3222049,Nc1nc(-c2ccco2)nc2sc(CNC3CC3)cc12,WUIJOMASCIDKAR-UHFFFAOYSA-N,1,1,1,CHEMBL3223903,CHEMBL3217453,Ki,Antagonist activity at human adenosine A2A receptor expressed in CHO-K1 cells preincubated for 15 mins before NECA addition measured after 5.5 to 6 hrs by beta-galactosidase reporter gene assay,Tharran,,,,,
CHEMBL2042305,CHEMBL2042305,CCNC(=O)[C@H]1O[C@@H](n2cnc3c(NCC(c4ccccc4)c4ccccc4)nc(NCCc4ccccc4)nc32)[C@H](O)[C@@H]1O,LPUCXUCWIQBLNE-KCIBBDPESA-N,1,1,1,CHEMBL2044689,CHEMBL2040819,EC50,Agonist activity at human adenosine A2A receptor expressed in CHO cells assessed as increase in intracellular cAMP level after 30 mins,Tharran,,,,,
CHEMBL3222051,CHEMBL3222051,Nc1nc(-c2ccco2)nc2sc(CN3CCCC3)cc12,MPLWCHQDAAXUTI-UHFFFAOYSA-N,1,1,1,CHEMBL3223903,CHEMBL3217453,Ki,Antagonist activity at human adenosine A2A receptor expressed in CHO-K1 cells preincubated for 15 mins before NECA addition measured after 5.5 to 6 hrs by beta-galactosidase reporter gene assay,Tharran,,,,,
CHEMBL3222054,CHEMBL3222054,Nc1nc(-c2ccco2)nc2sc(CN3CCCCCC3)cc12,SSJXHQWCBBLDCI-UHFFFAOYSA-N,1,1,1,CHEMBL3223903,CHEMBL3217453,Ki,Antagonist activity at human adenosine A2A receptor expressed in CHO-K1 cells preincubated for 15 mins before NECA addition measured after 5.5 to 6 hrs by beta-galactosidase reporter gene assay,Tharran,,,,,
CHEMBL2042308,CHEMBL2042308,CCNC(=O)[C@H]1O[C@@H](n2cnc3c(NCC(c4ccccc4)c4ccccc4)nc(NCCc4ccc(NC(=O)c5cc(C(C)(C)C)cc(C(C)(C)C)c5)cc4)nc32)[C@H](O)[C@@H]1O,AGLLTBWZMRXXOV-FWBSXESASA-N,1,1,1,CHEMBL2044689,CHEMBL2040819,EC50,Agonist activity at human adenosine A2A receptor expressed in CHO cells assessed as increase in intracellular cAMP level after 30 mins,Tharran,,,,,
CHEMBL3222057,CHEMBL3222057,Cc1ccc(-c2nc(N)c3cc(CN4CCc5ccccc5C4)sc3n2)o1,JQPWKEHWBDMVSV-UHFFFAOYSA-N,1,1,1,CHEMBL3223903,CHEMBL3217453,Ki,Antagonist activity at human adenosine A2A receptor expressed in CHO-K1 cells preincubated for 15 mins before NECA addition measured after 5.5 to 6 hrs by beta-galactosidase reporter gene assay,Tharran,,,,,
CHEMBL3222064,CHEMBL3222064,Nc1nc(-c2ccco2)nc2sc(CN3CCC(=O)CC3)cc12,LHLASRBBJLLXBC-UHFFFAOYSA-N,1,1,1,CHEMBL3223903,CHEMBL3217453,Ki,Antagonist activity at human adenosine A2A receptor expressed in CHO-K1 cells preincubated for 15 mins before NECA addition measured after 5.5 to 6 hrs by beta-galactosidase reporter gene assay,Tharran,,,,,
CHEMBL3222102,CHEMBL3222102,Nc1nc(-c2cc3ccccc3o2)nc2sc(CN3CCC(F)CC3)cc12,FCGAKHXBRHDRBH-UHFFFAOYSA-N,1,1,1,CHEMBL3223903,CHEMBL3217453,Ki,Antagonist activity at human adenosine A2A receptor expressed in CHO-K1 cells preincubated for 15 mins before NECA addition measured after 5.5 to 6 hrs by beta-galactosidase reporter gene assay,Tharran,,,,,
CHEMBL2042310,CHEMBL2042310,CCNC(=O)[C@H]1O[C@@H](n2cnc3c(NCC(c4ccccc4)c4ccccc4)nc(NCCc4ccc(NC(=O)CCCC[C@H]5CCSS5)cc4)nc32)[C@H](O)[C@@H]1O,KGGRLFLXKXSBIC-MPBXGEDSSA-N,1,1,1,CHEMBL2044689,CHEMBL2040819,EC50,Agonist activity at human adenosine A2A receptor expressed in CHO cells assessed as increase in intracellular cAMP level after 30 mins,Tharran,,,,,
CHEMBL372148,CHEMBL372148,CCCn1c(=O)c2[nH]c(-c3ccc(OCC(=O)Nc4ccc(-c5ccccc5)cc4)cc3)cc2n(C)c1=O,FTVRDQDWDBZPQP-UHFFFAOYSA-N,1,1,1,CHEMBL853546,CHEMBL1148617,Kd,Antagonist potency at cloned recombinant human adenosine A2A receptor transfected in CHO cells by cAMP assay,Tharran,,,,,
CHEMBL398272,CHEMBL398272,CN1CCN(CC(=O)Nc2cc(-c3nccs3)nc(-c3ccco3)n2)CC1,NPNLXWRCDBORLG-UHFFFAOYSA-N,1,1,1,CHEMBL949245,CHEMBL1142326,IC50,Antagonist activity at human adenosine A2A receptor by cAMP assay,Tharran,,,,,
CHEMBL216392,CHEMBL216392,CNc1nc(-c2cn(Cc3cccc(Cl)c3)nn2)nc2c1ncn2[C@@H]1O[C@H](CO)[C@@H](O)[C@H]1O,DJQKAKFNNBFTLQ-KHTYJDQRSA-N,1,1,1,CHEMBL909310,CHEMBL1137298,Activity,Activity at human adenosine A2A receptor in CHO cells assessed as stimulation of cAMP production relative to NECA at 10 uM,Tharran,,,,,
CHEMBL4064207,CHEMBL4064207,COc1ccc(N2CCOCC2)c2sc(NC(=O)C3(C)CCC(C)(O)CC3)nc12,UJRKOSVHCNMAII-UHFFFAOYSA-N,1,1,1,CHEMBL5126865,CHEMBL5126505,Ki,Antagonist activity at recombinant human adenosine A2A receptor expressed in HEK293 cells measured by cAMP functional assay,Tharran,,,,,
CHEMBL4065326,CHEMBL4065326,COc1ccc(N2CCOCC2)c2sc(NC(=O)C(C)(C)Oc3ccc(F)c(F)c3)nc12,YFKXIEKMGLBNSH-UHFFFAOYSA-N,1,1,1,CHEMBL5126865,CHEMBL5126505,Ki,Antagonist activity at recombinant human adenosine A2A receptor expressed in HEK293 cells measured by cAMP functional assay,Tharran,,,,,
CHEMBL218326,CHEMBL218326,CNc1nc(-n2cc(-c3ccccn3)nn2)nc2c1ncn2[C@@H]1O[C@H](CO)[C@@H](O)[C@H]1O,BFNBQDWOBYWSKD-LSCFUAHRSA-N,1,1,1,CHEMBL909310,CHEMBL1137298,Activity,Activity at human adenosine A2A receptor in CHO cells assessed as stimulation of cAMP production relative to NECA at 10 uM,Tharran,,,,,
CHEMBL4128848,CHEMBL4128848,O=C(Nc1nc2cccc(Cl)c2[nH]1)c1ccccc1,UYANATZTFXSNEV-UHFFFAOYSA-N,1,1,1,CHEMBL4123895,CHEMBL4118207,Inhibition,Antagonist activity at human A2A receptor expressed in CHO cells assessed as inhibition of NECA-stimulated cAMP accumulation at 1 uM preincubated for 15 mins followed by NECA addition measured after 15 mins by enzyme immunoassay,Tharran,,,,,
CHEMBL4203542,CHEMBL4203542,Cc1nc2cc(N3CCN(CCn4c(=O)n(C)c5c4nc(N)n4nc(-c6ccco6)nc54)CC3)c(F)cc2o1,HZAQUZWWTITTFO-UHFFFAOYSA-N,1,1,1,CHEMBL4193732,CHEMBL4190330,Ki,Antagonist activity at human A2A receptor expressed in HEK293 cell membranes assessed as reduction in CGS-21680-induced cAMP level pretreated for 15 mins followed by CGS-21680 addition measured after 30 mins by HTRF assay,Tharran,,,,,
CHEMBL4204531,CHEMBL4204531,COCC(C)(C)Oc1ccc(N2CCN(CCn3c(=O)n(C)c4c3nc(N)n3nc(-c5ccco5)nc43)CC2)cc1,WTSGLQVSVKYTNF-UHFFFAOYSA-N,1,1,1,CHEMBL4193732,CHEMBL4190330,Ki,Antagonist activity at human A2A receptor expressed in HEK293 cell membranes assessed as reduction in CGS-21680-induced cAMP level pretreated for 15 mins followed by CGS-21680 addition measured after 30 mins by HTRF assay,Tharran,,,,,
CHEMBL219055,CHEMBL219055,CCc1cn(-c2nc(NC)c3ncn([C@@H]4O[C@H](CO)[C@@H](O)[C@H]4O)c3n2)nn1,JBQPJIFYNWOTMD-IDTAVKCVSA-N,1,1,1,CHEMBL909310,CHEMBL1137298,Activity,Activity at human adenosine A2A receptor in CHO cells assessed as stimulation of cAMP production relative to NECA at 10 uM,Tharran,,,,,
CHEMBL4205884,CHEMBL4205884,Cn1c(=O)n(CCN2CCN(c3ccc(OC4CC4)cc3)CC2)c2nc(N)n3nc(-c4ccco4)nc3c21,DSELQYYUAIUYPA-UHFFFAOYSA-N,1,1,1,CHEMBL4193732,CHEMBL4190330,Ki,Antagonist activity at human A2A receptor expressed in HEK293 cell membranes assessed as reduction in CGS-21680-induced cAMP level pretreated for 15 mins followed by CGS-21680 addition measured after 30 mins by HTRF assay,Tharran,,,,,
CHEMBL4207839,CHEMBL4207839,Cn1c(=O)n(CCN2CCN(c3ccc(OCCOC4CC4)cc3)CC2)c2nc(N)n3nc(-c4ccco4)nc3c21,ZDTKVDOJSNWXML-UHFFFAOYSA-N,1,1,1,CHEMBL4193732,CHEMBL4190330,Ki,Antagonist activity at human A2A receptor expressed in HEK293 cell membranes assessed as reduction in CGS-21680-induced cAMP level pretreated for 15 mins followed by CGS-21680 addition measured after 30 mins by HTRF assay,Tharran,,,,,
CHEMBL219256,CHEMBL219256,CNc1nc(-n2cc(CC3CCCC3)nn2)nc2c1ncn2[C@@H]1O[C@H](CO)[C@@H](O)[C@H]1O,UVCPEXPHSCKQFM-SCFUHWHPSA-N,1,1,1,CHEMBL909310,CHEMBL1137298,Activity,Activity at human adenosine A2A receptor in CHO cells assessed as stimulation of cAMP production relative to NECA at 10 uM,Tharran,,,,,
CHEMBL4207914,CHEMBL4207914,Cn1c(=O)n(CCN2CCN(c3ccc(OC4CCOCC4)cc3)CC2)c2nc(N)n3nc(-c4ccco4)nc3c21,VJHSRYVQSIZZOS-UHFFFAOYSA-N,1,1,1,CHEMBL4193732,CHEMBL4190330,Ki,Antagonist activity at human A2A receptor expressed in HEK293 cell membranes assessed as reduction in CGS-21680-induced cAMP level pretreated for 15 mins followed by CGS-21680 addition measured after 30 mins by HTRF assay,Tharran,,,,,
CHEMBL4212810,CHEMBL4212810,Cn1c(=O)n(CCN2CCN(c3nc(C(F)(F)F)cs3)CC2)c2nc(N)n3nc(-c4ccco4)nc3c21,YOXUINAHBUOBMU-UHFFFAOYSA-N,1,1,1,CHEMBL4193732,CHEMBL4190330,Ki,Antagonist activity at human A2A receptor expressed in HEK293 cell membranes assessed as reduction in CGS-21680-induced cAMP level pretreated for 15 mins followed by CGS-21680 addition measured after 30 mins by HTRF assay,Tharran,,,,,
CHEMBL4212821,CHEMBL4212821,Cn1c(=O)n(CCN2CCN(c3ccc(OC4CCOC4)cc3)CC2)c2nc(N)n3nc(-c4ccco4)nc3c21,KMMFUGMKQUTMNT-UHFFFAOYSA-N,1,1,1,CHEMBL4193732,CHEMBL4190330,Ki,Antagonist activity at human A2A receptor expressed in HEK293 cell membranes assessed as reduction in CGS-21680-induced cAMP level pretreated for 15 mins followed by CGS-21680 addition measured after 30 mins by HTRF assay,Tharran,,,,,
CHEMBL225368,CHEMBL225368,CC(C)[C@H](NC(=O)[C@H](Cc1ccc([N+](=O)[O-])cc1)NC(=O)[C@@H]1C=C2c3cccc4[nH]cc(c34)C[C@H]2N(C)C1)C(=O)N1c2ccccc2C[C@H]1C(N)=O,OSBIAWPZBNFCQQ-ODNYIURZSA-N,1,1,1,CHEMBL889385,CHEMBL1145382,Activity,Agonist activity at adenosine A2A receptor in SH-SY5Y cells assessed as CGS-induced intracellular cAMP production at 50 uM,Tharran,,,,,
CHEMBL4284097,CHEMBL4284097,Nc1cc(NC(=O)CN2CCCCC2)cc2nc(-c3ccco3)oc12,DFHJRVMQONSFPQ-UHFFFAOYSA-N,1,1,1,CHEMBL4253810,CHEMBL4251607,IC50,Antagonist activity at human adenosine A2A receptor expressed in HEK293 cell membranes assessed as inhibition of CGS241680-induced [35S]GTPgammaS binding preincubated for 10 mins followed by CGS241680 addition by TopCount scintillation counting method,Tharran,,,,,
CHEMBL4284595,CHEMBL4284595,Nc1cc(-c2ccco2)c2oc(-c3ccco3)nc2c1,CFHKTWHFWORIBL-UHFFFAOYSA-N,1,1,1,CHEMBL4253810,CHEMBL4251607,IC50,Antagonist activity at human adenosine A2A receptor expressed in HEK293 cell membranes assessed as inhibition of CGS241680-induced [35S]GTPgammaS binding preincubated for 10 mins followed by CGS241680 addition by TopCount scintillation counting method,Tharran,,,,,
CHEMBL225459,CHEMBL225459,Nc1nc(OCCc2c[nH]c3cc(Br)ccc23)nc2c1ncn2[C@@H]1O[C@H](CO)[C@@H](O)[C@H]1O,OXLUZSPXALFOBX-NVQRDWNXSA-N,1,1,1,CHEMBL918613,CHEMBL1144471,EC50,Agonist activity at human adenosine A2A receptor expressed in CHO cells assessed as stimulation of cAMP production,Tharran,,,,,
CHEMBL4287056,CHEMBL4287056,O=C(CN1CCCCC1)Nc1cc(-c2ccco2)c2oc(-c3ccco3)nc2c1,HGXZSQKJGZKRPF-UHFFFAOYSA-N,1,1,1,CHEMBL4253810,CHEMBL4251607,IC50,Antagonist activity at human adenosine A2A receptor expressed in HEK293 cell membranes assessed as inhibition of CGS241680-induced [35S]GTPgammaS binding preincubated for 10 mins followed by CGS241680 addition by TopCount scintillation counting method,Tharran,,,,,
CHEMBL4294888,CHEMBL4294888,Nc1nc2c(cnn2CCCc2ccc(OCC(=O)NCCCCNC(=O)CCCCCNC(=O)COc3ccc(/C=C/C4=[N+]5C(=Cc6ccc(-c7cccs7)n6[B-]5(F)F)C=C4)cc3)cc2)c2nc(-c3ccco3)nn12,HBQGBAGFDWWJPZ-QGOAFFKASA-N,1,1,1,CHEMBL4262955,CHEMBL4261547,EC50,Antagonist activity at recombinant human adenosine receptor A2A expressed in CHO cells assessed as inhibition of CGS21680-induced cAMP accumulation by measuring CGS21680 EC50 at 1000 nM preincubated for 5 mins followed by CGS21680 addition and measured after 20 mins by alpha screen assay (Rvb = 0.89 +/- 0.17 nM),Tharran,,,,,
CHEMBL226694,CHEMBL226694,CC(C)[C@H](NC(=O)[C@@H]1C=C2c3cccc4[nH]cc(c34)C[C@H]2N(C)C1)C(=O)N[C@@H](CCC1CCCCC1)C(=O)N1c2ccccc2C[C@H]1C(N)=O,CWFYFSVSDFREOX-HNLGHXBASA-N,1,1,1,CHEMBL889385,CHEMBL1145382,Activity,Agonist activity at adenosine A2A receptor in SH-SY5Y cells assessed as CGS-induced intracellular cAMP production at 50 uM,Tharran,,,,,
CHEMBL4300239,CHEMBL4300239,Nc1nc2c(cnn2CCCc2ccc(OCc3ccc(S(=O)(=O)O)cc3)cc2)c2nc(-c3ccco3)nn12,ZCGYHWOGFGROOT-UHFFFAOYSA-N,1,1,1,CHEMBL4262956,CHEMBL4261547,EC50,Antagonist activity at recombinant human adenosine receptor A2A expressed in CHO cells assessed as inhibition of CGS21680-induced cAMP accumulation by measuring CGS21680 EC50 at 100 nM preincubated for 5 mins followed by CGS21680 addition and measured after 20 mins by alpha screen assay (Rvb = 0.89 +/- 0.17 nM),Tharran,,,,,
CHEMBL4440752,CHEMBL4440752,N#Cc1c(N)nc(SCc2cccnc2)c(C#N)c1-c1ccco1,RCHMOBFVVHVEGJ-UHFFFAOYSA-N,1,1,1,CHEMBL4407539,CHEMBL4406810,IC50,Antagonist activity at human A2AR expressed in CHO cells assessed as inhibition of CGS21680-stimulated cAMP production by alphascreen assay,Tharran,,,,,
CHEMBL4447993,CHEMBL4447993,Nc1nc(-c2ccc(OCCNC(=O)CCCCC3CCSS3)cc2)cn2c(=O)n(-c3ccccc3)nc12,QUUSOCIUFGWWEB-UHFFFAOYSA-N,1,1,1,CHEMBL4322430,CHEMBL4321802,IC50,Antagonist activity at human adenosine A2A receptor expressed in CHO cells assessed as inhibition of NECA-stimulated adenylyl cyclase activity by Glo-sensor cAMP assay,Tharran,,,,,
CHEMBL261482,CHEMBL261482,Nc1ncnc2c1ncn2[C@@H]1O[C@H](C(=O)NC2CC2)[C@@H](O)[C@H]1O,MYNRELUCFAQMFC-QRIDJOKKSA-N,1,1,1,CHEMBL2072287,CHEMBL2069206,EC50,Agonist activity at human A2A adenosine receptor expressed in CHO cells assessed as stimulation of forskolin-induced cAMP accumulation after 30 mins,Tharran,,,,,
CHEMBL4452288,CHEMBL4452288,Nc1nc(-c2ccc(NC(=O)CCNC(=O)CCCCC3CCSS3)cc2)cn2c(=O)n(-c3ccccc3)nc12,PSDRVKSUMXGOJT-UHFFFAOYSA-N,1,1,1,CHEMBL4322430,CHEMBL4321802,IC50,Antagonist activity at human adenosine A2A receptor expressed in CHO cells assessed as inhibition of NECA-stimulated adenylyl cyclase activity by Glo-sensor cAMP assay,Tharran,,,,,
CHEMBL447664,VIPADENANT,Cc1cc(Cn2nnc3c(-c4ccco4)nc(N)nc32)ccc1N,HQSBCDPYXDGTCL-UHFFFAOYSA-N,1,1,1,CHEMBL1022271,CHEMBL1139344,Kd,Antagonist activity at human adenosine A2A receptor expressed in CHO-K1 cells treated for 15 mins by calcium mobilization-based FLIPR assay,Tharran,,,,,
CHEMBL3133079,CHEMBL3133079,CNC(=O)[C@H]1O[C@@H](n2cnc3c(NCCc4ccccc4)nc(N)nc32)[C@H](O)[C@@H]1O,RNSBXSZLWYVTLA-MOROJQBDSA-N,1,1,1,CHEMBL3135340,CHEMBL3132785,EC50,Agonist activity at human adenosine A2A receptor expressed in FlpIn-CHO cells assessed as inhibition of forskolin-induced cAMP accumulation after 30 mins by fluorescence assay,Tharran,,,,,
CHEMBL4529321,CHEMBL4529321,Nc1nc(-c2cccc(O)c2)nc2sc(-c3ccco3)nc12,IFAWCWLECSSPBT-UHFFFAOYSA-N,1,1,1,CHEMBL4333789,CHEMBL4330140,IC50,Antagonist activity at human adenosine A2A receptor expressed in CHO cells assessed as inhibition of NECA-induced increase in cAMP accumulation preincubated for 10 mins followed by NECA addition by GloSensor cAMP assay,Tharran,,,,,
CHEMBL4559969,CHEMBL4559969,Nc1nc(-c2ccco2)nc2sc(-c3ccco3)nc12,YXLDLDOAWIUYIS-UHFFFAOYSA-N,1,1,1,CHEMBL4333789,CHEMBL4330140,IC50,Antagonist activity at human adenosine A2A receptor expressed in CHO cells assessed as inhibition of NECA-induced increase in cAMP accumulation preincubated for 10 mins followed by NECA addition by GloSensor cAMP assay,Tharran,,,,,
CHEMBL457102,CHEMBL457102,O=C(c1ccccc1)c1sc(NCCc2cccs2)nc1-c1ccco1,GHMVNUPBBMBPQG-UHFFFAOYSA-N,1,1,1,CHEMBL1029812,CHEMBL1154525,Activity,Antagonist activity against human recombinant adenosine A2A receptor expressed in HEK293 cells assessed as effect on calcium mobilization,Tharran,,,,,
CHEMBL3133081,CHEMBL3133081,CNC(=O)[C@H]1O[C@@H](n2cnc3c(NC4CCCC4)nc(NC)nc32)[C@H](O)[C@@H]1O,ZKLXTXSQNULGEI-MEQWQQMJSA-N,1,1,1,CHEMBL3135340,CHEMBL3132785,EC50,Agonist activity at human adenosine A2A receptor expressed in FlpIn-CHO cells assessed as inhibition of forskolin-induced cAMP accumulation after 30 mins by fluorescence assay,Tharran,,,,,
CHEMBL4586743,CHEMBL4586743,CC(C)(C)c1cc(C(=O)NCCC(=O)Nc2ccc(-c3cn4c(=O)n(-c5ccccc5)nc4c(N)n3)cc2)cc(C(C)(C)C)c1O,GNROHNFPJCPGCQ-UHFFFAOYSA-N,1,1,1,CHEMBL4322430,CHEMBL4321802,IC50,Antagonist activity at human adenosine A2A receptor expressed in CHO cells assessed as inhibition of NECA-stimulated adenylyl cyclase activity by Glo-sensor cAMP assay,Tharran,,,,,
CHEMBL461665,CHEMBL461665,CNc1nc(-c2ccco2)c(C(=O)c2ccccc2)s1,VVCBHFZICJIYTO-UHFFFAOYSA-N,1,1,1,CHEMBL1029812,CHEMBL1154525,Activity,Antagonist activity against human recombinant adenosine A2A receptor expressed in HEK293 cells assessed as effect on calcium mobilization,Tharran,,,,,
CHEMBL3133157,CHEMBL3133157,CNC(=O)[C@H]1O[C@@H](n2cnc3c(NC4CCC4)nc(N)nc32)[C@H](O)[C@@H]1O,NPUPFMDILXTXOB-AEISUSGSSA-N,1,1,1,CHEMBL3135340,CHEMBL3132785,EC50,Agonist activity at human adenosine A2A receptor expressed in FlpIn-CHO cells assessed as inhibition of forskolin-induced cAMP accumulation after 30 mins by fluorescence assay,Tharran,,,,,
CHEMBL4740383,ETRUMADENANT,Cc1c(C#N)cccc1-c1cc(-c2cn(Cc3cccc(C(C)(C)O)n3)nn2)nc(N)n1,BUXIAWLTBSXYSW-UHFFFAOYSA-N,1,1,1,CHEMBL5531816,CHEMBL5528085,IC50,Antagonist activity at human adenosine 2A receptor overexpressed in HEK293 cells preincubated for 0.5 hrs followed by NECA stimulation by GloSensor cAMP assay,Tharran,,,,,
CHEMBL4745482,CHEMBL4745482,COCc1cccc(Cn2cc(-c3cc(-c4ccco4)nc(N)n3)nn2)n1,NGLGHDWHOPNEET-UHFFFAOYSA-N,1,1,1,CHEMBL4701012,CHEMBL4699449,Kb,Antagonist activity at human adenosine 2A receptor expressed in T-REx-CHO cells preincubated for 1 hr followed by NECA stimulation and measured after 30 mins by Eu-cAMP tracer based TR-FRET assay,Tharran,,,,,
CHEMBL3133159,CHEMBL3133159,CNC(=O)[C@H]1O[C@@H](n2cnc3c(NC4CCCCC4)nc(N)nc32)[C@H](O)[C@@H]1O,INGLINQFJUMLPQ-MEQWQQMJSA-N,1,1,1,CHEMBL3135340,CHEMBL3132785,EC50,Agonist activity at human adenosine A2A receptor expressed in FlpIn-CHO cells assessed as inhibition of forskolin-induced cAMP accumulation after 30 mins by fluorescence assay,Tharran,,,,,
CHEMBL4749058,CHEMBL4749058,COc1cccc2c(-c3cn(Cc4cccc(C(C)(O)C(F)(F)F)[n+]4[O-])nn3)nc(N)nc12,JFXDMEOJXUXNLH-UHFFFAOYSA-N,1,1,1,CHEMBL4701012,CHEMBL4699449,Kb,Antagonist activity at human adenosine 2A receptor expressed in T-REx-CHO cells preincubated for 1 hr followed by NECA stimulation and measured after 30 mins by Eu-cAMP tracer based TR-FRET assay,Tharran,,,,,
CHEMBL4750504,CHEMBL4750504,COc1ncc(-c2ccccc2)c2ncc(NC(=O)N3CCC(C)(O)CC3)nc12,MUDMILZFFXFMHF-UHFFFAOYSA-N,1,1,1,CHEMBL4701025,CHEMBL4699449,IC50,Antagonist activity at human adenosine 2A receptor expressed in HEK293 cells assessed as reduction in NECA-induced cAMP level incubated for 15 mins by HTRF assay,Tharran,,,,,
CHEMBL4765154,CHEMBL4765154,COc1ccc(N2CCOCC2)c2nc(NC(=O)c3cccc(N4CCOCC4)c3)[nH]c12,CACIDNFBOFVBLU-UHFFFAOYSA-N,1,1,1,CHEMBL4701025,CHEMBL4699449,IC50,Antagonist activity at human adenosine 2A receptor expressed in HEK293 cells assessed as reduction in NECA-induced cAMP level incubated for 15 mins by HTRF assay,Tharran,,,,,
CHEMBL3235280,CHEMBL3235280,CCN(CC)CCN1CCN(C(=O)CCc2cccc(CSc3nc(N)c(C#N)c(-c4ccc(NC(C)=O)cc4)n3)n2)CC1,DMDJTLNTJHFQMG-UHFFFAOYSA-N,1,1,1,CHEMBL3240794,CHEMBL3232854,EC50,Agonist activity at human adenosine A2A receptor expressed in HEK293 cells assessed as increase in intracellular cAMP level after 30 mins by EIA,Tharran,,,,,
CHEMBL4786207,CHEMBL4786207,COCCn1cc(C(=O)Nc2nc3c(OC)ncc(N4CCOCC4)c3s2)cn1,FYWAHNQAQWOTDC-UHFFFAOYSA-N,1,1,1,CHEMBL4701025,CHEMBL4699449,IC50,Antagonist activity at human adenosine 2A receptor expressed in HEK293 cells assessed as reduction in NECA-induced cAMP level incubated for 15 mins by HTRF assay,Tharran,,,,,
CHEMBL4855390,CHEMBL4855390,Nc1nc(-c2cccc(Br)c2)cn2c1nc1ccccc12,PNJNWZKAPLPXAV-UHFFFAOYSA-N,1,1,1,CHEMBL4814789,CHEMBL4813923,IC50,Antagonist activity at human A2A expressed in human HEK293 cells assessed as reduction in cAMP production preincubated for 10 mins followed by NECA stimulation and measured after 30 mins by micro plate reader method,Tharran,,,,,
CHEMBL3335523,CHEMBL3335523,CCNC(=O)[C@H]1O[C@@H](n2cnc3c(N)nc(NCCc4ccc(CCC(=O)Nc5ccc(OC(C)=O)c([N+](=O)[O-])c5)cc4)nc32)[C@H](O)[C@@H]1O,FDVZSKDDSYLYNX-YRIIQKNPSA-N,1,1,1,CHEMBL3390256,CHEMBL3352600,EC50,Agonist activity at human adenosine A2a receptor expressed in CHO cells assessed as stimulation of cAMP formation after 24 hrs,Tharran,,,,,
CHEMBL4855908,CHEMBL4855908,Nc1nc(-c2ccc(F)cc2)c(-c2ccc(=O)[nH]c2)c2nc(CCC(F)(F)F)nn12,PBQNARNDMLPGRK-UHFFFAOYSA-N,1,1,1,CHEMBL4842298,CHEMBL4840384,IC50,Antagonist activity at human A2aR expressed in CHO-K1 cells assessed as inhibition of cAMP accumulation preincubated for 30 mins followed by adenosine addition and measured for 30 mins by HTRF assay,Tharran,,,,,
CHEMBL4858144,CHEMBL4858144,Nc1nc(-c2ccc(F)cc2)c(-c2ccc(=O)[nH]c2)c2nc(Cc3ccc(F)cn3)nn12,ZMVMIKHRMKEKHO-UHFFFAOYSA-N,1,1,1,CHEMBL4842298,CHEMBL4840384,IC50,Antagonist activity at human A2aR expressed in CHO-K1 cells assessed as inhibition of cAMP accumulation preincubated for 30 mins followed by adenosine addition and measured for 30 mins by HTRF assay,Tharran,,,,,
CHEMBL336555,CHEMBL336555,Nc1nc(N)c2nccnc2n1,CITCTUNIFJOTHI-UHFFFAOYSA-N,1,1,1,CHEMBL5129738,CHEMBL5126601,Activity,Agonist activity at human adenosine A2A receptor expressed in HEK293T cells assessed as stimulation of cAMP accumulation by GloSensor cAMP accumulation assay,Tharran,,,,,
CHEMBL486162,CHEMBL486162,CC(=O)Nc1cc(-c2cccc(N3CCN(C)CC3)n2)nc(-n2nc(C)cc2C)n1,CQMWNSQCEMHNIW-UHFFFAOYSA-N,1,1,1,CHEMBL950440,CHEMBL1152277,IC50,Antagonist activity at human adenosine A2A receptor expressed in CHO cells assessed as inhibition of CGS-21680-induced cAMP production,Tharran,,,,,
CHEMBL4862010,CHEMBL4862010,Nc1nc(-c2ccccc2)c(-c2ccnnc2)c2nc(Cc3ncccc3F)nn12,GJIKYVGVZVLJJP-UHFFFAOYSA-N,1,1,1,CHEMBL4842298,CHEMBL4840384,IC50,Antagonist activity at human A2aR expressed in CHO-K1 cells assessed as inhibition of cAMP accumulation preincubated for 30 mins followed by adenosine addition and measured for 30 mins by HTRF assay,Tharran,,,,,
CHEMBL4865474,CHEMBL4865474,Nc1nc(-c2ccccc2)c(-c2ccnnc2)c2nc(CC3CCCO3)nn12,WXYARKYAYUTGKX-UHFFFAOYSA-N,1,1,1,CHEMBL4842298,CHEMBL4840384,IC50,Antagonist activity at human A2aR expressed in CHO-K1 cells assessed as inhibition of cAMP accumulation preincubated for 30 mins followed by adenosine addition and measured for 30 mins by HTRF assay,Tharran,,,,,
CHEMBL3414573,CHEMBL3414573,CCNC(=O)[C@H]1O[C@@H](n2cnc3c(N)nc(NCCN4CCN(c5ccc(Cl)c(Cl)c5)CC4)nc32)[C@H](O)[C@@H]1O,CBDPEPRMHBCTEB-QPXQOZNCSA-N,1,1,1,CHEMBL3419486,CHEMBL3414558,EC50,Agonist activity at human adenosine A2A receptor expressed in CHO cells assessed as stimulation of [3H]cAMP levels by scintillation counting method,Tharran,,,,,
CHEMBL487554,CHEMBL487554,COC1CN(c2cccc(-c3cc(NC(C)=O)nc(-n4nc(C)cc4C)n3)n2)C1,UHHRYINUVNKFTA-UHFFFAOYSA-N,1,1,1,CHEMBL950440,CHEMBL1152277,IC50,Antagonist activity at human adenosine A2A receptor expressed in CHO cells assessed as inhibition of CGS-21680-induced cAMP production,Tharran,,,,,
CHEMBL4954712,CHEMBL4954712,Cc1c(C(=O)Nc2nc3c(s2)Cc2ccccc2-3)ccc2cncn12,DOEODBMLJOZWPF-UHFFFAOYSA-N,1,1,1,CHEMBL5336575,CHEMBL5335785,pKb,Antagonist activity at human A2AR expressed in Flp-In-CHO cells assessed as NECA-mediated cAMP accumulation by measuring equilibrium dissociation constant incubated for 30 to 60 mins followed by NECA addition measured after 30 mins by LANCE cAMP assay,Tharran,,,,,
CHEMBL3416776,CHEMBL3416776,CCNC(=O)[C@H]1O[C@@H](n2cnc3c(N)nc(NCCCN4CCN(c5ccccc5)CC4)nc32)[C@H](O)[C@@H]1O,APKBJUYYYJBSCQ-CMCWBKRRSA-N,1,1,1,CHEMBL3419486,CHEMBL3414558,EC50,Agonist activity at human adenosine A2A receptor expressed in CHO cells assessed as stimulation of [3H]cAMP levels by scintillation counting method,Tharran,,,,,
CHEMBL5069652,CHEMBL5069652,COc1ccc(N2CCC(N(C)CCn3c(=O)cnc4c(-c5ccc(C)o5)nc(N)nc43)C2)cc1,QCGDCFVVNKBMQC-UHFFFAOYSA-N,1,1,1,CHEMBL5049262,CHEMBL5046288,IC50,Antagonist activity at human A2aR expressed in HEK293 cells assessed as reduction in cAMP production incubated for 60 mins by ultra LANCE cAMP detection assay,Tharran,,,,,
CHEMBL5072377,CHEMBL5072377,COc1ccc(N2C[C@@H]3C[C@H]2CN3CCn2c(=O)cnc3c(-c4ccc(C)o4)nc(N)nc32)cc1,CUZJYJCDTLGEOB-ROUUACIJSA-N,1,1,1,CHEMBL5049262,CHEMBL5046288,IC50,Antagonist activity at human A2aR expressed in HEK293 cells assessed as reduction in cAMP production incubated for 60 mins by ultra LANCE cAMP detection assay,Tharran,,,,,
CHEMBL5074910,CHEMBL5074910,Cc1ccc(-c2nc(N)nc3c2[nH]c(=O)n3Cc2ccccc2)o1,QJCIJBBTTGKSQT-UHFFFAOYSA-N,1,1,1,CHEMBL5049262,CHEMBL5046288,IC50,Antagonist activity at human A2aR expressed in HEK293 cells assessed as reduction in cAMP production incubated for 60 mins by ultra LANCE cAMP detection assay,Tharran,,,,,
CHEMBL3416777,CHEMBL3416777,CCNC(=O)[C@H]1O[C@@H](n2cnc3c(N)nc(NCCN4CCN(Cc5ccccc5)CC4)nc32)[C@H](O)[C@@H]1O,KOEBHQWXJSXWRR-CMCWBKRRSA-N,1,1,1,CHEMBL3419486,CHEMBL3414558,EC50,Agonist activity at human adenosine A2A receptor expressed in CHO cells assessed as stimulation of [3H]cAMP levels by scintillation counting method,Tharran,,,,,
CHEMBL5075422,CHEMBL5075422,Cn1cc(-c2cnc(N)n3nc(-c4ccco4)nc23)ccc1=O,REBSCEKUSAWQBZ-UHFFFAOYSA-N,1,1,1,CHEMBL5046040,CHEMBL5042554,IC50,Antagonist activity at human recombinant adenosine A2A receptor transfected in HEK293 cells co-transfected with Galpha15/16 assessed as intracellular calcium change incubated for 10 mins by microplate reader method,Tharran,,,,,
CHEMBL5076939,CHEMBL5076939,Cc1ccc(-c2nc(N)nc3c2ncc(=O)n3Cc2ccco2)o1,KONIIWKRLZETBJ-UHFFFAOYSA-N,1,1,1,CHEMBL5049262,CHEMBL5046288,IC50,Antagonist activity at human A2aR expressed in HEK293 cells assessed as reduction in cAMP production incubated for 60 mins by ultra LANCE cAMP detection assay,Tharran,,,,,
CHEMBL3416778,CHEMBL3416778,CCNC(=O)[C@H]1O[C@@H](n2cnc3c(N)nc(NCCN4CCN(CCc5ccccc5)CC4)nc32)[C@H](O)[C@@H]1O,GLQXBKNCFOACJO-UGCAPWQASA-N,1,1,1,CHEMBL3419486,CHEMBL3414558,EC50,Agonist activity at human adenosine A2A receptor expressed in CHO cells assessed as stimulation of [3H]cAMP levels by scintillation counting method,Tharran,,,,,
CHEMBL5077642,CHEMBL5077642,COc1ccc(N(C)C2CCN(CCn3c(=O)cnc4c(-c5ccc(C)o5)nc(N)nc43)C2)cc1,LNZWNAQCCDTWHH-UHFFFAOYSA-N,1,1,1,CHEMBL5049262,CHEMBL5046288,IC50,Antagonist activity at human A2aR expressed in HEK293 cells assessed as reduction in cAMP production incubated for 60 mins by ultra LANCE cAMP detection assay,Tharran,,,,,
CHEMBL5078181,CHEMBL5078181,Cc1ccc(-c2nc(N)nc3c2ncc(=O)n3CCCc2ccccc2)o1,CMWXSRYHPVUFTA-UHFFFAOYSA-N,1,1,1,CHEMBL5049262,CHEMBL5046288,IC50,Antagonist activity at human A2aR expressed in HEK293 cells assessed as reduction in cAMP production incubated for 60 mins by ultra LANCE cAMP detection assay,Tharran,,,,,
CHEMBL3416810,CHEMBL3416810,CCNC(=O)[C@H]1O[C@@H](n2cnc3c(N)nc(N4CCN(c5ccc(OCCCc6ccccc6)cc5)CC4)nc32)[C@H](O)[C@@H]1O,GDLSEFIWYFWPFI-YRIIQKNPSA-N,1,1,1,CHEMBL3419486,CHEMBL3414558,EC50,Agonist activity at human adenosine A2A receptor expressed in CHO cells assessed as stimulation of [3H]cAMP levels by scintillation counting method,Tharran,,,,,
CHEMBL5079295,CHEMBL5079295,Cc1ccc(-c2nc(N)nc3c2ncc(=O)n3CCN2CCN(C)CC2)o1,DYBIIASEQSAQKZ-UHFFFAOYSA-N,1,1,1,CHEMBL5049262,CHEMBL5046288,IC50,Antagonist activity at human A2aR expressed in HEK293 cells assessed as reduction in cAMP production incubated for 60 mins by ultra LANCE cAMP detection assay,Tharran,,,,,
CHEMBL5080005,CHEMBL5080005,Cc1ccc(-c2nc(N)nc3c2ncc(=O)n3Cc2cccc(C(F)(F)F)c2)o1,BWRDLKUFCGFHSO-UHFFFAOYSA-N,1,1,1,CHEMBL5049262,CHEMBL5046288,IC50,Antagonist activity at human A2aR expressed in HEK293 cells assessed as reduction in cAMP production incubated for 60 mins by ultra LANCE cAMP detection assay,Tharran,,,,,
CHEMBL5081971,CHEMBL5081971,Cc1ccc(-c2nc(N)nc3c2ncc(=O)n3CCN2CCN(c3ccc(Oc4ccccc4)cc3)CC2)o1,WALHSXGJSVIXLF-UHFFFAOYSA-N,1,1,1,CHEMBL5049262,CHEMBL5046288,IC50,Antagonist activity at human A2aR expressed in HEK293 cells assessed as reduction in cAMP production incubated for 60 mins by ultra LANCE cAMP detection assay,Tharran,,,,,
CHEMBL388509,CHEMBL388509,CC(C)[C@H](NC(=O)[C@@H]1C=C2c3cccc4[nH]cc(c34)C[C@H]2N(C)C1)C(=O)N[C@@H](Cc1ccc(F)cc1)C(=O)N1CCC[C@H]1C(N)=O,VJRBXIHTQMRKQY-JXSIFGCMSA-N,1,1,1,CHEMBL889385,CHEMBL1145382,Activity,Agonist activity at adenosine A2A receptor in SH-SY5Y cells assessed as CGS-induced intracellular cAMP production at 50 uM,Tharran,,,,,
CHEMBL5083868,CHEMBL5083868,Cc1ccc(-c2nc(N)nc3c2ncc(=O)n3CCCCc2ccccc2)o1,MIBKLSWBYDFURE-UHFFFAOYSA-N,1,1,1,CHEMBL5049262,CHEMBL5046288,IC50,Antagonist activity at human A2aR expressed in HEK293 cells assessed as reduction in cAMP production incubated for 60 mins by ultra LANCE cAMP detection assay,Tharran,,,,,
