analysis,endpoint_name,molecule_id,scaffold,observed_pactivity,prediction_Mean,prediction_AB_Ridge,prediction_AB_RF,prediction_E_RF,interval_lower_Mean,interval_lower_AB_Ridge,interval_lower_AB_RF,interval_lower_E_RF,interval_upper_Mean,interval_upper_AB_Ridge,interval_upper_AB_RF,interval_upper_E_RF,nearest_training_tanimoto,robust_descriptor_distance,inside_applicability_domain,high_disagreement_flag
primary,pBind_Ki,CHEMBL1092270,CC1CC2CCC3CC(C4CCCC4)CC3C2C1,9.92,7.521167056986729,7.956563839314296,7.934462351405675,7.94893055291864,7.392311768149883,7.850676949546377,7.813677100732778,7.841221036584514,7.626361731150793,8.114040358981354,8.058954989719492,8.087061663028015,0.30914991181657847,1.14188093106941,True,False
primary,pBind_Ki,CHEMBL1095488,CC1C2CCC(CCCC3CCCCC3)CC2C2CCCC(C3CCCCC3)C12,8.12,7.525667733365443,7.801576878401813,7.573326595988132,7.569485908370038,7.366239969544491,7.668416988115059,7.3507309119169735,7.324154451635259,7.655132812499999,7.96374097433225,7.722161399695227,7.709909871429459,0.261873840445269,0.46642932711965646,True,False
primary,pBind_Ki,CHEMBL1097859,CC(CC1CCCCC1)C1CC(C2CCCCC2)C2CCCCCC12,5.6,7.612935677303776,7.190643598474298,7.334386719420382,7.353498497195768,7.541145145018915,6.997626003919363,7.22314188074902,7.1968264342698385,7.739909594214029,7.293248915398052,7.476278575881679,7.448909617298502,0.24691358024691362,1.358219559710188,False,False
primary,pBind_Ki,CHEMBL119709,C1CCC(CCC2CCCC3C(C4CCCC4)CCC23)CC1,5.54,7.604411479934717,6.962612419611295,7.09741519855861,7.108367742952703,7.458595703124999,6.790676503471517,6.992685618657573,6.997328019258723,7.739909594214029,7.2391121090878014,7.21540113486867,7.248612383677887,0.4438155802861686,1.7806113899616087,True,False
primary,pBind_Ki,CHEMBL119709,C1CCC(CCC2CCCC3C(C4CCCC4)CCC23)CC1,5.54,7.604411479934717,6.962612419611295,7.09741519855861,7.108367742952703,7.458595703124999,6.790676503471517,6.992685618657573,6.997328019258723,7.739909594214029,7.2391121090878014,7.21540113486867,7.248612383677887,0.4438155802861686,1.7806113899616087,True,False
primary,pBind_Ki,CHEMBL136689,C1CCC(CCCC2CCC3C2CCC2CC(C4CCCC4)CC23)CC1,8.39,7.532555391545057,8.789383210404472,8.551843766075006,8.435416259796488,7.419630088325652,8.725739305685451,8.492318632894438,8.358310379971856,7.6248359375,8.893653138537568,8.68406295476421,8.548659361510586,0.7049180327868853,0.6395811691448505,True,True
primary,pBind_Ki,CHEMBL1561896,CC(CCC1CCCCC1)C1CCC(C2CCCCC2)C1,7.72,7.519651917132532,7.216847076709664,7.458366519223683,7.389583844709638,7.417216781874039,7.073068272535697,7.287763268867191,7.250413884442582,7.655273437499999,7.3285133890587355,7.5950506857557745,7.54163638243957,0.2560810810810811,0.6480057406678135,True,False
primary,pBind_Ki,CHEMBL1671936,CC(CC1CCCC1)C1CCCCC1,8.23,7.461559053609937,7.5612831428215515,7.133376522524506,7.107705313179918,7.360475181598063,7.333559096136545,6.969967695786597,6.985004648066082,7.542396313364054,7.774093694523927,7.251120713320637,7.205986942204227,0.23974094789520164,1.2564988936846455,False,False
primary,pBind_Ki,CHEMBL17127,C1CCC(CCC2CCC3C2CCC2CC(C4CCCC4)CC23)CC1,8.96,7.4810458633756,8.213711017270693,8.346699247548859,8.355434823275072,7.362453868234008,8.175480665761382,8.254453791984815,8.252337915644691,7.5696674603174605,8.246194230475401,8.473946191379014,8.457620184732122,0.7049180327868853,0.36465100351783847,True,False
primary,pBind_Ki,CHEMBL17127,C1CCC(CCC2CCC3C2CCC2CC(C4CCCC4)CC23)CC1,8.62,7.4810458633756,8.213711017270693,8.346699247548859,8.355434823275072,7.362453868234008,8.175480665761382,8.254453791984815,8.252337915644691,7.5696674603174605,8.246194230475401,8.473946191379014,8.457620184732122,0.7049180327868853,0.36465100351783847,True,False
primary,pBind_Ki,CHEMBL183,CC1CC(C)C2CC(C3CCCC3)CC2C1,6.8,7.547462475211529,6.786727768940812,7.296352573941135,7.3656884242493685,7.495187820184425,6.3579842273788,7.1993316268843275,7.274097313872383,7.6089368596311475,7.2360157493749515,7.430430042280271,7.516049610085966,0.260593220338983,1.3720366250691627,True,False
primary,pBind_Ki,CHEMBL183,CC1CC(C)C2CC(C3CCCC3)CC2C1,6.8,7.547462475211529,6.786727768940812,7.296352573941135,7.3656884242493685,7.495187820184425,6.3579842273788,7.1993316268843275,7.274097313872383,7.6089368596311475,7.2360157493749515,7.430430042280271,7.516049610085966,0.260593220338983,1.3720366250691627,True,False
primary,pBind_Ki,CHEMBL1950653,CC(CCCC1CCCCC1)CCC1CCC(CCCC2CCC3CCC(C4CCCC4)C3C2)CC1,6.8,7.582175749739787,7.073570490366424,7.153571430819264,7.137932669936046,7.426445564516129,6.838206165463834,6.973268417221423,6.965657804349099,7.739909594214029,7.32194360830634,7.3003014184698465,7.285421307913598,0.788538091969801,4.8966830587019015,True,False
primary,pBind_Ki,CHEMBL1950655,CC(CCCC1CCC2CCCCC21)CCC1CCC(CCCC2CCC3CCC(C4CCCC4)C3C2)CC1,7.06,7.547766786516959,6.8685240245488,7.126266284829093,7.13705740315991,7.451956967213115,6.723656699420931,6.99249131658055,7.020127383230053,7.64635067844342,7.175713304910319,7.292848295860252,7.295719210284633,0.7718397997496871,5.45875790829768,True,False
primary,pBind_Ki,CHEMBL1950665,CC(CCCC1CCCC1)CCC1CCC(CCCC2CCC3CCC(C4CCCC4)C3C2)CC1,6.96,7.506574361059225,6.7561968489428965,7.031634245789112,7.010910489443337,7.366239969544491,6.653827185315076,6.7875738303957815,6.801981496869056,7.62329365079365,6.876418971093916,7.133909665026298,7.0964539478168875,0.7419354838709679,5.145744910311975,True,False
primary,pBind_Ki,CHEMBL197669,C1CCC(C2CC3CCCCC3C2)C1,8.18,7.565763632943126,7.503738047752539,7.465985296645528,7.519052727376059,7.476836693548387,7.335654152514952,7.404092660626952,7.4435397353705435,7.661669642857142,7.721407900218549,7.508506290631852,7.599590408442247,0.28051054154609345,1.193664676492664,True,False
primary,pBind_Ki,CHEMBL1990267,CC1CCC2CCCCC2C1,7.1,7.5347643586672515,6.900656353938653,7.2848090452342005,7.339239503409495,7.474196428571428,6.743331174480161,7.210272324252877,7.265175673300844,7.621767857142857,7.177008482581478,7.450411595591829,7.53541320212699,0.5643589743589744,1.89330613719316,True,False
primary,pBind_Ki,CHEMBL2024116,C1CCC(C2CCCCC2C2CCCCC2)CC1,7.81,7.517796481663351,7.63383466303282,7.541549523633793,7.542818139402074,7.421196818891491,7.522390253357847,7.492592081969994,7.482526494814618,7.603052107728337,7.725696663392826,7.6473894542509955,7.680382479799647,0.33125877025130757,1.374810575161082,True,False
primary,pBind_Ki,CHEMBL2024116,C1CCC(C2CCCCC2C2CCCCC2)CC1,8.77,7.517796481663351,7.63383466303282,7.541549523633793,7.542818139402074,7.421196818891491,7.522390253357847,7.492592081969994,7.482526494814618,7.603052107728337,7.725696663392826,7.6473894542509955,7.680382479799647,0.33125877025130757,1.374810575161082,True,False
primary,pBind_Ki,CHEMBL2042073,CC(CCCC1CCCCC1)C1CC2CCCCC2CC1C,6.9,7.539166862036547,7.142887174593338,7.2639311764987085,7.310997683156172,7.44733371735791,6.829938118493781,7.130257078518114,7.148192042682732,7.6408030184751485,7.363508912312308,7.446290682887106,7.5367992671602915,0.562,0.9132412862040911,True,False
primary,pBind_Ki,CHEMBL2042081,CC1CC2CCCCC2CC1C(C)CC1CCCC1C1CCCCC1,6.2,7.567462476920591,7.356535942443985,7.339423375206325,7.384843421811172,7.407952868852458,7.213508002317178,7.190928422314659,7.238213129936503,7.731515873015873,7.573581643855151,7.478376862513234,7.496946925828195,0.47220512820512817,0.761409748307334,True,False
primary,pBind_Ki,CHEMBL2070507,CC(CC1CCC1)C1CCC(C2CCC3CCCCC32)C1,7.47,7.547903756751907,6.421918720215996,6.770288404915545,6.780333071057721,7.450807474629196,6.24765398232759,6.617375893653076,6.621171898769489,7.626089285714285,6.596605548233314,6.915782810437496,6.91723161201089,0.9600000000000002,1.9652745156783624,True,False
primary,pBind_Ki,CHEMBL2070508,CC(CC1CCCC1)C1CCC(C2CCC3CCCCC32)C1,6.19,7.574262405934962,7.351421285481949,7.102077934375733,7.078271782680128,7.456048302107728,7.297476186849483,6.951225372223202,6.904455748124205,7.661669642857142,7.416974068000658,7.2134491511263645,7.20085589601343,0.9600000000000002,1.8484534330812068,True,False
primary,pBind_Ki,CHEMBL2153629,CC1CC(C)C2C(C1)CC1C(C3CCCCCCC3)CCC12,6.51,7.515731898343132,6.588010299606758,7.039630084547222,7.041550525541938,7.419630088325652,6.232812601591357,6.90391138958489,6.910733569266333,7.621069672131147,6.9960100011997115,7.179303469641441,7.167752959652221,0.37446514837819184,1.5650371796905806,True,False
primary,pBind_Ki,CHEMBL2165804,CC1CCC(C2CCCCC2C2CCCCC2)CC1,7.245,7.5178100497892135,7.535628459669259,7.472201340964595,7.5269662475654915,7.436324795081966,7.254670908849598,7.2876312641365715,7.334264067378175,7.646875961538461,7.6655448756467655,7.583525407180171,7.6405593114591515,0.3345612134344529,1.1366285006781525,True,True
primary,pBind_Ki,CHEMBL225459,C1CCC2C(C1)CCC2CCCC1CCC2CCC(C3CCCC3)C2C1,6.82,7.569295326900921,7.331664239023043,7.164511375794082,7.192570917652961,7.485179947516641,7.25762874063609,7.047898419287193,7.07779021267452,7.729941096230158,7.466355686832642,7.289354917154851,7.300406642146816,0.3519116664304084,2.144803761473613,True,False
primary,pBind_Ki,CHEMBL2382434,CC(CCCC1CCCCC1)CC1CC(C)C2CCCCC2C1,7.4,7.518067657903876,7.37293436435844,7.2012628369660066,7.180746375182769,7.392311768149883,7.237890289390622,7.052043823342242,7.011004460902752,7.648776785714285,7.517566954769775,7.310091499654958,7.311809488458328,0.26666666666666666,1.154823024410162,True,False
primary,pBind_Ki,CHEMBL259580,CC1CC(C)C2CC(C3CCC(CCC(C)C4CCC(C5CCCCC5)CC4)CC3)CC2C1,6.33,7.5768564797377795,6.221481213959298,6.86073126395255,6.901661205565878,7.485179947516641,6.073855789117808,6.6707111385216855,6.690979121798252,7.739909594214029,6.593961272799401,7.234038477120566,7.280941188561594,0.6427654320987655,1.7880536581207445,True,False
primary,pBind_Ki,CHEMBL261482,CC(CC1CC1)C1CCC(C2CCC3CCCCC32)C1,7.3,7.534509118104872,6.800742703619015,6.88800883824769,6.832408554719502,7.482712794569672,6.391250343378943,6.684861802630106,6.632069614672833,7.631870839733742,7.4648523864849645,7.211638657976582,7.159735641439109,0.9200000000000002,2.0883425457541236,True,False
primary,pBind_Ki,CHEMBL270654,CC(CC1CCCCC1)CC1CC(C2CCCCC2)CC(C2CCCC2)C1,9.0,7.529771407993063,8.175830406470167,7.725290665673489,7.6584906842058285,7.436130859374999,7.85054603288576,7.481333337830911,7.416671712051672,7.6246953125,8.54828958197405,7.950371203071419,7.863278380133276,0.3375466284074606,1.03520246325542,True,False
primary,pBind_Ki,CHEMBL294223,CC1CC(C)C2CC(C3CCC(CCC(C)C4CCC(C5CCCCC5)(C5CCCCC5)CC4)CC3)CC2C1,5.45,7.555049209706799,6.110062719388154,6.917109838627432,6.948113309506686,7.500017857142857,5.956847844228134,6.7380358334313435,6.743935654530466,7.6408030184751485,6.280941251800366,7.151094206534259,7.21710162456802,0.6542564102564101,2.953190040458718,True,False
primary,pBind_Ki,CHEMBL3317574,C1CCC(CCCC2CCC3CC(C4CCCCC4)CC3C2)CC1,7.26,7.512050991074266,7.837966794735102,7.628935977097359,7.686212932044735,7.3664339052514585,7.673559165050817,7.521392420030454,7.582545080916358,7.608194964871194,7.968657939158213,7.7317007384898115,7.790126037792893,0.2897497982243745,0.9956314327983327,True,False
primary,pBind_Ki,CHEMBL3317574,C1CCC(CCCC2CCC3CC(C4CCCCC4)CC3C2)CC1,7.26,7.512050991074266,7.837966794735102,7.628935977097359,7.686212932044735,7.3664339052514585,7.673559165050817,7.521392420030454,7.582545080916358,7.608194964871194,7.968657939158213,7.7317007384898115,7.790126037792893,0.2897497982243745,0.9956314327983327,True,False
primary,pBind_Ki,CHEMBL3335523,CC(CCC1CCC(CCCC2CCC3CCC(C4CCCC4)C3C2)CC1)CC1CCCCC1,7.64,7.554141076377185,6.669733698897886,6.955874501881903,6.969806298420697,7.487966684294023,6.4824437533884804,6.821747993085868,6.813273735088283,7.723444444444445,6.868220055416916,7.127184590520597,7.136476318685708,0.6186572632350246,5.051586168728206,True,False
primary,pBind_Ki,CHEMBL3414573,C1CCC(C2CCC(CCCC3CCC4CCC(C5CCCC5)C4C3)CC2)CC1,7.58,7.531458645353302,7.123052737208082,7.005393616865577,6.981834924596258,7.427678571428572,6.94031941067134,6.875015744519168,6.843528857582006,7.646906249999999,7.50436821433892,7.158056649422546,7.115420143087748,0.7059236947791165,2.978933225856803,True,False
primary,pBind_Ki,CHEMBL3414940,C1CCC(C2CCC(C3CCC4C(CC5CC5)CCCC43)C2)C1,6.935,7.577466155473294,6.573847423632242,6.723292152120723,6.749566582227875,7.5281625,6.189761776895171,6.564044964478564,6.655214815893698,7.658655241935483,7.005339032185852,6.9304726662266996,6.886565314659838,0.6857142857142858,1.642657302651583,True,False
primary,pBind_Ki,CHEMBL3414941,C1CCC(C2CCC(C3CCC4C(CC5CC5)CCCC43)C2)C1,6.885,7.577466155473294,6.620663234414235,6.763934721576713,6.758060637446877,7.5281625,6.310497086874384,6.631035590905136,6.667550695019128,7.658655241935483,7.166519162421147,7.004955414208558,6.9862089588284135,0.5812499999999999,1.496634857597011,True,False
primary,pBind_Ki,CHEMBL3414946,C1CCC(CC2CCCC3C2CCC3C2CCC(C3CCCC3)C2)CC1,7.11,7.567618479443466,6.521577527098579,6.823898676266194,6.917540671069672,7.484303571428572,6.0822061768366,6.658662268992139,6.7689477615451805,7.6304200819672126,6.864764318493141,6.977268957085225,7.083047394193289,0.637290455011974,1.4990274461165676,True,False
primary,pBind_Ki,CHEMBL3416776,C1CCC(C2CCC(CCCCC3CCC4CCC(C5CCCC5)C4C3)CC2)CC1,6.62,7.576970005227875,7.513201765854386,7.244912312176614,7.235636741696339,7.454334914434523,7.3311839027528265,7.075904125527179,7.061925181226507,7.736337301587302,7.629818568437905,7.398117642609517,7.373702661601714,0.7234330580749966,3.1549990668383616,True,False
primary,pBind_Ki,CHEMBL3416810,C1CCC(CCCCC2CCC(C3CCC(C4CCC5CCC(C6CCCC6)C5C4)CC3)CC2)CC1,7.79,7.538814814486588,7.009541284201868,7.0564621598365305,7.033822831252105,7.437694672131148,6.907291844055834,6.959481904271145,6.917146427317027,7.594712073900598,7.220793289187969,7.187630641762451,7.177264087958837,0.6204588014981272,3.3291583129001445,True,False
primary,pBind_Ki,CHEMBL372148,CC(CCC1CCC(C2CC3CC(C)CC(C)C3C2)CC1)CC1CCC(C2CCCCC2)CC1,5.58,7.570341594234288,6.471607988473229,6.857276959844361,6.892970828957824,7.482712794569672,6.353541869312986,6.740824324577007,6.761015946790492,7.626221106150793,6.62722685168053,7.104399161507223,7.177846470931584,0.5397910731244064,2.181509075987104,True,False
primary,pBind_Ki,CHEMBL3740939,C1CCC(C2CCC(C3CCC4CCCCC43)C2)C1,5.43,7.532661136809603,7.036237802931531,7.157988569130966,7.125588920316443,7.3942904547858275,6.921783993523072,7.059349706102589,7.039371292109951,7.62329365079365,7.156103720813312,7.243306578179149,7.21405610350879,0.5769480519480519,2.0062752367272845,True,False
primary,pBind_Ki,CHEMBL3827859,CC1CC(C)C2C(C1)CC1C(CCC3CCCCC3)CCCC12,6.25,7.510433867177335,6.814706199756908,7.066044873199881,7.092929485464438,7.4208630952380945,6.610935110161672,6.947943173282128,6.998654306626888,7.6139564732142855,6.983783242769307,7.159509330677131,7.190224581390523,0.3806254767353166,1.689371515336412,True,False
primary,pBind_Ki,CHEMBL398272,CC(CC1CCCCC1)CC1CC(C2CCCC2)CC(C2CCCC2)C1,9.05,7.46536585555346,7.642118997469784,7.767179115641767,7.765812977778938,7.353819151153098,7.437201944866882,7.579784674441086,7.591133281438422,7.54551693989071,7.8194151494580835,7.923403405899945,7.935123604749895,0.3509579199452617,0.5825349001626609,True,False
primary,pBind_Ki,CHEMBL4064795,CC1C2CC(C3CCCCC3)CCC2CC1C1CCCCC1,8.54,7.478260703092554,7.816192970233056,7.377532684857485,7.3669920783140155,7.353819151153098,7.676861415995717,7.267858450654331,7.268050720233756,7.5779155737704915,7.952797342763002,7.5659120618566185,7.552048659599185,0.25571876224050133,0.5025988950341795,True,False
primary,pBind_Ki,CHEMBL4064795,CC1C2CC(C3CCCCC3)CCC2CC1C1CCCCC1,8.54,7.478260703092554,7.816192970233056,7.377532684857485,7.3669920783140155,7.353819151153098,7.676861415995717,7.267858450654331,7.268050720233756,7.5779155737704915,7.952797342763002,7.5659120618566185,7.552048659599185,0.25571876224050133,0.5025988950341795,True,False
primary,pBind_Ki,CHEMBL4076003,C1CCC(CCC2CCCC3C2CCC3C2CCC(C3CCCC3)C2)C1,6.47,7.561803342737012,6.802856697912626,7.006084843395202,7.049416212052042,7.485179947516641,6.62426602658674,6.878056320437183,6.903863114065639,7.731515873015873,7.060266806432314,7.170847369070048,7.244834823706059,0.6857142857142858,1.734550648293784,True,False
primary,pBind_Ki,CHEMBL4128848,CC(CC1CC2CCCCC2C1)C1CCCCC1,7.0,7.579194508658389,7.364525452963276,7.251433699775399,7.2318654205453665,7.437694672131148,7.117217386791407,7.063249887968333,7.029165692862429,7.736337301587302,7.550931159801414,7.427427388194069,7.402155343174864,0.26666666666666666,1.8136775282192485,True,False
primary,pBind_Ki,CHEMBL4203542,CC1CC2C3CC(C4CCCC4)CC3CCC2C1CCC1CCC(C2CCC3CCCC3C2)CC1,9.4,7.514087747236495,8.855956374681064,8.781344457426218,8.760392517857243,7.362453868234008,8.717667553892998,8.728245267302482,8.68651759680178,7.6023390580275825,8.949760805657519,8.853390754144996,8.840560137918855,0.6080459770114943,1.6950703222531605,True,False
primary,pBind_Ki,CHEMBL4204531,CC1CC2C3CC(C4CCCC4)CC3CCC2C1CCC1CCC(C2CCCCC2)CC1,9.3,7.5420905164735075,8.856690081687049,8.906970888399451,8.878420606518592,7.4403778831845235,8.75358766152697,8.827670131838646,8.784674179240435,7.642828249007936,8.97562560536731,8.964836893035494,8.932965704610062,0.7441031182463724,2.501143678578228,True,False
primary,pBind_Ki,CHEMBL4205884,CC1CC2C3CC(C4CCCC4)CC3CCC2C1CCC1CCC(C2CCC(CC3CC3)CC2)CC1,9.52,7.511304295387137,9.226648151996123,8.898886680636066,8.864762747713996,7.392311768149883,8.765669418497126,8.81786247037107,8.769869832700694,7.603873015873016,9.378857713375831,8.954123312754481,8.945728426885214,0.9195144551519643,1.8127879967646703,True,False
primary,pBind_Ki,CHEMBL4207839,CC1CC2C3CC(C4CCCC4)CC3CCC2C1CCC1CCC(C2CCC(CCCCC3CC3)CC2)CC1,8.7,7.534162234383001,9.183656744655138,8.983795700283274,8.987255373745091,7.437196428571429,9.000774605420611,8.870393780956007,8.869433658528413,7.626361731150793,9.322556754321681,9.103449361172997,9.10766676098948,0.8181578947368424,2.769257037741529,True,False
primary,pBind_Ki,CHEMBL4207914,CC1CC2C3CC(C4CCCC4)CC3CCC2C1CCC1CCC(C2CCC(CC3CCCCC3)CC2)CC1,9.52,7.54316660598586,9.455153456337152,8.909372139678753,8.895332600558508,7.443086693548386,8.905802537244668,8.818860492759164,8.802137607886952,7.6151707589285715,9.579090514133561,8.969584674069678,8.951952494300219,0.914119718309859,2.3265220886845817,True,False
primary,pBind_Ki,CHEMBL4212810,CC1CC2C3CC(C4CCCC4)CC3CCC2C1CCC1CCC(C2CCCC2)CC1,8.92,7.550777877062821,9.035567306416963,8.947670449583226,8.939430544566383,7.4506504226434425,8.906279082185277,8.840068729019178,8.81469411419125,7.634160714285713,9.14163771584806,9.04107515180327,9.05207299426755,0.6344153082919913,1.7232485939907813,True,False
primary,pBind_Ki,CHEMBL4284097,CC(CC1CCCCC1)CC1CCC2CC(C3CCCC3)CC2C1,6.32,7.530276452814293,7.246254220471724,7.8081439249970686,7.760404258068424,7.405032390269698,6.806792392018692,7.6129115447770195,7.559754876874817,7.608194964871194,7.55321051110994,8.013755892454178,7.953022236953355,0.4052209163643071,0.6770016552073919,True,False
primary,pBind_Ki,CHEMBL4284595,C1CCC(C2CC3CCCC(C4CCCC4)C3C2)C1,7.4,7.5809146569380434,7.839252996294912,8.115717893595946,8.128555580232563,7.514601158474142,7.567300047611546,7.958856733252794,7.980334344624429,7.64635067844342,8.288982092877283,8.289483507900451,8.332142738795504,0.4113361706599411,1.5126301715096488,True,False
primary,pBind_Ki,CHEMBL4284595,C1CCC(C2CC3CCCC(C4CCCC4)C3C2)C1,7.4,7.5809146569380434,7.839252996294912,8.115717893595946,8.128555580232563,7.514601158474142,7.567300047611546,7.958856733252794,7.980334344624429,7.64635067844342,8.288982092877283,8.289483507900451,8.332142738795504,0.4113361706599411,1.5126301715096488,True,False
primary,pBind_Ki,CHEMBL4294888,CC(CCCCCCC(C)CCC1CCC(CCCC2CCC3C2CCC2CC(C4CCCC4)CC23)CC1)CCCCCCC(C)CCC1CCC(CCC2CCC3CC4CCC(C5CCCC5)C4CC32)CC1,7.61,7.560285279180943,8.024408096004851,8.21761383445811,8.232824027351317,7.439407180059523,7.768474767406836,8.11445503936533,8.118282722858215,7.658655241935483,8.262442897457746,8.309251580727171,8.368120258097843,0.41864406779661023,10.255525453813712,False,False
primary,pBind_Ki,CHEMBL4297184,C1CCC(CCC2CCCC(CC3CCC4C(C5CCCC5)CCCC34)C2)C1,8.48,7.510844268939129,7.9290974349097665,7.796428392553591,7.804979160087962,7.353819151153098,7.572828863085181,7.49266812051852,7.443659600492818,7.627493535586277,8.107055559813695,7.951198283879895,7.9530043654245235,0.3587838637170234,0.7777654684004128,True,False
primary,pBind_Ki,CHEMBL4297184,C1CCC(CCC2CCCC(CC3CCC4C(C5CCCC5)CCCC34)C2)C1,8.47,7.510844268939129,7.9290974349097665,7.796428392553591,7.804979160087962,7.353819151153098,7.572828863085181,7.49266812051852,7.443659600492818,7.627493535586277,8.107055559813695,7.951198283879895,7.9530043654245235,0.3587838637170234,0.7777654684004128,True,False
primary,pBind_Ki,CHEMBL4440752,C1CCC(CCC2CCCC(C3CCCC3)C2)CC1,7.62,7.504477823502772,8.13936578137896,8.070704616615151,8.075850666535024,7.392311768149883,7.967475330863812,7.922955375266532,7.9490940447363005,7.603873015873016,8.39152272022658,8.220771051596312,8.234718969156757,0.42105263157894735,0.7440535820760001,True,False
primary,pBind_Ki,CHEMBL447664,C1CCC(CC2CCC3C(C4CCCC4)CCCC23)CC1,8.89,7.461789846085575,8.011869316016023,7.977238912878247,7.849266087840951,7.353819151153098,7.741215772685095,7.798476510781026,7.708965410991246,7.558142857142856,8.168183724937801,8.094404733938463,7.973480432422509,0.3700216116085211,0.8479999402242016,True,False
primary,pBind_Ki,CHEMBL447664,C1CCC(CC2CCC3C(C4CCCC4)CCCC23)CC1,9.1,7.461789846085575,8.011869316016023,7.977238912878247,7.849266087840951,7.353819151153098,7.741215772685095,7.798476510781026,7.708965410991246,7.558142857142856,8.168183724937801,8.094404733938463,7.973480432422509,0.3700216116085211,0.8479999402242016,True,False
primary,pBind_Ki,CHEMBL4529321,C1CCC(C2CCC3CC(C4CCCC4)CC3C2)CC1,8.79,7.525569458783823,8.369284537499137,7.941132259414708,7.905006685901903,7.419630088325652,8.298120644504458,7.841152163609696,7.788735030516945,7.61646875,8.468355892421163,8.18050199097681,8.150385950308081,0.6956521739130433,1.1667783398605744,True,False
primary,pBind_Ki,CHEMBL4540395,CC1CC(C)C2C(C1)CC1CC(CC3CCC(C4CCCC4)C3)CCC12,6.69,7.553958031719072,6.945665240654337,7.025986183050411,7.0008632024576825,7.507337890624999,6.827601664515307,6.961831091758737,6.956772100818635,7.612422515368852,7.104681939734109,7.091763076160173,7.080517066556649,0.7076923076923077,0.7863190479171815,True,False
primary,pBind_Ki,CHEMBL4549506,CC1CC(C)C2C(C1)CC1CC(CC3CCC(C4CCCCC4)C3)CCC12,6.66,7.53952084196743,6.76558699185145,6.99837365100184,6.978424306136884,7.407199602971311,6.666234875500063,6.863745803190858,6.838250265709274,7.627493535586277,6.840602968966431,7.1172285333405485,7.094901957945982,0.7076923076923077,1.185641980054076,True,False
primary,pBind_Ki,CHEMBL4559969,C1CCC(C2CCC3CC(C4CCCC4)CC3C2)C1,8.47,7.5126977975115,8.469497365050575,8.142214454222856,8.138285884733364,7.428012295081968,8.397719265707748,8.02410711880764,8.026422521335657,7.591644649257551,8.520910088667328,8.252478607186966,8.245665876392165,0.6956521739130433,1.2702260288921225,True,False
primary,pBind_Ki,CHEMBL4582207,CC1CC(C)C2C(C1)CC1CC(CCCC3CCCCC3)CCC12,6.64,7.573476667992755,6.7922957751481,6.987040067826892,7.0059022518592275,7.449755952380952,6.597591448691833,6.878040894836851,6.890691862409237,7.731515873015873,6.973679610373796,7.0628769454252955,7.084981325726457,0.5,0.9054562436575339,True,False
primary,pBind_Ki,CHEMBL458242,C1CCC(C2CCCC(C3CCCC3)C2)CC1,8.64,7.485943373117864,8.371284079144033,7.762076067859573,7.757076946325013,7.36486717468562,8.055310894578712,7.395766676042363,7.383111157754743,7.60685,8.540316140235957,7.975600130521175,7.993087804494647,0.4517575322812051,0.6543529510025013,True,False
primary,pBind_Ki,CHEMBL461665,CC(C1CCCCC1)C1CCCC1C1CCCC1,7.17,7.553162872456623,8.15166410188878,7.915941711863027,7.9133867271615514,7.421196818891491,7.866850041738946,7.624646347728567,7.6675395591778015,7.731515873015873,8.449101297450442,8.142656650869892,8.11286611264276,0.30090659340659337,1.377112642277977,True,False
primary,pBind_Ki,CHEMBL487554,C1CCC(C2CCCC(C3CCCC(C4CCC4)C3)C2)C1,9.33,7.505304356702536,8.42223113036307,7.655250829510602,7.564887157048896,7.3942904547858275,8.259826191205448,7.366952495599572,7.303104464186883,7.634601686507936,8.545914972441778,7.8728710430882884,7.770883933483118,0.46264705882352936,0.5079363435945731,True,False
primary,pBind_Ki,CHEMBL506250,C1CCC(C2CCCC(C3CCCC3)C2)C1,9.0,7.5725866536689095,7.711105625344227,7.897066960765225,7.894045024583569,7.454452380952381,7.611490719457376,7.74717635832322,7.7313668331150405,7.739909594214029,7.800077330531487,8.052773050290702,8.058390959935451,0.42105263157894735,1.4383002065368893,True,False
primary,pBind_Ki,CHEMBL5203469,C1CCC2C(C1)CC(C1CCCC1)C2C1CCCC1,7.925,7.495413309773893,7.360654763883796,7.366572551847838,7.423527941328219,7.397936768149882,7.210079783041275,7.255086653628106,7.338800791880886,7.564275152035959,7.746980432455097,7.525042964193099,7.572004601995327,0.5378127896200184,0.8844747445560518,True,False
primary,pBind_Ki,CHEMBL5556919,C1CCC(C2CCC3CCC(C4CCCC4)C3C2)C1,7.69,7.54425820586288,8.425534231004141,8.117107068577692,8.122273121784065,7.436130859374999,8.302691010231195,7.977612940731973,7.975504328736929,7.632585937499999,8.506378607270296,8.216925506258839,8.24715658756943,0.5569880823401949,0.9774770477973453,True,False
primary,pBind_Ki,CHEMBL5561038,C1CCC(C2CCC3CCCC3C2)C1,8.3,7.502429512742273,7.879415752535853,8.000039378157314,7.990543308467961,7.3664339052514585,7.633559997668593,7.796351505633039,7.810462156022577,7.576490573770491,8.147947822350769,8.149627901545522,8.144499576965856,0.48401284902396824,1.0434378946758414,True,False
primary,pBind_Ki,CHEMBL600794,CC(CC1CCCCC1)C1CC2CC3CCCCC3CC2C1,5.57,7.56689596258195,6.9675343237166345,7.1994338061763985,7.1885432145134205,7.3761162823006385,6.728378875618464,7.010703632186124,7.020136325295261,7.731515873015873,7.174034208714398,7.350641819086681,7.339531009966163,0.39999999999999997,1.20323119971019,True,False
primary,pBind_Ki,CHEMBL600819,C1CCC(CC2CC3CCCC(C4CCCCC4)C3C2)CC1,6.2,7.543519406862711,7.81467423367514,7.376561887793874,7.410948529798536,7.373195803717878,7.684788756004393,7.208762271961451,7.2679322401015,7.6246953125,8.059123673867495,7.499751037479507,7.529889388229991,0.24615384615384617,1.1099224993321872,False,False
primary,pBind_Ki,CHEMBL601413,CC(CC1CCCCC1)C1CC2CC3CCCC(C)C3CC2C1,6.52,7.517931352962454,6.390812211711497,7.0557558753107585,7.157659696488201,7.428012295081968,6.20138006159569,6.9169064612480105,6.970124072285988,7.6023390580275825,6.563459033969241,7.230932711912569,7.3071985381921785,0.39999999999999997,1.2042982033243632,True,False
exclude_high_disagreement,pBind_Ki,CHEMBL1092270,CC1CC2CCC3CC(C4CCCC4)CC3C2C1,9.92,7.555432444126327,8.032000244645417,7.966245714338362,7.970560913848193,7.478669047293603,7.908286785889502,7.836333644205827,7.843934420098457,7.619254098360655,8.14340156249989,8.100422939994901,8.114448861955118,0.3092380952380952,1.1647210176145173,True,False
exclude_high_disagreement,pBind_Ki,CHEMBL1095488,CC1C2CCC(CCCC3CCCCC3)CC2C2CCCC(C3CCCCC3)C12,8.12,7.490248260514109,7.7768656059040895,7.52014946439993,7.49742609616128,7.302908333333332,7.647841103388485,7.355398333409909,7.295667300608972,7.622995094086021,7.976528574992334,7.739294815841761,7.71879699650582,0.261873840445269,0.519138942613865,True,False
exclude_high_disagreement,pBind_Ki,CHEMBL1097859,CC(CC1CCCCC1)C1CC(C2CCCCC2)C2CCCCCC12,5.6,7.590808998556234,7.325693174555329,7.382130578837459,7.398755373325104,7.4844645784543316,7.150104965405816,7.190248418665914,7.219379604953075,7.66325,7.579270763585778,7.506762899226798,7.480404382330677,0.2458225667527993,1.3753384184776014,True,False
exclude_high_disagreement,pBind_Ki,CHEMBL119709,C1CCC(CCC2CCCC3C(C4CCCC4)CCC23)CC1,5.54,7.594364624432711,6.923382396761721,7.083537656375674,7.085145435260496,7.513747950819672,6.736214618908156,6.987426525925805,6.9998885615749975,7.671199708252292,7.206558007415054,7.206385007031472,7.178825613776733,0.44594594594594594,1.788085732245348,True,False
exclude_high_disagreement,pBind_Ki,CHEMBL119709,C1CCC(CCC2CCCC3C(C4CCCC4)CCC23)CC1,5.54,7.594364624432711,6.923382396761721,7.083537656375674,7.085145435260496,7.513747950819672,6.736214618908156,6.987426525925805,6.9998885615749975,7.671199708252292,7.206558007415054,7.206385007031472,7.178825613776733,0.44594594594594594,1.788085732245348,True,False
exclude_high_disagreement,pBind_Ki,CHEMBL1561896,CC(CCC1CCCCC1)C1CCC(C2CCCCC2)C1,7.72,7.575756028278154,7.25487471072392,7.535274505143255,7.485833684851007,7.455586693548386,7.0708091481603415,7.395691239362944,7.3861479560673065,7.671199708252292,7.512123151944293,7.693800423128509,7.632882848254568,0.2515592515592516,0.6647957900768879,True,False
exclude_high_disagreement,pBind_Ki,CHEMBL1671936,CC(CC1CCCC1)C1CCCCC1,8.23,7.517774708540389,7.614376481894903,7.176457107453167,7.141620010941959,7.426693647540983,7.255536506048989,7.076949202834712,7.035996170147969,7.645592266949152,7.88062555924069,7.29879897390251,7.240483794133184,0.23974094789520164,1.2782719937275788,True,False
exclude_high_disagreement,pBind_Ki,CHEMBL17127,C1CCC(CCC2CCC3C2CCC2CC(C4CCCC4)CC23)CC1,8.96,7.473168827084275,8.207102190021105,8.325667464545358,8.320592818167935,7.328925648907102,8.123254527622656,8.143198446048633,8.138618646087156,7.555907112068965,8.288307829666644,8.431108936045483,8.43761339662728,0.3644067796610169,0.4504012395541325,True,False
exclude_high_disagreement,pBind_Ki,CHEMBL17127,C1CCC(CCC2CCC3C2CCC2CC(C4CCCC4)CC23)CC1,8.62,7.473168827084275,8.207102190021105,8.325667464545358,8.320592818167935,7.328925648907102,8.123254527622656,8.143198446048633,8.138618646087156,7.555907112068965,8.288307829666644,8.431108936045483,8.43761339662728,0.3644067796610169,0.4504012395541325,True,False
exclude_high_disagreement,pBind_Ki,CHEMBL183,CC1CC(C)C2CC(C3CCCC3)CC2C1,6.8,7.541157841953998,6.729526008613442,7.25755210982511,7.343762929118844,7.46188347457627,6.349186510010731,7.127563852347252,7.221473514263871,7.644504766949153,7.108238709235533,7.388990023542376,7.495462332414626,0.2648305084745763,1.3630074289227962,True,False
exclude_high_disagreement,pBind_Ki,CHEMBL183,CC1CC(C)C2CC(C3CCCC3)CC2C1,6.8,7.541157841953998,6.729526008613442,7.25755210982511,7.343762929118844,7.46188347457627,6.349186510010731,7.127563852347252,7.221473514263871,7.644504766949153,7.108238709235533,7.388990023542376,7.495462332414626,0.2648305084745763,1.3630074289227962,True,False
exclude_high_disagreement,pBind_Ki,CHEMBL1950653,CC(CCCC1CCCCC1)CCC1CCC(CCCC2CCC3CCC(C4CCCC4)C3C2)CC1,6.8,7.520881338006076,7.017193122222378,7.133150698273788,7.119508783041285,7.4369672131147535,6.931407721686569,7.06304462013806,7.047934568238855,7.622623215230036,7.13688959680805,7.189747423861255,7.165806485899029,0.7818805765271105,5.379457682780092,True,False
exclude_high_disagreement,pBind_Ki,CHEMBL1950655,CC(CCCC1CCC2CCCCC21)CCC1CCC(CCCC2CCC3CCC(C4CCCC4)C3C2)CC1,7.06,7.538950656619072,6.894529319251603,7.118031513703184,7.150792446661566,7.435398565573769,6.755431898532503,6.989226232535495,7.036966093289805,7.611046370967742,7.139154246450643,7.237982782877912,7.227695877524689,0.7596161869002921,5.853283896248504,True,False
exclude_high_disagreement,pBind_Ki,CHEMBL1950665,CC(CCCC1CCCC1)CCC1CCC(CCCC2CCC3CCC(C4CCCC4)C3C2)CC1,6.96,7.554089293471603,6.832968890717305,7.103065516352956,7.0830299035926005,7.435468011947762,6.69602083306363,7.003149259930117,6.995817174089675,7.654677410391775,6.985833635363156,7.175081932914642,7.162491768128239,0.7308032890575586,5.39094973585677,True,False
exclude_high_disagreement,pBind_Ki,CHEMBL197669,C1CCC(C2CC3CCCCC3C2)C1,8.18,7.554790338639466,7.4890429652523975,7.490690612309557,7.520109937635068,7.465792372881355,7.312268320005225,7.395040166054161,7.37465411685006,7.654419213670463,7.713871739066361,7.6214039744525985,7.659716967958289,0.2970762711864407,1.2304721751691174,True,False
exclude_high_disagreement,pBind_Ki,CHEMBL1990267,CC1CCC2CCCCC2C1,7.1,7.534124882434486,6.956253644191681,7.3238414788134305,7.377554084469574,7.453348063194077,6.667269062717925,7.15207879193191,7.231283654546285,7.620695594262294,7.349438319209305,7.507656595604824,7.564295736792428,0.5178247025305849,1.9678033124273546,True,False
exclude_high_disagreement,pBind_Ki,CHEMBL2024116,C1CCC(C2CCCCC2C2CCCCC2)CC1,7.81,7.508226299291309,7.666374039945931,7.523643504048772,7.559893677044729,7.35453644125683,7.5264300557822175,7.41524808995236,7.420746700953106,7.602646413934425,7.828912672760457,7.663430912935326,7.72973671443395,0.2032752902155887,1.3407103394485331,False,False
exclude_high_disagreement,pBind_Ki,CHEMBL2024116,C1CCC(C2CCCCC2C2CCCCC2)CC1,8.77,7.508226299291309,7.666374039945931,7.523643504048772,7.559893677044729,7.35453644125683,7.5264300557822175,7.41524808995236,7.420746700953106,7.602646413934425,7.828912672760457,7.663430912935326,7.72973671443395,0.2032752902155887,1.3407103394485331,False,False
exclude_high_disagreement,pBind_Ki,CHEMBL2042073,CC(CCCC1CCCCC1)C1CC2CCCCC2CC1C,6.9,7.5157215053763435,7.136514026237785,7.277176541745762,7.345921297834688,7.3252002390710365,6.855489836021548,7.1187570992999465,7.1792856372508735,7.60911875,7.557492505475187,7.408732253438841,7.470431225780351,0.5133880837359098,1.0129958784304238,True,False
exclude_high_disagreement,pBind_Ki,CHEMBL2042081,CC1CC2CCCCC2CC1C(C)CC1CCCC1C1CCCCC1,6.2,7.525525507906915,7.402867181126082,7.318579804238398,7.352041063254262,7.433274292702273,7.113738942089489,7.22180359950806,7.250869751975167,7.601532786885246,7.8211986121705515,7.42296855802743,7.445152398007354,0.440710547184774,0.7642759603009599,True,False
exclude_high_disagreement,pBind_Ki,CHEMBL2070507,CC(CC1CCC1)C1CCC(C2CCC3CCCCC32)C1,7.47,7.530638010249049,6.482738509403413,6.781212537782741,6.7898750940101475,7.456932377049179,6.239671282481859,6.584161422680435,6.587156495931407,7.59918125,6.954045025895338,6.917803889760025,6.902210348381612,0.8548421052631578,2.119427806862601,True,False
exclude_high_disagreement,pBind_Ki,CHEMBL2070508,CC(CC1CCCC1)C1CCC(C2CCC3CCCCC32)C1,6.19,7.559892504733682,7.248456158052832,7.049039060550379,7.025214396222559,7.475620660196829,6.829881952784809,6.819275432600874,6.781564309711586,7.661917074299312,7.378276602761414,7.246922018999964,7.2197131971115684,0.8548421052631578,1.9207008888108696,True,False
exclude_high_disagreement,pBind_Ki,CHEMBL2153629,CC1CC(C)C2C(C1)CC1C(C3CCCCCCC3)CCC12,6.51,7.561357278071354,6.630009992200415,7.0770085702627465,7.063657550632446,7.474509639830507,6.274643588884471,6.9885178131149255,6.9725651377738656,7.6227865216816495,6.979467920241989,7.249182285657353,7.2263031881536754,0.37446514837819184,1.7202293523029628,True,False
exclude_high_disagreement,pBind_Ki,CHEMBL225459,C1CCC2C(C1)CCC2CCCC1CCC2CCC(C3CCCC3)C2C1,6.82,7.5524923365062575,7.286584560501092,7.163484661375127,7.177637524358834,7.447437397540984,7.16628932671641,7.097371221957961,7.108886945530343,7.6227865216816495,7.388419204871971,7.226415151645996,7.213712687745319,0.3471395881006864,2.1756177120434823,True,False
exclude_high_disagreement,pBind_Ki,CHEMBL2382434,CC(CCCC1CCCCC1)CC1CC(C)C2CCCCC2C1,7.4,7.541641758552292,7.335650344967223,7.211774475365554,7.207704650300405,7.447126910252848,7.246743840456972,7.147664844084296,7.122451134487458,7.645824951375382,7.479708088740396,7.309790798749224,7.2941103160933105,0.2653968253968254,1.2274026567953427,True,False
exclude_high_disagreement,pBind_Ki,CHEMBL259580,CC1CC(C)C2CC(C3CCC(CCC(C)C4CCC(C5CCCCC5)CC4)CC3)CC2C1,6.33,7.551564098763281,6.40569766818678,6.9706726105214525,7.0049753693365275,7.462407838983051,6.110408730521874,6.592230687967208,6.653554238583169,7.622776639344262,7.049020625135094,7.377503885268744,7.430584783604751,0.5800013591573224,1.6948494346103957,True,False
exclude_high_disagreement,pBind_Ki,CHEMBL261482,CC(CC1CC1)C1CCC(C2CCC3CCCCC32)C1,7.3,7.528343069674158,6.788771500211756,6.839915269866795,6.804265665216219,7.427286389476467,6.40477042955938,6.626968544582143,6.562956453011832,7.618921370967741,7.434481644028329,7.088521260846107,7.093465023140243,0.8251891891891893,2.1345025868042486,True,False
exclude_high_disagreement,pBind_Ki,CHEMBL270654,CC(CC1CCCCC1)CC1CC(C2CCCCC2)CC(C2CCCC2)C1,9.0,7.489688926732931,8.084510675303163,7.713477884632864,7.6501550429318215,7.3252002390710365,7.7790922597162195,7.481508331083992,7.418421890241978,7.585700819672131,8.290705324621003,7.864477055556647,7.814104963562483,0.3375466284074606,1.1213975517799422,True,False
exclude_high_disagreement,pBind_Ki,CHEMBL294223,CC1CC(C)C2CC(C3CCC(CCC(C)C4CCC(C5CCCCC5)(C5CCCCC5)CC4)CC3)CC2C1,5.45,7.559252093622183,6.153805953121371,6.959461682696322,7.0138034643153615,7.445397849462365,5.933021107080199,6.646031878582734,6.736892201259958,7.62709743852459,6.772000774888555,7.3046143236931975,7.349700364403368,0.5983846153846154,2.664112252602145,True,False
exclude_high_disagreement,pBind_Ki,CHEMBL3317574,C1CCC(CCCC2CCC3CC(C4CCCCC4)CC3C2)CC1,7.26,7.593407389896237,7.872528820605153,7.70170948794423,7.738710502465308,7.483035357043622,7.776971846544964,7.488251556569467,7.5195039315678365,7.671199708252292,8.014327030369714,7.810121161967003,7.8713559542186164,0.299213952345861,1.0087270369015857,True,False
exclude_high_disagreement,pBind_Ki,CHEMBL3317574,C1CCC(CCCC2CCC3CC(C4CCCCC4)CC3C2)CC1,7.26,7.593407389896237,7.872528820605153,7.70170948794423,7.738710502465308,7.483035357043622,7.776971846544964,7.488251556569467,7.5195039315678365,7.671199708252292,8.014327030369714,7.810121161967003,7.8713559542186164,0.299213952345861,1.0087270369015857,True,False
exclude_high_disagreement,pBind_Ki,CHEMBL3335523,CC(CCC1CCC(CCCC2CCC3CCC(C4CCCC4)C3C2)CC1)CC1CCCCC1,7.64,7.525644323172775,6.688347589875302,6.984590491820856,6.985992358140597,7.455675257015837,6.499045111907385,6.7971522537189655,6.822066736600226,7.590745901639344,6.821962710762382,7.113861817177633,7.064373067190234,0.6186572632350246,5.137758462243563,True,False
exclude_high_disagreement,pBind_Ki,CHEMBL3414573,C1CCC(C2CCC(CCCC3CCC4CCC(C5CCCC5)C4C3)CC2)CC1,7.58,7.556982739530395,7.224237164661564,7.06208759115624,7.053173169083399,7.479128793056314,6.83085776217596,6.853605389957837,6.843603230030338,7.6227865216816495,7.616753225536453,7.231749590481859,7.209233193344533,0.6648594377510041,3.045034724452386,True,False
exclude_high_disagreement,pBind_Ki,CHEMBL3414940,C1CCC(C2CCC(C3CCC4C(CC5CC5)CCCC43)C2)C1,6.935,7.55471802332158,6.690146941772037,6.752926538612312,6.779863389570093,7.439811816939891,6.410194002473995,6.592860479966592,6.642355748468467,7.648967266949152,7.030291378981944,7.1527914549868346,7.116940304983588,0.6857142857142858,1.7270253109693825,True,False
exclude_high_disagreement,pBind_Ki,CHEMBL3414941,C1CCC(C2CCC(C3CCC4C(CC5CC5)CCCC43)C2)C1,6.885,7.55471802332158,6.776781139072506,6.802642080946251,6.795505445206315,7.439811816939891,6.530638405593175,6.643052359269315,6.6436788533232125,7.648967266949152,7.152396486175329,7.195051744856681,7.1754987939251675,0.5791666666666666,1.5954036575813997,True,False
exclude_high_disagreement,pBind_Ki,CHEMBL3414946,C1CCC(CC2CCCC3C2CCC3C2CCC(C3CCCC3)C2)CC1,7.11,7.526436102037787,6.537540750812255,6.831943725812155,6.880099527872393,7.358888900273223,6.3316933106910165,6.68403243374264,6.72874226166577,7.616993749999999,6.837742883884163,7.019767399555148,7.061438215437774,0.637290455011974,1.5271352108445284,True,False
exclude_high_disagreement,pBind_Ki,CHEMBL3416776,C1CCC(C2CCC(CCCCC3CCC4CCC(C5CCCC5)C4C3)CC2)CC1,6.62,7.571375653261479,7.495896921977376,7.26392044303722,7.2436946563539895,7.52813244047619,7.383762976556257,7.109924544408017,7.0941557610353385,7.661917074299312,7.608691844163897,7.404940601165541,7.3799847532481735,0.6998781643427643,3.170552325366697,True,False
exclude_high_disagreement,pBind_Ki,CHEMBL3416810,C1CCC(CCCCC2CCC(C3CCC(C4CCC5CCC(C6CCCC6)C5C4)CC3)CC2)CC1,7.79,7.47856446362042,7.004321945246905,7.03511555591304,7.042458851479141,7.3252002390710365,6.94911355439292,6.894814932455734,6.8806577309370685,7.5835686649069185,7.080464395717789,7.1416659339243616,7.141061510754574,0.6292134831460673,3.2649755358787464,True,False
exclude_high_disagreement,pBind_Ki,CHEMBL372148,CC(CCC1CCC(C2CC3CC(C)CC(C)C3C2)CC1)CC1CCC(C2CCCCC2)CC1,5.58,7.529663912854413,6.407094117169403,6.855482295537682,6.877882661265792,7.462087593776048,6.1794273296843345,6.689917562125153,6.700951973003171,7.590745901639344,6.73574285641125,7.242210389267907,7.298332876340808,0.5154083570750236,2.1292507286145463,True,False
exclude_high_disagreement,pBind_Ki,CHEMBL3740939,C1CCC(C2CCC(C3CCC4CCCCC43)C2)C1,5.43,7.546473449560051,7.055942692940806,7.199702981579319,7.177799455013049,7.433923155737705,6.880274479705658,7.101311222829049,7.086060568024034,7.654677410391775,7.212273493658268,7.295908668843964,7.297042922032271,0.5705627705627705,2.063180534843244,True,False
exclude_high_disagreement,pBind_Ki,CHEMBL3827859,CC1CC(C)C2C(C1)CC1C(CCC3CCCCC3)CCCC12,6.25,7.543149564096356,6.9529902790368725,7.126082620845898,7.125889882065167,7.350958572404371,6.832211568332651,6.951087448020497,6.947747089845286,7.663052356557377,7.096920848095031,7.243769420011417,7.222581995995523,0.3796720061022121,1.888107114478713,True,False
exclude_high_disagreement,pBind_Ki,CHEMBL398272,CC(CC1CCCCC1)CC1CC(C2CCCC2)CC(C2CCCC2)C1,9.05,7.459675726008119,7.639553008969412,7.844478196857136,7.851031846412925,7.302908333333332,7.446852240593883,7.6389287540138975,7.637532500898188,7.548797782258065,7.799618202383362,8.030333082735575,8.006491998402648,0.35041459311327505,0.6601768180705709,True,False
exclude_high_disagreement,pBind_Ki,CHEMBL4064795,CC1C2CC(C3CCCCC3)CCC2CC1C1CCCCC1,8.54,7.485223181116308,7.695220224082933,7.377400392128889,7.371102299777725,7.349910416666666,7.542511205050618,7.250962077649298,7.281648228590258,7.578931369824951,7.839787629110585,7.549961083759663,7.543570750951421,0.25593172119487906,0.5761777481172686,True,False
exclude_high_disagreement,pBind_Ki,CHEMBL4064795,CC1C2CC(C3CCCCC3)CCC2CC1C1CCCCC1,8.54,7.485223181116308,7.695220224082933,7.377400392128889,7.371102299777725,7.349910416666666,7.542511205050618,7.250962077649298,7.281648228590258,7.578931369824951,7.839787629110585,7.549961083759663,7.543570750951421,0.25593172119487906,0.5761777481172686,True,False
exclude_high_disagreement,pBind_Ki,CHEMBL4076003,C1CCC(CCC2CCCC3C2CCC3C2CCC(C3CCCC3)C2)C1,6.47,7.515483796051472,6.787679213282395,7.0072015385838515,7.073381433014029,7.437501024590163,6.64863159549538,6.906339852547029,6.951886986082747,7.589399590163934,7.094185213584371,7.155317513202925,7.188449235684033,0.6857142857142858,1.730642244717951,True,False
exclude_high_disagreement,pBind_Ki,CHEMBL4128848,CC(CC1CC2CCCCC2C1)C1CCCCC1,7.0,7.5555014883913385,7.356329016572161,7.191158538902845,7.173804702697545,7.453234579049735,7.247110978384305,7.045418223244922,7.043613282802988,7.6250728120042295,7.558074940794593,7.369479052340377,7.344186300282662,0.26295081967213113,1.8591055632303437,True,False
exclude_high_disagreement,pBind_Ki,CHEMBL4203542,CC1CC2C3CC(C4CCCC4)CC3CCC2C1CCC1CCC(C2CCC3CCCC3C2)CC1,9.4,7.4996360976373255,8.853679257624396,8.738014672387457,8.6868923736284,7.35050315860215,8.754003572459979,8.447996789797354,8.38053177097875,7.60574375,8.981265746134312,8.895764038334246,8.850258034990327,0.6033758578586166,1.8360490853490767,True,False
exclude_high_disagreement,pBind_Ki,CHEMBL4204531,CC1CC2C3CC(C4CCCC4)CC3CCC2C1CCC1CCC(C2CCCCC2)CC1,9.3,7.494165490040541,8.87372296716823,8.814184501130656,8.785913446503491,7.302908333333332,8.773605385430958,8.488531521232943,8.472357246633058,7.62158493852459,8.991725854016538,8.957110836241776,8.923556980995675,0.7386384686631678,2.586354887817821,True,False
exclude_high_disagreement,pBind_Ki,CHEMBL4205884,CC1CC2C3CC(C4CCCC4)CC3CCC2C1CCC1CCC(C2CCC(CC3CC3)CC2)CC1,9.52,7.492628853957126,9.153132604838563,8.816155185036775,8.749897591173596,7.349910416666666,8.635784457188734,8.546504258938992,8.486953026604292,7.644626463700234,9.38985345850747,8.989128207077103,8.92033290100904,0.9012402529768885,1.8214593060157636,True,False
exclude_high_disagreement,pBind_Ki,CHEMBL4207839,CC1CC2C3CC(C4CCCC4)CC3CCC2C1CCC1CCC(C2CCC(CCCCC3CC3)CC2)CC1,8.7,7.464171481314786,9.03389898030704,8.84813941646293,8.837393606677702,7.326402083333332,8.81044267343839,8.60278889270065,8.579518362303949,7.541901444184231,9.256837209924058,9.030014180860457,8.9973939460387,0.7893170426065164,2.9467989034730278,True,False
exclude_high_disagreement,pBind_Ki,CHEMBL4207914,CC1CC2C3CC(C4CCCC4)CC3CCC2C1CCC1CCC(C2CCC(CC3CCCCC3)CC2)CC1,9.52,7.523033566447668,9.371311396492699,8.901606252471428,8.894805856792882,7.433356898907103,8.677021269718432,8.795498435083214,8.76793165302228,7.662991803278688,9.5689740840295,8.984150116923175,8.985047985978785,0.8931131913431809,2.246954943906639,True,False
exclude_high_disagreement,pBind_Ki,CHEMBL4212810,CC1CC2C3CC(C4CCCC4)CC3CCC2C1CCC1CCC(C2CCCC2)CC1,8.92,7.493151109403148,8.985439516650901,8.868114188212918,8.838918002866837,7.34870857240437,8.894515633972677,8.475578427928316,8.441028695278735,7.5770808401639345,9.053538447151583,9.002579078038128,8.975211391460004,0.6322298221614226,1.574695320675239,True,False
exclude_high_disagreement,pBind_Ki,CHEMBL4284097,CC(CC1CCCCC1)CC1CCC2CC(C3CCCC3)CC2C1,6.32,7.551711141749136,7.267171648013047,7.8287086240704635,7.805230603090817,7.429217213114753,6.876696702825265,7.688575391783576,7.632508937103015,7.663052356557377,7.648315435104851,7.960098935547604,7.935611711848629,0.3888605918072613,0.6846849215546394,True,False
exclude_high_disagreement,pBind_Ki,CHEMBL4284595,C1CCC(C2CC3CCCC(C4CCCC4)C3C2)C1,7.4,7.550148175568481,7.890755242040832,8.105093917325261,8.143842511469309,7.433356898907103,7.596493067888827,7.99216447207547,8.006937556123823,7.627036885245901,8.402842867966685,8.27640821930917,8.28280634525066,0.41711065573770495,1.5907845556001925,True,False
exclude_high_disagreement,pBind_Ki,CHEMBL4284595,C1CCC(C2CC3CCCC(C4CCCC4)C3C2)C1,7.4,7.550148175568481,7.890755242040832,8.105093917325261,8.143842511469309,7.433356898907103,7.596493067888827,7.99216447207547,8.006937556123823,7.627036885245901,8.402842867966685,8.27640821930917,8.28280634525066,0.41711065573770495,1.5907845556001925,True,False
exclude_high_disagreement,pBind_Ki,CHEMBL4294888,CC(CCCCCCC(C)CCC1CCC(CCCC2CCC3C2CCC2CC(C4CCCC4)CC23)CC1)CCCCCCC(C)CCC1CCC(CCC2CCC3CC4CCC(C5CCCC5)C4CC32)CC1,7.61,7.527910276002592,8.335423776440548,8.262300190072501,8.249262757786841,7.4318814890710385,8.180486130572048,8.192298432502279,8.153255115511591,7.654479766949152,8.571804271881232,8.337317597092271,8.326296960668694,0.3644067796610169,9.756808626746658,False,False
exclude_high_disagreement,pBind_Ki,CHEMBL4297184,C1CCC(CCC2CCCC(CC3CCC4C(C5CCCC5)CCCC34)C2)C1,8.48,7.482217051480847,7.757883527177361,7.722605397289277,7.707717038090057,7.3252002390710365,7.2457513168166665,7.474746019015327,7.474515337530327,7.59726875,8.21827354037488,7.9372699750477755,7.905521350048444,0.3251626641429078,0.9773115608336059,True,False
exclude_high_disagreement,pBind_Ki,CHEMBL4297184,C1CCC(CCC2CCCC(CC3CCC4C(C5CCCC5)CCCC34)C2)C1,8.47,7.482217051480847,7.757883527177361,7.722605397289277,7.707717038090057,7.3252002390710365,7.2457513168166665,7.474746019015327,7.474515337530327,7.59726875,8.21827354037488,7.9372699750477755,7.905521350048444,0.3251626641429078,0.9773115608336059,True,False
exclude_high_disagreement,pBind_Ki,CHEMBL4440752,C1CCC(CCC2CCCC(C3CCCC3)C2)CC1,7.62,7.5232210967559565,8.097346880876287,8.098728537848732,8.10722864015844,7.350958572404371,7.550231575202334,7.97026712372909,7.979139313237258,7.6236758659439445,8.349944121190944,8.215469519320012,8.257924802041353,0.4052631578947368,0.7869703304043029,True,False
exclude_high_disagreement,pBind_Ki,CHEMBL447664,C1CCC(CC2CCC3C(C4CCCC4)CCCC23)CC1,8.89,7.489432982205331,7.962481593013801,7.969845880250719,7.840234184961595,7.3252002390710365,7.7241390437390764,7.790874703949025,7.65909055867891,7.625281384408601,8.207583941966625,8.131972990824524,8.009547670637147,0.3435267086899331,0.8187178370575534,True,False
exclude_high_disagreement,pBind_Ki,CHEMBL447664,C1CCC(CC2CCC3C(C4CCCC4)CCCC23)CC1,9.1,7.489432982205331,7.962481593013801,7.969845880250719,7.840234184961595,7.3252002390710365,7.7241390437390764,7.790874703949025,7.65909055867891,7.625281384408601,8.207583941966625,8.131972990824524,8.009547670637147,0.3435267086899331,0.8187178370575534,True,False
exclude_high_disagreement,pBind_Ki,CHEMBL4529321,C1CCC(C2CCC3CC(C4CCCC4)CC3C2)CC1,8.79,7.5207912700511175,8.345641968885033,7.928054807640263,7.904196032910863,7.349910416666666,8.284112946545052,7.798093320129315,7.796882164804727,7.626356113387978,8.430993297872883,8.021773092792412,8.033120933907577,0.6956521739130433,1.1920116598018484,True,False
exclude_high_disagreement,pBind_Ki,CHEMBL4540395,CC1CC(C)C2C(C1)CC1CC(CC3CCC(C4CCCC4)C3)CCC12,6.69,7.528934209636373,6.9092939132688285,7.011240521055815,6.997831161628119,7.435459357923497,6.7711931868696436,6.91209976635131,6.91728170572389,7.618921370967741,7.07472975367431,7.1174708186717766,7.062407433703936,0.7076923076923077,0.8738145374268468,True,False
exclude_high_disagreement,pBind_Ki,CHEMBL4549506,CC1CC(C)C2C(C1)CC1CC(CC3CCC(C4CCCCC4)C3)CCC12,6.66,7.5132873540034355,6.7028939474012486,7.059258774426051,7.013799733465824,7.35050315860215,6.6375291900143285,6.883042640876738,6.854051525405097,7.616206967213114,6.789964246708942,7.246341460443701,7.210529207958731,0.7076923076923077,1.2980588271988291,True,False
exclude_high_disagreement,pBind_Ki,CHEMBL4559969,C1CCC(C2CCC3CC(C4CCCC4)CC3C2)C1,8.47,7.500356397610446,8.49305758720751,8.226892138216868,8.239228913085574,7.429217213114753,8.39181995771663,8.160594863574103,8.14422994090606,7.580916666666666,8.59372611842083,8.3433228994048,8.354674319330252,0.6956521739130433,1.2974582800974166,True,False
exclude_high_disagreement,pBind_Ki,CHEMBL4582207,CC1CC(C)C2C(C1)CC1CC(CCCC3CCCCC3)CCC12,6.64,7.565181964598888,6.783978320414512,6.977342939004238,7.002175801715398,7.453234579049735,6.711450713423171,6.834719269797368,6.845868659683584,7.671199708252292,6.915318477393662,7.1202968816330845,7.1497504167912895,0.5,0.9744840061535684,True,False
exclude_high_disagreement,pBind_Ki,CHEMBL458242,C1CCC(C2CCCC(C3CCCC3)C2)CC1,8.64,7.510135376776589,8.449249744767123,7.827342382536605,7.82861531935526,7.332869244350281,8.07940759680654,7.549433026133429,7.533482883511123,7.616441666666666,8.593792060150333,8.065492137464817,8.086706282605215,0.4727403156384504,0.6624642992447006,True,False
exclude_high_disagreement,pBind_Ki,CHEMBL461665,CC(C1CCCCC1)C1CCCC1C1CCCC1,7.17,7.512047848341981,8.25588949477494,7.935460056499096,7.9227541757726225,7.445992775771046,8.089332683732415,7.832110952024851,7.8068715713653,7.61619262295082,8.401447453594756,8.055025320545372,8.012568897993548,0.29230546480546477,1.381056146464814,True,False
exclude_high_disagreement,pBind_Ki,CHEMBL487554,C1CCC(C2CCCC(C3CCCC(C4CCC4)C3)C2)C1,9.33,7.520279155439718,8.415557046123578,7.739527954541421,7.63299980644949,7.443422131147541,8.226769844497403,7.479688854168187,7.379319105679514,7.579648499471179,8.505092797438364,7.883067151337585,7.817400810661684,0.48,0.565247762198027,True,False
exclude_high_disagreement,pBind_Ki,CHEMBL506250,C1CCC(C2CCCC(C3CCCC3)C2)C1,9.0,7.567746357873489,7.7171323398509175,7.895294190392444,7.889354129721729,7.4804971245372816,7.589107751010258,7.799469250223051,7.781894724628995,7.653344484691088,7.841310278235028,8.057224667073218,8.049058716700436,0.41853070175438595,1.354583811502917,True,False
exclude_high_disagreement,pBind_Ki,CHEMBL5203469,C1CCC2C(C1)CC(C1CCCC1)C2C1CCCC1,7.925,7.5413962186472405,7.354921257171396,7.374095249126684,7.423671203963664,7.439607697740112,7.185256267241834,7.310026591558991,7.337224031890385,7.6097479508196715,7.717332232291541,7.499773628578438,7.515108949120332,0.5378127896200184,0.8535647092813065,True,False
exclude_high_disagreement,pBind_Ki,CHEMBL5556919,C1CCC(C2CCC3CCC(C4CCCC4)C3C2)C1,7.69,7.565356182795698,8.420133003168962,8.1348349682662,8.14302515885812,7.453348063194077,8.381788650280674,8.055130877373834,8.057642794171269,7.663052356557377,8.454989222949683,8.204791165153372,8.233935679447107,0.5569880823401949,1.1039613440993243,True,False
exclude_high_disagreement,pBind_Ki,CHEMBL5561038,C1CCC(C2CCC3CCCC3C2)C1,8.3,7.484926405781771,7.900485120485013,8.009789363381586,7.947912145085924,7.302908333333332,7.7428473869387435,7.913458300391215,7.8811354469351675,7.618185450819671,8.147311472998965,8.126483970389526,8.050166035152646,0.48401284902396824,1.018367228430846,True,False
exclude_high_disagreement,pBind_Ki,CHEMBL600794,CC(CC1CCCCC1)C1CC2CC3CCCCC3CC2C1,5.57,7.550965893537705,7.034938492655431,7.209005553791305,7.197771738487502,7.47515625,6.941395031628931,7.104069789983957,7.113749697121014,7.613851434426229,7.1665081868471825,7.325177570056583,7.332331880701763,0.3613492063492063,1.2515887880435792,True,False
exclude_high_disagreement,pBind_Ki,CHEMBL600819,C1CCC(CC2CC3CCCC(C4CCCCC4)C3C2)CC1,6.2,7.529552280522656,7.722351262885131,7.387275185067269,7.4237898643016695,7.335176447740112,7.418055482714917,7.224906882098256,7.272810032270206,7.62158493852459,7.96017618709832,7.513768736136506,7.584255190373898,0.24461538461538462,1.272413059340659,True,False
exclude_high_disagreement,pBind_Ki,CHEMBL601413,CC(CC1CCCCC1)C1CC2CC3CCCC(C)C3CC2C1,6.52,7.5497579727834445,6.6592656544769735,7.160729300567077,7.252154738762511,7.479794047293603,6.383164788599776,7.033791419753593,7.115291723702266,7.659467477525118,7.2185813674840595,7.349488456502718,7.437862114346517,0.3653333333333333,1.2378967886539334,True,False
primary,pFunc_agonism,CHEMBL2042303,CC(CCCCC1CCCC1)CC1CCC(CCCC2CCC3CCC(C4CCCC4)C3C2)CC1,8.18,7.4958333333333345,6.911632111058347,7.438810418851287,7.4507561499902835,7.326133333333332,6.621448864268427,7.2246172270548925,7.241855435227269,7.616901562500001,7.228044685949964,7.607281443233852,7.641263354057394,0.787878787878788,1.6191422663338393,True,False
primary,pFunc_agonism,CHEMBL2042304,C1CCC(C(CCC2CCCC3C(C4CCCC4)CCC23)C2CCCCC2)CC1,9.07,7.417442559523811,7.055448009342771,7.2692137229354,7.278034684024308,7.307972619047618,6.6345720050700585,7.199083362984236,7.206148388799749,7.501883333333334,7.254072241472697,7.371549164454638,7.363212638073717,0.7486111111111112,1.1645823298084137,True,False
primary,pFunc_agonism,CHEMBL2042305,C1CCC(CCCC2CC(CCC(C3CCCCC3)C3CCCCC3)C3CCC(C4CCCC4)C3C2)CC1,7.18,7.536136904761906,7.46216653988341,7.509890738360251,7.486510995987345,7.406296428571429,6.647726065302778,7.306142680351938,7.261990897115383,7.665841145833333,7.987569910853414,7.7168975899923,7.69395612053329,0.7670865633074934,1.153119490976906,True,False
primary,pFunc_agonism,CHEMBL2042308,CC(CC1CCC(CCCC2CC(CCC(C3CCCCC3)C3CCCCC3)C3CCC(C4CCCC4)C3C2)CC1)C1CCCCC1,6.44,7.591222916666666,7.038153818703847,7.5829311805167,7.545890095874945,7.471075000000001,6.950580509134469,7.379029813035217,7.332839344500617,7.676833333333333,7.170537289487266,7.7087794439445965,7.679322733536592,0.7570528146055204,2.6519459606800893,True,False
primary,pFunc_agonism,CHEMBL2042310,CC(CCCCC1CCCC1)CC1CCC(CCCC2CC(CCC(C3CCCCC3)C3CCCCC3)C3CCC(C4CCCC4)C3C2)CC1,7.05,7.478436904761905,8.235642547205057,7.387236256443567,7.380552190370747,7.3479464285714275,7.9217503052480405,7.2063765779817555,7.183402413297138,7.6119796875,8.710638267200189,7.546427219413926,7.553349609970595,0.787878787878788,2.6016984373978493,True,False
primary,pFunc_agonism,CHEMBL2070507,CC(CC1CCC1)C1CCC(C2CCC3CCCCC32)C1,7.57,7.50564375,7.225281590504805,7.4946613164453595,7.4703276060779515,7.321633333333332,6.744704387134178,7.292699152525258,7.289132324454368,7.6535833333333345,8.389867212217398,7.78759727819333,7.747341915685007,0.8955348837209302,1.7352853356690716,True,False
primary,pFunc_agonism,CHEMBL2070508,CC(CC1CCCC1)C1CCC(C2CCC3CCCCC32)C1,6.65,7.6228375,7.70352753447199,7.698117049331908,7.688938001900867,7.510683333333334,7.587758982427387,7.597769292291026,7.594816888608942,7.729483333333333,8.38048894525276,7.789824474706186,7.764245104170474,0.8955348837209302,1.6561202798712422,True,False
primary,pFunc_agonism,CHEMBL225459,C1CCC2C(C1)CCC2CCCC1CCC2CCC(C3CCCC3)C2C1,7.4,7.60643125,7.976133551161295,7.707485477872818,7.714376512614467,7.4834,7.565793626289309,7.591018126427732,7.581207884828017,7.676833333333333,8.299699072120596,7.792711134908141,7.7849620585730275,0.3036097059075709,0.8534707844483693,True,False
primary,pFunc_agonism,CHEMBL261482,CC(CC1CC1)C1CCC(C2CCC3CCCCC32)C1,7.64,7.493483035714286,7.3965976834611595,7.461048162804552,7.448036395091708,7.396658333333335,6.926878164613081,7.346485872974245,7.345475449093954,7.574157812499999,8.381041988591871,7.724316652939084,7.706743043541883,0.8690958904109589,1.847117414865222,True,False
primary,pFunc_agonism,CHEMBL3235280,CC(CCC1CCCC(CCC2CCCC(C3CCCCC3)C2)C1)C1CCCCC1,8.52,7.440645833333333,7.34545326913242,7.460676790904233,7.451234104951991,7.320808333333332,7.144447603641186,7.35139308865267,7.34561471067578,7.500521354166666,7.5026921871938335,7.5393687228020205,7.523107740060279,0.19530314858183712,1.5440570538895817,False,False
primary,pFunc_agonism,CHEMBL3335523,CC(CCC1CCC(CCCC2CCC3CCC(C4CCCC4)C3C2)CC1)CC1CCCCC1,8.23,7.451940773809524,7.438110871192468,7.397819577627932,7.41104286088148,7.3479464285714275,6.555253270851637,7.234848950607035,7.258775370736379,7.5184484375,7.987878632973328,7.4726353054587795,7.492304225913331,0.601401355559626,3.6435282997255016,True,False
primary,pFunc_agonism,CHEMBL3414573,C1CCC(C2CCC(CCCC3CCC4CCC(C5CCCC5)C4C3)CC2)CC1,7.42,7.48758898809524,7.260340366200902,7.431815116020094,7.42760578176893,7.399921875,7.022554612010452,7.352052575816204,7.365399443433311,7.63,7.384954987567295,7.537552294818375,7.512897706882013,0.746987951807229,0.7283120712734509,True,False
primary,pFunc_agonism,CHEMBL3414940,C1CCC(C2CCC(C3CCC4C(CC5CC5)CCCC43)C2)C1,7.84,7.466552380952382,7.62501001313152,7.538464722427571,7.535171186444113,7.347121428571429,7.400037013198956,7.45801793668623,7.45659008722458,7.603599999999999,7.804386883985773,7.6364701813873594,7.622601924822407,0.6783011583011584,1.5036156947734844,True,False
primary,pFunc_agonism,CHEMBL3414941,C1CCC(C2CCC(C3CCC4C(CC5CC5)CCCC43)C2)C1,7.975,7.466552380952382,7.827328246666293,7.587020563822287,7.569840850488399,7.347121428571429,7.684674452366122,7.502830548205269,7.491497967099566,7.603599999999999,7.980169086164512,7.682834608669108,7.6443584389541,0.5625,1.3459102085929568,True,False
primary,pFunc_agonism,CHEMBL3414946,C1CCC(CC2CCCC3C2CCC3C2CCC(C3CCCC3)C2)CC1,8.08,7.489820833333335,8.215326636117856,7.607744068820073,7.608477926272341,7.399921875,7.563685682279475,7.504061360132236,7.474142278663358,7.621216666666667,8.460479241802258,7.711688407501184,7.708401462486476,0.6486486486486488,0.8219118656499977,True,False
primary,pFunc_agonism,CHEMBL3416776,C1CCC(C2CCC(CCCCC3CCC4CCC(C5CCCC5)C4C3)CC2)CC1,6.36,7.612543749999999,7.790329738596593,7.649677153711563,7.656894081761985,7.4628499999999995,7.5384203789790005,7.52094916806284,7.541717449961149,7.7279833333333325,7.953907213842431,7.736769163145536,7.728761064618706,0.746987951807229,0.8268917291965602,True,False
primary,pFunc_agonism,CHEMBL3416810,C1CCC(CCCCC2CCC(C3CCC(C4CCC5CCC(C6CCCC6)C5C4)CC3)CC2)CC1,7.57,7.517280952380952,7.382594804370866,7.5277893534174165,7.505847236575923,7.4357734375,7.039113974671146,7.36108015622503,7.339016525489445,7.664893229166667,7.901584452088139,7.7608948327851,7.759358029121214,0.6029494382022472,0.8257389625717504,True,False
primary,pFunc_agonism,CHEMBL4076003,C1CCC(CCC2CCCC3C2CCC3C2CCC(C3CCCC3)C2)C1,7.26,7.5062282738095245,7.78266155573337,7.685788364382844,7.703904387055313,7.403446428571429,7.646136534457803,7.491689149531012,7.511670964484123,7.697725520833333,7.94261312241623,7.853431996371689,7.863950056362732,0.672622061482821,1.1587941178977617,True,False
primary,pFunc_agonism,CHEMBL4104819,CC(CCCCCCCCC1CCCC2C(C3CCCC3)CCC12)C1CCC(C2CCC(C(C)C3CCCCC3)C2C2CCCCC2)CC1,6.41,7.588402083333333,7.316195917642578,7.602113246905179,7.6071638844474965,7.4925328125,7.056468730696752,7.488006908153821,7.473391487310605,7.724083333333333,7.6700328060765095,7.740540021250276,7.737982001134966,0.31456766917293233,2.6540187095756345,True,False
primary,pFunc_inhibition,CHEMBL1076503,CC(CC1CC1)C1CC(CCC2CCCCC2)CC2CCCC21,6.15,7.0104852216748785,5.725991873128519,6.22530928231803,6.216323243906663,6.8779224137931045,5.581552692819223,6.075978556151292,6.059594388057107,7.138896551724138,5.9661987283190605,6.360821002690025,6.381272190764734,0.8301587301587302,1.360179248932829,True,False
primary,pFunc_inhibition,CHEMBL1076504,C1CCC(CCC2CCC3CCCC3C2)CC1,5.58,7.011189655172414,5.985737058376942,6.343298401179479,6.328573998668167,6.9241205357142865,5.857600520842051,6.236347471065779,6.232701475587099,7.074675800492611,6.3377576793408466,6.501454868809601,6.495184877075105,0.7068965517241379,1.2073133818130801,True,False
primary,pFunc_inhibition,CHEMBL1077749,CC(C1CCCC1)C1CCCC2CCCC21,5.11,7.0463472906403934,6.750951766998289,6.748382590397735,6.722263120181239,6.970818503694581,6.59690747207302,6.693337114881218,6.662614788569304,7.111896551724138,6.88078715586206,6.821927022416775,6.782859814120908,0.5714285714285713,2.071429248088362,True,False
primary,pFunc_inhibition,CHEMBL1077902,CC(C1CCCC1)C1CC(CCC2CCCCC2)CC2CCCC21,6.94,6.960627463054188,6.088499532592317,6.301854720079639,6.338113308799309,6.881366841133005,5.985341162844376,6.215461905914804,6.257007480269034,7.055315270935961,6.3465218353296144,6.500274148956999,6.493258721550547,0.65625,1.004819957180697,True,False
primary,pFunc_inhibition,CHEMBL1078001,CC(CC1CC2CCCC2C(C(C)C2CCCC2)C1)C1CCCCC1,6.79,6.990958128078818,5.907726467664065,6.352094189666915,6.381056541430634,6.864425184729065,5.69302623494021,6.2376246248174825,6.27701972140048,7.132132697044335,6.3976571254913095,6.562388877392869,6.584865365073793,0.5757575757575759,0.8359017419879494,True,False
primary,pFunc_inhibition,CHEMBL1078085,CC(C1CCCC1)C1CC(CCCC2CCCCC2)CC2CCCC21,6.46,7.0234421182266,6.484355551278374,6.5515028001235525,6.631880527672133,6.926767241379311,6.182302150594542,6.40576214612133,6.4708268236553375,7.108754310344827,6.893953216652466,6.749800218417768,6.818341609174183,0.65625,1.4236316857093758,True,False
primary,pFunc_inhibition,CHEMBL1079141,CC(C1CCCCC1)C1CC(CCC2CCCCC2)CC2CCCC21,5.79,7.011809729064039,6.346022548622169,6.381034949001643,6.366114205411733,6.919004310344828,6.228578216153626,6.278338139776161,6.248614204081048,7.108754310344827,6.50841387183764,6.55257343327578,6.542062718498316,0.7142857142857143,0.9942717344055154,True,False
primary,pFunc_inhibition,CHEMBL1082063,CC(CC1CCCCC1)C1CC(CCC2CCCCC2)CC2CCCC21,5.51,7.00471921182266,6.072398273675616,6.351553557770145,6.367200575518737,6.918469827586207,5.8427358631777775,6.247022732471487,6.265092552309708,7.132213054187193,6.205945524665891,6.467759673158746,6.473059658503143,0.8244444444444445,1.2387256964917541,True,False
primary,pFunc_inhibition,CHEMBL17127,C1CCC(CCC2CCC3C2CCC2CC(C4CCCC4)CC23)CC1,7.87,6.982991995073891,6.905064390256112,6.977651504789111,7.026124849869897,6.889836206896551,6.803138630478571,6.901839506851455,6.9413293573080095,7.047426724137931,6.982882162351147,7.071344044332384,7.139451175576901,0.2765822784810127,0.5042629089350155,True,False
primary,pFunc_inhibition,CHEMBL183,CC1CC(C)C2CC(C3CCCC3)CC2C1,6.88,7.00161330049261,6.539044259586694,6.947531530631966,6.918853237462862,6.90039224137931,6.341241892572341,6.857277020170936,6.826990703344781,7.132213054187193,6.843858494896003,7.047600197057468,7.016825724158727,0.15353003161222337,2.148115180123812,False,False
primary,pFunc_inhibition,CHEMBL197669,C1CCC(C2CC3CCCCC3C2)C1,6.37,6.986646551724138,6.974054348574053,7.069642170871648,7.0465124835864925,6.81709051724138,6.877832504890507,6.960403098666866,6.95633730480434,7.081827586206897,7.083551446044151,7.147161166666316,7.1068600749505055,0.2619240868942469,1.9583395344589618,True,False
primary,pFunc_inhibition,CHEMBL2024116,C1CCC(C2CCCCC2C2CCCCC2)CC1,7.97,6.985468596059112,7.286360971643179,7.132762269607833,7.181126470909992,6.870900862068966,7.125016893045595,6.964903673669724,7.015448991012242,7.068290178571429,7.466545132535761,7.233705996638631,7.2789238270910745,0.23327731092436976,1.461161672649959,False,True
primary,pFunc_inhibition,CHEMBL270654,CC(CC1CCCCC1)CC1CC(C2CCCCC2)CC(C2CCCC2)C1,7.0,6.997149014778325,7.37460199116488,7.246719409357027,7.248631446409595,6.810728448275863,7.2355105811513445,7.143893335398418,7.11928501907088,7.137150862068966,7.48253751879841,7.33114984126016,7.347811379297252,0.3375466284074606,1.7488933391599222,True,False
primary,pFunc_inhibition,CHEMBL3317574,C1CCC(CCCC2CCC3CC(C4CCCCC4)CC3C2)CC1,6.37,7.016033866995073,6.768750725678369,7.0398684438227095,7.083003608414688,6.9527887931034495,6.52154381223171,6.979559126098362,7.039024496493426,7.096530172413793,6.9229698497720475,7.12016863716071,7.149304949601602,0.31228901287854866,1.1961128709819377,True,False
primary,pFunc_inhibition,CHEMBL398272,CC(CC1CCCCC1)CC1CC(C2CCCC2)CC(C2CCCC2)C1,6.99,6.983819581280788,6.588493640386709,6.7422425984622105,6.7870324203636,6.860310344827587,6.475201069534459,6.573444777618348,6.670510287654107,7.09159236453202,6.709946627769793,6.818527148899061,6.846326040848341,0.35731859511499386,1.3404661688764627,True,False
primary,pFunc_inhibition,CHEMBL4064795,CC1C2CC(C3CCCCC3)CCC2CC1C1CCCCC1,7.01,7.006025862068967,7.044684940386209,7.095699908825095,7.0556653820973825,6.918332050492612,6.9585732093613935,7.044265424888082,6.984282109680717,7.108754310344827,7.116043727988719,7.149868856757293,7.116503928607403,0.29888111888111896,0.5531853683389544,True,False
primary,pFunc_inhibition,CHEMBL4284097,CC(CC1CCCCC1)CC1CCC2CC(C3CCCC3)CC2C1,6.6,6.964522167487684,6.856055539347109,6.909108690038122,6.8489005975840005,6.8941173029556655,6.6367908834221625,6.806979800258924,6.746364049794687,7.064991379310345,6.963544743971731,7.008659762279435,6.995045132159666,0.407636439095248,0.9370822084414223,True,False
primary,pFunc_inhibition,CHEMBL4284595,C1CCC(C2CC3CCCC(C4CCCC4)C3C2)C1,7.15,6.977503694581282,6.6397174031262525,6.8417897455592485,6.836916853787578,6.911327586206896,6.543941569087435,6.751642869235247,6.762998157079802,7.047426724137931,6.747755383469101,6.94130742855435,6.9221305015154275,0.3788146279949559,1.552123601564301,True,False
primary,pFunc_inhibition,CHEMBL4297184,C1CCC(CCC2CCCC(CC3CCC4C(C5CCCC5)CCCC34)C2)C1,7.08,6.980689655172414,6.8570324135035765,7.046558010402542,7.006615879356398,6.877228448275861,6.742790915215697,6.915741631183236,6.866850414376663,7.044323275862069,6.965425557976764,7.166995737282044,7.1249928790839006,0.38271604938271603,1.8574138377876779,True,True
primary,pFunc_inhibition,CHEMBL4440752,C1CCC(CCC2CCCC(C3CCCC3)C2)CC1,7.08,6.999710591133005,6.852333904735639,6.874566922163652,6.891646132050338,6.922784482758622,6.743449854678812,6.800105686746495,6.796011659167996,7.08043103448276,6.9702197255362695,6.958248107041324,6.970093659607969,0.260760642865906,0.9566747927212891,True,False
primary,pFunc_inhibition,CHEMBL4529321,C1CCC(C2CCC3CC(C4CCCC4)CC3C2)CC1,6.12,6.974492610837439,6.623366797250766,6.931168125464882,6.9106347305338405,6.8941173029556655,6.600290324704106,6.8884757489419846,6.872407236029569,7.086443965517241,6.663638645344752,6.978857053789569,6.963251578542834,0.6956521739130433,1.2981513900101993,True,False
primary,pFunc_inhibition,CHEMBL4559969,C1CCC(C2CCC3CC(C4CCCC4)CC3C2)C1,6.52,7.0136761083743835,6.430306189712562,6.788098700212851,6.772235203616072,6.952891009852217,6.368285031982637,6.689833132811502,6.674237512410795,7.106878386699507,6.503731066321678,6.876636132650801,6.8716462325464605,0.6956521739130433,1.187533622352552,True,False
primary,pFunc_inhibition,CHEMBL458242,C1CCC(C2CCCC(C3CCCC3)C2)CC1,7.155,7.006581280788177,7.269283406881536,7.04172780276715,7.090402089044429,6.897715517241379,7.149143114770619,6.965387742061522,7.024387912864179,7.085298183497538,7.387678559586997,7.1128413238232575,7.141920995289763,0.5147058823529411,1.0331873101461442,True,False
primary,pFunc_inhibition,CHEMBL4740383,C1CCC(CC2CCC(C3CCCC(C4CCCCC4)C3)C2)CC1,8.12,6.933620689655173,7.526091935983507,7.26392962093198,7.289343449027319,6.7994396551724146,7.220551071556805,7.159238526907662,7.1566996720973295,7.030383620689655,7.6858615343251175,7.324629752184003,7.381472935218423,0.5623026315789474,2.072754442888073,True,False
primary,pFunc_inhibition,CHEMBL4849795,C1CCC(CC2CCC3CC4CCCCC4C3C2)CC1,7.51,6.972687192118227,6.946453909164913,6.967214798389665,6.922316191113893,6.7994396551724146,6.841634462965916,6.874376802337096,6.843230883729497,7.096530172413793,7.028709354124581,7.117187697875184,7.078484209501241,0.4800000000000001,1.8075433372152194,True,False
primary,pFunc_inhibition,CHEMBL4855390,C1CCC(C2CCC3CC4CCCCC4C3C2)CC1,7.08,6.938446428571429,7.399884752584734,7.0685293231076285,6.983572598666042,6.897715517241379,7.331402820930376,7.0244212614910175,6.934063434747867,7.005064655172414,7.473856835532606,7.154422093248543,7.056676258498872,0.4800000000000001,2.066790848991512,True,False
primary,pFunc_inhibition,CHEMBL4855908,CC1CCC(C2C3CCCC3CCC2C2CCCCC2)CC1,9.13,6.959389778325123,8.562060509618377,7.621133035830572,7.649851397143015,6.7994396551724146,7.810125025137981,7.210237620298684,7.251170450357877,7.068013392857142,8.814524005059715,7.810888298029513,7.832809902984912,0.6197159565580619,1.3298730923273019,True,False
primary,pFunc_inhibition,CHEMBL4858144,CC1CCC(C2C(C3CCCCC3)CCC3CC(CC4CCCCC4)CC32)CC1,9.52,6.935091748768473,8.5571665822689,7.652050262583629,7.683147346576581,6.80696828817734,7.940669393912264,7.238982893393343,7.3054352723383,7.01623599137931,8.74847984682577,7.8477924554599445,7.856703856955016,0.6325182325182326,1.512221194399797,True,False
primary,pFunc_inhibition,CHEMBL4862010,C1CCC(CC2CC3CCC(C4CCCCC4)C(C4CCCCC4)C3C2)CC1,8.04,6.967893472906404,8.078952464371886,7.577536231173619,7.58380505655519,6.894621613300493,7.918412329527359,7.340385796518496,7.399036405472929,7.057953201970444,8.288943978504998,7.762741441790981,7.724208107010319,0.4196301564722617,0.9859457649741603,True,False
primary,pFunc_inhibition,CHEMBL487554,C1CCC(C2CCCC(C3CCCC(C4CCC4)C3)C2)C1,7.75,6.952125,7.338098704447726,6.992558394878843,7.00047244291396,6.8761838054187185,7.2091764857629945,6.9349974596346105,6.929799467986292,7.020215517241379,7.426170198247567,7.052020235066811,7.0872869205419065,0.5147058823529411,1.1870147393743837,True,False
primary,pFunc_inhibition,CHEMBL5076939,CC1CCC2C(C3CCCC3)CCCC2C1CC1CCCC1,5.66,7.017331896551724,6.91365094647508,7.134395084227263,7.087864987713589,6.9517327586206905,6.683797774453486,7.033015202358677,7.020840165690936,7.137150862068966,7.365534846915196,7.256840610148235,7.176899539095894,0.5837301587301587,1.106559650682017,True,False
primary,pFunc_inhibition,CHEMBL5078181,CC1CCC2C(C3CCCC3)CCCC2C1CCCC1CCCCC1,6.15,7.049940886699508,6.5959798666701115,7.037413413756939,7.049313696236356,6.979853294334976,6.048578556068403,6.844083890856209,6.852679662926114,7.14335775862069,7.25679453645763,7.244490260788108,7.2608191223158505,0.5926372155287817,0.4342395768463816,True,False
primary,pFunc_inhibition,CHEMBL5090017,CC1CCC2C(C3CCCC3)CCCC2C1CCC1CCC(C2CCCCC2)CC1,8.08,6.951917487684729,6.663559654958677,6.986017811586194,7.010774883172807,6.877228448275861,6.477405807946826,6.920637907787664,6.949320477601823,7.06332327586207,6.790148771956477,7.09174307216138,7.1117139727474425,0.49100688468158343,2.4274990236486675,True,False
primary,pFunc_inhibition,CHEMBL5397080,CC1CC(C2CCCC(C3CCCCC3)C2)CCC1CC1CCCCC1,7.16,6.930791256157636,6.766621890429936,7.105060159894281,7.100721823894541,6.808012931034483,6.657812679961636,6.994145538560921,6.998684123099066,7.006896551724139,6.880713910607423,7.195836734740261,7.219390749198534,0.8305084745762714,1.0411770384060441,True,False
primary,pFunc_inhibition,CHEMBL5439885,CC1CC(C2CCCC(C3CCCCC3)C2)CCC1CCC1CCCCC1,6.77,6.990290024630542,7.253635807431147,7.30791167652392,7.32602328892942,6.894621613300493,7.091078498048919,7.221363052360875,7.255523863927012,7.064797413793103,7.321570795111756,7.342594555827331,7.383847982222943,0.8305084745762714,1.1919794952020697,True,False
primary,pFunc_inhibition,CHEMBL5562893,C1CCC(C2CCCC(C3CCC(CC4CCC5CCCCC54)C3)C2)CC1,8.045,6.981379310344828,7.646950127721032,7.308020689589625,7.3113043460404965,6.914685498768474,7.300143903480273,7.166015650776973,7.149497088018315,7.099094827586208,7.729750459535432,7.37454744018901,7.402702624207529,0.5620164870006341,2.0069308236802774,True,False
exclude_high_disagreement,pFunc_inhibition,CHEMBL1076503,CC(CC1CC1)C1CC(CCC2CCCCC2)CC2CCCC21,6.15,6.987268518518517,5.68115424416601,6.206065111962034,6.202944443273991,6.910101851851852,5.562883526218209,6.060037298545406,6.05349479473514,7.055455357142857,6.07662558847462,6.465524539532551,6.465546093865445,0.8680441525269111,1.2992820240000567,True,False
exclude_high_disagreement,pFunc_inhibition,CHEMBL1076504,C1CCC(CCC2CCC3CCCC3C2)CC1,5.58,7.002095238095239,5.89939161137525,6.339111118448851,6.304912489108807,6.8768472222222226,5.817274481101746,6.278442560112444,6.236706713101912,7.098259259259259,6.004627796998923,6.4863908699808865,6.47018224532416,0.7068965517241379,1.2473738582049205,True,False
exclude_high_disagreement,pFunc_inhibition,CHEMBL1077749,CC(C1CCCC1)C1CCCC2CCCC21,5.11,6.970373677248678,6.670550920538828,6.688136590666579,6.662734378839171,6.883696428571429,6.603489463066231,6.627896809426222,6.598013519863387,7.033072916666667,6.757609643614925,6.721054915817148,6.7085003529382545,0.5714285714285713,2.258599965505679,True,False
exclude_high_disagreement,pFunc_inhibition,CHEMBL1077902,CC(C1CCCC1)C1CC(CCC2CCCCC2)CC2CCCC21,6.94,6.9815,6.103704642231664,6.350131147728365,6.374479312379276,6.921472222222222,5.492551549489474,6.169742983466696,6.20391506379287,7.05964417989418,6.56077314005453,6.516390703403,6.509924483549876,0.6316693722943723,1.0164340155632976,True,False
exclude_high_disagreement,pFunc_inhibition,CHEMBL1078001,CC(CC1CC2CCCC2C(C(C)C2CCCC2)C1)C1CCCCC1,6.79,6.969005952380952,5.765828013700528,6.277524180304535,6.299355768105175,6.894587962962963,5.313279509777812,6.199780278682828,6.224875504628882,7.046611111111111,6.1977345582538375,6.427180210971487,6.4423090175285385,0.574891774891775,0.8195909726069157,True,False
exclude_high_disagreement,pFunc_inhibition,CHEMBL1078085,CC(C1CCCC1)C1CC(CCCC2CCCCC2)CC2CCCC21,6.46,6.972666666666667,6.229713070236135,6.47612269361623,6.5386711575320735,6.847236111111111,5.641714306541254,6.314261400369095,6.419943708847004,7.058870370370371,6.667758955298663,6.613095425515472,6.664658175382849,0.6263121196754564,1.4693998819947383,True,False
exclude_high_disagreement,pFunc_inhibition,CHEMBL1079141,CC(C1CCCCC1)C1CC(CCC2CCCCC2)CC2CCCC21,5.79,6.950882275132275,6.274386549431563,6.3474529286945955,6.322062149542246,6.832726851851851,6.164786782678612,6.2392136230778235,6.210822394616409,7.055455357142857,6.385409511656233,6.492457258346745,6.484023906080737,0.7107142857142857,0.9997356905801393,True,False
exclude_high_disagreement,pFunc_inhibition,CHEMBL1082063,CC(CC1CCCCC1)C1CC(CCC2CCCCC2)CC2CCCC21,5.51,6.9786402116402115,6.158507758226766,6.390485430287793,6.398408594085572,6.835449074074074,6.012718396903908,6.292004703520701,6.284349843106342,7.05964417989418,6.2102444211240115,6.519080211300314,6.532508333057386,0.865925925925926,1.2150902694492136,True,False
exclude_high_disagreement,pFunc_inhibition,CHEMBL17127,C1CCC(CCC2CCC3C2CCC2CC(C4CCCC4)CC23)CC1,7.87,6.957904100529101,6.910539106836974,6.957111348666776,6.978355153094483,6.845074074074074,6.853289047124436,6.850864060970164,6.864274151913069,7.053869047619047,6.987526973813432,7.040262761443953,7.032828404270499,0.27816455696202536,0.5128635051826749,True,False
exclude_high_disagreement,pFunc_inhibition,CHEMBL183,CC1CC(C)C2CC(C3CCCC3)CC2C1,6.88,6.925800925925925,6.430105584198453,6.852387385271511,6.825170056187536,6.829300925925926,6.26771116152184,6.767758522349387,6.726804579168529,7.028365740740742,6.610670116432655,6.950131187319819,6.9364534771790005,0.1535300316122234,2.259165228747259,False,False
exclude_high_disagreement,pFunc_inhibition,CHEMBL197669,C1CCC(C2CC3CCCCC3C2)C1,6.37,6.956836640211641,6.969810480378015,7.044520251374179,7.016019617274628,6.875925925925926,6.808961615311035,6.98287078873587,6.929546731062935,7.092269675925926,7.165455640404789,7.147340982607993,7.131681852934584,0.2727142516113631,2.0541886754817464,True,False
exclude_high_disagreement,pFunc_inhibition,CHEMBL270654,CC(CC1CCCCC1)CC1CC(C2CCCCC2)CC(C2CCCC2)C1,7.0,6.926277777777777,7.386897337531236,7.218844290664606,7.230206178253859,6.829300925925926,7.190132520847755,7.088985285693893,7.105647539657446,7.0283240740740744,7.556883849597844,7.324358138897037,7.345703366289858,0.330286944045911,2.1169434795560704,True,False
exclude_high_disagreement,pFunc_inhibition,CHEMBL3317574,C1CCC(CCCC2CCC3CC(C4CCCCC4)CC3C2)CC1,6.37,7.007334656084656,6.752358779342917,7.041232462696757,7.071251264929293,6.849893518518518,6.528149813486776,6.963406728791011,6.990445904726712,7.096759259259259,7.001379613122963,7.123800309861502,7.17353441336632,0.3214285714285715,1.1060728444929,True,False
exclude_high_disagreement,pFunc_inhibition,CHEMBL398272,CC(CC1CCCCC1)CC1CC(C2CCCC2)CC(C2CCCC2)C1,6.99,6.9766111111111115,6.656045775013327,6.762611012365241,6.790102927387421,6.876759259259259,6.525958052243271,6.686743936607377,6.730787166674806,7.050037037037036,6.7373304041147755,6.809834767247644,6.821723567941159,0.35731859511499386,1.3312287458540133,True,False
exclude_high_disagreement,pFunc_inhibition,CHEMBL4064795,CC1C2CC(C3CCCCC3)CCC2CC1C1CCCCC1,7.01,6.987441798941799,7.068339329090115,7.0459006803223,7.005543802982871,6.889505787037037,6.9692614095167675,6.961879582051853,6.926570030728866,7.046611111111111,7.208451544636292,7.119909513804305,7.079658450932223,0.29888111888111896,0.6627620851181583,True,False
exclude_high_disagreement,pFunc_inhibition,CHEMBL4284097,CC(CC1CCCCC1)CC1CCC2CC(C3CCCC3)CC2C1,6.6,6.971903439153439,6.9980028922600495,6.898865940928839,6.827690115959395,6.870074074074074,6.69895997492331,6.832129108616084,6.772107121454965,7.051744047619048,7.218598788932587,6.957570813017938,6.880778180098565,0.42158124092135296,1.0828219863674484,True,False
exclude_high_disagreement,pFunc_inhibition,CHEMBL4284595,C1CCC(C2CC3CCCC(C4CCCC4)C3C2)C1,7.15,6.967388888888888,6.618317133594947,6.793044827292228,6.7832950245535315,6.884541666666667,6.497458602406013,6.721257872797422,6.696257278146953,7.098259259259259,6.79201954424682,6.893139798899685,6.932520536127115,0.41437578814627996,1.645958447319991,True,False
exclude_high_disagreement,pFunc_inhibition,CHEMBL4440752,C1CCC(CCC2CCCC(C3CCCC3)C2)CC1,7.08,6.961009259259261,6.791205058226152,6.836436336018318,6.842479995750139,6.846163194444444,6.688954327031628,6.741372333893399,6.746945030640022,7.0292812499999995,6.8807426214381575,6.962560629274703,6.956883190283625,0.26299595141700405,1.004157685096728,False,False
exclude_high_disagreement,pFunc_inhibition,CHEMBL4529321,C1CCC(C2CCC3CC(C4CCCC4)CC3C2)CC1,6.12,6.949559523809524,6.652183503925913,6.882366187392461,6.854151890865802,6.835449074074074,6.589764601267363,6.805566811064209,6.765273646312756,7.096759259259259,6.802049517687981,6.9855712780047705,6.917334036176447,0.6122594440484674,1.3625838727732444,True,False
exclude_high_disagreement,pFunc_inhibition,CHEMBL4559969,C1CCC(C2CCC3CC(C4CCCC4)CC3C2)C1,6.52,6.966891534391534,6.461674521221758,6.761622461666901,6.73251246506795,6.902060185185187,6.3180053545576405,6.629589517744507,6.589327360775017,7.052790013227512,6.778295992935594,6.943968896033054,6.900440099526922,0.6180602006688962,1.3096106819068445,True,False
exclude_high_disagreement,pFunc_inhibition,CHEMBL458242,C1CCC(C2CCCC(C3CCCC3)C2)CC1,7.155,6.935892857142858,7.170833794246695,6.9767488079733555,7.003190213688046,6.83924074074074,7.124190796391165,6.91552221038475,6.926275925593657,7.033614583333333,7.2720877896586,7.06248505503499,7.0755005158814654,0.5147058823529411,1.132386211778061,True,False
exclude_high_disagreement,pFunc_inhibition,CHEMBL4740383,C1CCC(CC2CCC(C3CCCC(C4CCCCC4)C3)C2)CC1,8.12,6.906499999999999,7.516085761908327,7.207902982740862,7.253865998699598,6.827268518518518,7.181379711624174,7.066117492914838,7.120429395361056,6.958069444444444,7.647715213602934,7.324690906082258,7.369619881040529,0.5514695830485306,2.1257497306393263,True,False
exclude_high_disagreement,pFunc_inhibition,CHEMBL4849795,C1CCC(CC2CCC3CC4CCCCC4C3C2)CC1,7.51,6.956666666666668,6.926516003246832,6.896303219529159,6.863389041778218,6.878467592592592,6.877661769297803,6.846305695083321,6.801345265499299,7.026106481481481,6.986421661927559,6.962887005651412,6.922822910581576,0.4800000000000001,1.8674834289729976,True,False
exclude_high_disagreement,pFunc_inhibition,CHEMBL4855390,C1CCC(C2CCC3CC4CCCCC4C3C2)CC1,7.08,6.931501322751322,7.367302254126612,7.019532135050777,6.955323444716484,6.829300925925926,7.291197749199031,6.962292179554799,6.893074376701722,7.046889880952381,7.443417319650664,7.080248340868176,7.005429014036322,0.4800000000000001,2.0412525079552073,True,False
exclude_high_disagreement,pFunc_inhibition,CHEMBL4855908,CC1CCC(C2C3CCCC3CCC2C2CCCCC2)CC1,9.13,6.910294973544974,8.572632360975032,7.5888944701422165,7.572250458839835,6.829115740740741,7.669395329748426,7.1887196524340835,7.16414859552266,7.0015958994709,8.758655245270067,7.740936733002585,7.738223675011389,0.6511278195488723,1.4036023412780976,True,False
exclude_high_disagreement,pFunc_inhibition,CHEMBL4858144,CC1CCC(C2C(C3CCCCC3)CCC3CC(CC4CCCCC4)CC32)CC1,9.52,6.87792328042328,8.590930113501965,7.619235221038298,7.652632632908455,6.820893518518518,7.8091211760086905,7.23748866895596,7.264194657018321,6.965488095238096,8.739392160780033,7.740896427371049,7.78831824039709,0.6575289575289577,1.7447384339203549,True,False
exclude_high_disagreement,pFunc_inhibition,CHEMBL4862010,C1CCC(CC2CC3CCC(C4CCCCC4)C(C4CCCCC4)C3C2)CC1,8.04,6.9541666666666675,8.104518545541024,7.580464020017042,7.576076962170579,6.831060185185184,7.978590359259543,7.323402168290528,7.35903982583119,7.058870370370371,8.218903865935092,7.744387737947693,7.706577493704272,0.4260312944523471,1.0564952490204464,True,False
exclude_high_disagreement,pFunc_inhibition,CHEMBL487554,C1CCC(C2CCCC(C3CCCC(C4CCC4)C3)C2)C1,7.75,6.919617724867725,7.331747988954705,6.970864853602781,6.9651932808626595,6.820935185185185,7.23114540702781,6.918767048748134,6.917178019818241,7.029277777777778,7.4439256847260475,7.001097506910381,7.006025080183184,0.5147058823529411,1.3236155033360288,True,False
exclude_high_disagreement,pFunc_inhibition,CHEMBL5076939,CC1CCC2C(C3CCCC3)CCCC2C1CC1CCCC1,5.66,6.949851851851852,6.786235046351772,7.0446706118440385,6.990023498277758,6.858472222222223,6.469726566111744,6.961274509658203,6.8996446370896,7.036134259259259,7.464998800179439,7.215798151358298,7.146334115133768,0.6007936507936508,1.1541286167245979,True,False
exclude_high_disagreement,pFunc_inhibition,CHEMBL5078181,CC1CCC2C(C3CCCC3)CCCC2C1CCCC1CCCCC1,6.15,6.996018518518518,6.469736435480601,7.020686918218857,7.034888215090055,6.848675925925926,5.900449671912138,6.865201154713301,6.879545156085686,7.098259259259259,7.290834526907491,7.229944307093781,7.234889618867244,0.6067316886593994,0.4709585305392773,True,False
exclude_high_disagreement,pFunc_inhibition,CHEMBL5090017,CC1CCC2C(C3CCCC3)CCCC2C1CCC1CCC(C2CCCCC2)CC1,8.08,6.909839947089947,6.675593849211576,7.039038070182947,7.035339945232154,6.834800925925927,6.4186008472077996,6.849030387270136,6.837145168465935,6.992787037037036,6.90438651147744,7.247308170290842,7.275834228899648,0.49100688468158343,2.7012664598870755,False,False
exclude_high_disagreement,pFunc_inhibition,CHEMBL5397080,CC1CC(C2CCCC(C3CCCCC3)C2)CCC1CC1CCCCC1,7.16,6.956222883597884,6.91403322379269,7.171581935275259,7.1759975676721,6.884988095238096,6.72816916850495,7.105718945957924,7.089822679631204,7.0453898809523805,7.224174223810855,7.283495945614412,7.266272741949668,0.6745226172132954,1.0701357207093043,True,False
exclude_high_disagreement,pFunc_inhibition,CHEMBL5439885,CC1CC(C2CCCC(C3CCCCC3)C2)CCC1CCC1CCCCC1,6.77,6.941814814814815,7.2880392526196305,7.252525422402407,7.257062765920493,6.820893518518518,7.172873285138446,7.1397422068976475,7.146370942463352,7.093092592592593,7.385946894851657,7.383184170583378,7.405853815624052,0.6630189401674494,1.4121389439040157,True,False
exclude_high_disagreement,pFunc_inhibition,CHEMBL5562893,C1CCC(C2CCCC(C3CCC(CC4CCC5CCCCC54)C3)C2)CC1,8.045,6.925328042328043,7.672868663096713,7.283104504080117,7.3081669284048045,6.834944444444444,7.224831420234234,7.1083770426060156,7.16805678988437,7.013305555555557,7.870491589779071,7.42808888005135,7.435241470756448,0.5506578947368421,2.302528342741161,True,False
