queue_rank,candidate_id,bindingdb_monomer_id,standardized_inchikey,doi,pmid,pmcids,article_titles,pass_1_status,fulltext_available,pass_2_required,external_cohort_admitted
1,BDB-50147876,50147876,RCDDAILWTKWNPX-UHFFFAOYSA-N,10.1021/jm030977p,15163184,,"Study on affinity profile toward native human and bovine adenosine receptors of a series of 1,8-naphthyridine derivatives.",metadata_pass_needs_fulltext,False,True,False
2,BDB-50196551,50196551,FFXMREHKIUCCAM-WVSUBDOOSA-N,10.1016/j.bmcl.2006.09.065,17045477,,"N6-Cycloalkyl-2-substituted adenosine derivatives as selective, high affinity adenosine A1 receptor agonists.",metadata_pass_needs_fulltext,False,True,False
3,BDB-50298515,50298515,DQISRGLAFBOHSH-UHFFFAOYSA-N,10.1016/j.bmc.2009.05.038,19501513,,Combining selectivity and affinity predictions using an integrated Support Vector Machine (SVM) approach: An alternative tool to discriminate between the human adenosine A(2A) and A(3) receptor pyrazolo-triazolo-pyrimidine antagonists binding sites.,metadata_pass_needs_fulltext,False,True,False
4,BDB-50108038,50108038,UIAWUQHFYVTKHM-UHFFFAOYSA-N,10.1016/j.bmc.2009.05.038|10.1021/jm010924c,11754583|19501513,,"7-Substituted 5-amino-2-(2-furyl)pyrazolo[4,3-e]-1,2,4-triazolo[1,5-c]pyrimidines as A2A adenosine receptor antagonists: a study on the importance of modifications at the side chain on the activity and solubility. | Combining selectivity and affinity predictions using an integrated Support Vector Machine (SVM) approach: An alternative tool to discriminate between the human adenosine A(2A) and A(3) receptor pyrazolo-triazolo-pyrimidine antagonists binding sites.",metadata_pass_needs_fulltext,False,True,False
5,BDB-50379111,50379111,KPGIVUGNOFGZRD-FFVUVFKMSA-N,10.1021/ml200114q,21858244,PMC3156476,Truncated (N)-Methanocarba Nucleosides as A(1) Adenosine Receptor Agonists and Partial Agonists: Overcoming Lack of a Recognition Element.,quarantine_target_not_supported,False,False,False
6,BDB-50048061,50048061,AISRPRRMNYPGJX-UHFFFAOYSA-N,10.1021/jm500752h,24972108,,"Scaffold decoration at positions 5 and 8 of 1,2,4-triazolo[1,5-c]pyrimidines to explore the antagonist profiling on adenosine receptors: a preliminary structure-activity relationship study.",quarantine_target_not_supported,False,False,False
7,BDB-50375482,50375482,JBNQXRACQBYPQU-UHFFFAOYSA-N,10.1016/j.bmc.2008.01.013,18258439,,A new generation of adenosine receptor antagonists: from di- to trisubstituted aminopyrimidines.,metadata_pass_needs_fulltext,False,True,False
8,BDB-50003233,50003233,FZSRIJONUFLHPK-UHFFFAOYSA-N,10.1016/j.bmc.2008.01.002,18226909,,"1-, 3- and 8-substituted-9-deazaxanthines as potent and selective antagonists at the human A2B adenosine receptor.",metadata_pass_needs_fulltext,False,True,False
9,BDB-50256952,50256952,IVKXIMVGTFMPDF-UHFFFAOYSA-N,10.1016/j.bmc.2009.02.030,19282184,,8-Bromo-9-alkyl adenine derivatives as tools for developing new adenosine A2A and A2B receptors ligands.,metadata_pass_needs_fulltext,False,True,False
10,BDB-50342519,50342519,HHKJUHAIZLHJQI-UHFFFAOYSA-N,10.1016/j.bmcl.2010.11.082,21185184,PMC3081901,"Molecular probes for the A2A adenosine receptor based on a pyrazolo[4,3-e][1,2,4]triazolo[1,5-c]pyrimidin-5-amine scaffold.",metadata_pass_fulltext_ready,True,True,False
11,BDB-50256363,50256363,DKTSTJQGCYJNIY-UHFFFAOYSA-N,10.1016/j.bmcl.2008.11.075,19109019,,"Potent and selective adenosine A2A receptor antagonists: 1,2,4-Triazolo[1,5-c]pyrimidines.",metadata_pass_requires_endpoint_resolution,False,True,False
12,BDB-50638405,50638405,JFKRMUAVFJYHNX-KGBXAXFASA-N,,38845345,PMC11302573,"Structural Modification and Biological Evaluation of 2,8-Disubstituted Adenine and Its Nucleosides as A2A Adenosine Receptor Antagonists: Exploring the Roles of Ribose at Adenosine Receptors.",metadata_pass_fulltext_ready,True,True,False
13,BDB-50382977,50382977,XEPILNOUAKDUOM-UHFFFAOYSA-N,10.1021/jm201455y,22250781,PMC3308209,Identification of novel adenosine A(2A) receptor antagonists by virtual screening.,metadata_pass_fulltext_ready,True,True,False
14,BDB-50376937,50376937,VZYBYMUZWCFKQU-UHFFFAOYSA-N,10.1021/jm7014815,18321039,,Discovery of a novel A2B adenosine receptor antagonist as a clinical candidate for chronic inflammatory airway diseases.,quarantine_target_not_supported,False,False,False
15,BDB-50499695,50499695,JOTQMKXKZIECRX-FQEVSTJZSA-N,10.1016/j.ejmech.2015.10.030,26513641,,Design and synthesis of fused tetrahydroisoquinoline-iminoimidazolines.,metadata_pass_needs_fulltext,False,True,False
16,BDB-50470461,50470461,UHDZPXOSQNQCSS-UHFFFAOYSA-N,10.1016/j.ejmech.2018.08.042,30144700,,"[1,2,4]Triazolo[1,5-c]pyrimidines as adenosine receptor antagonists: Modifications at the 8 position to reach selectivity towards A3 adenosine receptor subtype.",metadata_pass_needs_fulltext,False,True,False
17,BDB-50383010,50383010,TYMRXESQMJNRFG-UHFFFAOYSA-N,10.1021/jm201177b,22257095,,"3-aryl-[1,2,4]triazino[4,3-a]benzimidazol-4(10H)-one: a novel template for the design of highly selective A₂B adenosine receptor antagonists.",metadata_pass_needs_fulltext,False,True,False
18,BDB-50085666,50085666,NANAINBLSKKKCP-YRIIQKNPSA-N,10.1016/s0960-894x(00)00017-2,10714510,,"The discovery and synthesis of highly potent, A2a receptor agonists.",metadata_pass_requires_endpoint_resolution,False,True,False
19,BDB-50171773,50171773,GFTOIPQCHLKALF-UHFFFAOYSA-N,10.1016/j.bmcl.2005.06.064,16099648,,"1,8-Naphthyridin-4-one derivatives as new ligands of A2A adenosine receptors.",metadata_pass_needs_fulltext,False,True,False
20,BDB-50377555,50377555,MNONTGDJIJLFPU-UHFFFAOYSA-N,10.1016/j.bmcl.2008.03.072,18411049,,"Antagonists of the human adenosine A2A receptor. Part 3: Design and synthesis of pyrazolo[3,4-d]pyrimidines, pyrrolo[2,3-d]pyrimidines and 6-arylpurines.",metadata_pass_requires_endpoint_resolution,False,True,False
21,BDB-50102281,50102281,JYELSORFHCQDSM-UHFFFAOYSA-N,10.1021/jm001054m,11462973,,"3-Aryl[1,2,4]triazino[4,3-a]benzimidazol-4(10H)-ones: a new class of selective A1 adenosine receptor antagonists.",metadata_pass_needs_fulltext,False,True,False
22,BDB-50336988,50336988,QGEFGRKOALZSHD-UHFFFAOYSA-N,10.1021/ml100249e,24900298,PMC4018059,"Discovery of LAS101057: A Potent, Selective, and Orally Efficacious A2B Adenosine Receptor Antagonist.",quarantine_target_not_supported,False,False,False
23,BDB-50170827,50170827,TYCRGJHWMDJLCO-UHFFFAOYSA-N,10.1021/jm050221l,16033270,PMC3474371,"""Reversine"" and its 2-substituted adenine derivatives as potent and selective A3 adenosine receptor antagonists.",metadata_pass_needs_fulltext,False,True,False
24,BDB-50152092,50152092,LHHKPNOHZCRPQI-CUVLRLMBSA-N,10.1021/jm049682h,15341491,,2-Pyrazolyl-N(6)-substituted adenosine derivatives as high affinity and selective adenosine A(3) receptor agonists.,metadata_pass_needs_fulltext,False,True,False
25,BDB-50580308,50580308,ONXZCTJYOFXBKU-UHFFFAOYSA-N,10.1021/acs.jmedchem.1c01155,34783558,,Structure-Based Design of Dual-Acting Compounds Targeting Adenosine A2A Receptor and Histone Deacetylase as Novel Tumor Immunotherapeutic Agents.,metadata_pass_needs_fulltext,False,True,False
26,BDB-21212,21212,FVYCZVOQAJZLBF-SFHVURJKSA-N,10.1021/jm701187w,18307293,,"2-Amino-N-pyrimidin-4-ylacetamides as A2A receptor antagonists: 2. Reduction of hERG activity, observed species selectivity, and structure-activity relationships.",metadata_pass_requires_endpoint_resolution,False,True,False
27,BDB-50262266,50262266,BSDPUVBSSGQTGP-UHFFFAOYSA-N,10.1021/jm701594y,18637670,,2-Amino-6-furan-2-yl-4-substituted nicotinonitriles as A2A adenosine receptor antagonists.,metadata_pass_needs_fulltext,False,True,False
28,BDB-50494467,50494467,WRHHNUZCUZVWLY-UHFFFAOYSA-N,10.1021/ml400185v,24900602,PMC4027370,"Discovery of 3,4-Dihydropyrimidin-2(1H)-ones As a Novel Class of Potent and Selective A2B Adenosine Receptor Antagonists.",quarantine_target_not_supported,False,False,False
29,BDB-50247934,50247934,LYNYVXYEWWSYMQ-UHFFFAOYSA-N,10.1016/j.bmcl.2009.01.042,19181527,,Synthesis and SAR studies of trisubstituted purinones as potent and selective adenosine A2A receptor antagonists.,metadata_pass_needs_fulltext,False,True,False
30,BDB-50464751,50464751,YPHPMZXEJNUQSP-UHFFFAOYSA-N,10.1016/j.ejmech.2017.12.007,29268131,,Antagonists of the adenosine A2A receptor based on a 2-arylbenzoxazole scaffold: Investigation of the C5- and C7-positions to enhance affinity.,metadata_pass_needs_fulltext,False,True,False
31,BDB-50410755,50410755,OBRLHFBUUWTVMS-UHFFFAOYSA-N,10.1021/jm0506221,16392813,,"Design, synthesis, and structure-activity relationships of 1-,3-,8-, and 9-substituted-9-deazaxanthines at the human A2B adenosine receptor.",metadata_pass_needs_fulltext,False,True,False
32,BDB-50189175,50189175,GMRJTVNCPZHTOX-UHFFFAOYSA-N,10.1021/acs.jmedchem.6b00552,27227326,,"Discovery of 7-(Prolinol-N-yl)-2-phenylamino-thiazolo[5,4-d]pyrimidines as Novel Non-Nucleoside Partial Agonists for the A2A Adenosine Receptor: Prediction from Molecular Modeling.",metadata_pass_needs_fulltext,False,True,False
33,BDB-50377544,50377544,CECMCHUAHZIDKZ-UHFFFAOYSA-N,10.1016/j.bmcl.2008.03.072,18411049,,"Antagonists of the human adenosine A2A receptor. Part 3: Design and synthesis of pyrazolo[3,4-d]pyrimidines, pyrrolo[2,3-d]pyrimidines and 6-arylpurines.",metadata_pass_requires_endpoint_resolution,False,True,False
34,BDB-50064625,50064625,MEMQHGHFQKPZOS-UHFFFAOYSA-N,10.1016/j.bmcl.2015.01.040,25686851,,"Novel thiazole-thiophene conjugates as adenosine receptor antagonists: synthesis, biological evaluation and docking studies.",metadata_pass_needs_fulltext,False,True,False
35,BDB-50389837,50389837,WEBVJYSWMVKMFV-UHFFFAOYSA-N,10.1021/jm300280e,22563707,,A prospective cross-screening study on G-protein-coupled receptors: lessons learned in virtual compound library design.,metadata_pass_needs_fulltext,False,True,False
36,BDB-50013702,50013702,FHZRSYFMJLJWBS-UHFFFAOYSA-N,10.1016/j.bmc.2009.02.030,19282184,,8-Bromo-9-alkyl adenine derivatives as tools for developing new adenosine A2A and A2B receptors ligands.,metadata_pass_needs_fulltext,False,True,False
37,BDB-50377546,50377546,PDHBEXZQMIJQMS-UHFFFAOYSA-N,10.1016/j.bmcl.2008.03.072,18411049,,"Antagonists of the human adenosine A2A receptor. Part 3: Design and synthesis of pyrazolo[3,4-d]pyrimidines, pyrrolo[2,3-d]pyrimidines and 6-arylpurines.",metadata_pass_requires_endpoint_resolution,False,True,False
38,BDB-50023391,50023391,MMUQMGJPHOIRRP-UHFFFAOYSA-N,10.1021/jm00399a010,3351850,,125I-labeled 8-phenylxanthine derivatives: antagonist radioligands for adenosine A1 receptors.,quarantine_target_not_supported,False,False,False
39,BDB-50139722,50139722,XLTCCJIUIMYSBX-UHFFFAOYSA-N,10.1016/j.bmcl.2003.09.095,14741297,,"Synthesis and SAR evaluation of 1,2,4-triazoles as A(2A) receptor antagonists.",metadata_pass_requires_endpoint_resolution,False,True,False
40,BDB-50248436,50248436,AJRRIEGYRSNLNQ-UHFFFAOYSA-N,10.1016/j.bmcl.2009.01.042,19181527,,Synthesis and SAR studies of trisubstituted purinones as potent and selective adenosine A2A receptor antagonists.,metadata_pass_needs_fulltext,False,True,False
41,BDB-50470477,50470477,LRBRBZRXARFWFP-UHFFFAOYSA-N,10.1016/j.ejmech.2018.08.042,30144700,,"[1,2,4]Triazolo[1,5-c]pyrimidines as adenosine receptor antagonists: Modifications at the 8 position to reach selectivity towards A3 adenosine receptor subtype.",metadata_pass_needs_fulltext,False,True,False
42,BDB-50137530,50137530,XDBHEXCFNGFAMS-UHFFFAOYSA-N,10.1016/j.ejmech.2015.12.019,26717203,,"5,7-Disubstituted-[1,2,4]triazolo[1,5-a][1,3,5]triazines as pharmacological tools to explore the antagonist selectivity profiles toward adenosine receptors.",quarantine_target_not_supported,False,False,False
43,BDB-50389836,50389836,MIWQXYRPJRSUKA-UHFFFAOYSA-N,10.1021/jm300280e,22563707,,A prospective cross-screening study on G-protein-coupled receptors: lessons learned in virtual compound library design.,metadata_pass_needs_fulltext,False,True,False
44,BDB-50361327,50361327,SLRFMWZADWPTCV-UHFFFAOYSA-N,10.1016/j.bmc.2011.11.037,22204739,,"Pyrrolo- and pyrazolo-[3,4-e][1,2,4]triazolo[1,5-c]pyrimidines as adenosine receptor antagonists.",metadata_pass_needs_fulltext,False,True,False
45,BDB-50095788,50095788,OGMPGZVDXMCVJD-UHFFFAOYSA-N,10.1021/jm990499b,11170626,,2-Alkynyl-8-aryl-9-methyladenines as novel adenosine receptor antagonists: their synthesis and structure-activity relationships toward hepatic glucose production induced via agonism of the A(2B) receptor.,metadata_pass_requires_endpoint_resolution,False,True,False
46,BDB-50208811,50208811,ZJDAEJJMDHYEGB-HUBRGWSESA-N,10.1021/jm061278q,17378544,PMC3405160,"Structure-activity relationships of 2,N(6),5'-substituted adenosine derivatives with potent activity at the A2B adenosine receptor.",quarantine_target_not_supported,False,False,False
47,BDB-50382979,50382979,GCRYBPRWBPKFMF-UHFFFAOYSA-N,10.1021/jm201455y,22250781,PMC3308209,Identification of novel adenosine A(2A) receptor antagonists by virtual screening.,metadata_pass_fulltext_ready,True,True,False
48,BDB-50139734,50139734,JBZHGBGUPKQCBU-UHFFFAOYSA-N,10.1016/j.bmcl.2003.09.095,14741297,,"Synthesis and SAR evaluation of 1,2,4-triazoles as A(2A) receptor antagonists.",metadata_pass_requires_endpoint_resolution,False,True,False
49,BDB-50508681,50508681,BTDPUZHZCQINFZ-UHFFFAOYSA-N,10.1016/j.bmcl.2018.12.062,30638876,,"Novel human adenosine receptor antagonists based on the 7-amino-thiazolo[5,4-d]pyrimidine scaffold. Structural investigations at the 2-, 5- and 7-positions to enhance affinity and tune selectivity.",metadata_pass_needs_fulltext,False,True,False
50,BDB-50194816,50194816,SVNVSTDRFRAKND-UHFFFAOYSA-N,10.1016/j.bmcl.2006.08.116,16971117,,Identification of non-furan containing A2A antagonists using database mining and molecular similarity approaches.,metadata_pass_requires_endpoint_resolution,False,True,False
51,BDB-50470488,50470488,CJWPDQKJIQQPSQ-UHFFFAOYSA-N,10.1016/j.ejmech.2018.08.042,30144700,,"[1,2,4]Triazolo[1,5-c]pyrimidines as adenosine receptor antagonists: Modifications at the 8 position to reach selectivity towards A3 adenosine receptor subtype.",metadata_pass_needs_fulltext,False,True,False
52,BDB-50139768,50139768,DVGQDYYVGLUGNW-UHFFFAOYSA-N,10.1016/j.bmcl.2015.11.048,26781932,,Discovery of aminoquinazoline derivatives as human A(2A) adenosine receptor antagonists.,metadata_pass_requires_endpoint_resolution,False,True,False
53,BDB-50545321,50545321,PMUTYNGFYXBVDY-UHFFFAOYSA-N,10.1016/j.bmcl.2020.127067,32165041,,"Structural investigation on thiazolo[5,4-d]pyrimidines to obtain dual-acting blockers of CD73 and adenosine A2A receptor as potential antitumor agents.",metadata_pass_needs_fulltext,False,True,False
54,BDB-50196544,50196544,JTJKCSSYQFNNON-WVSUBDOOSA-N,10.1016/j.bmcl.2006.09.065,17045477,,"N6-Cycloalkyl-2-substituted adenosine derivatives as selective, high affinity adenosine A1 receptor agonists.",metadata_pass_needs_fulltext,False,True,False
55,BDB-50410728,50410728,PDFGJPCUSITVSI-UHFFFAOYSA-N,10.1021/jm0506221,16392813,,"Design, synthesis, and structure-activity relationships of 1-,3-,8-, and 9-substituted-9-deazaxanthines at the human A2B adenosine receptor.",metadata_pass_needs_fulltext,False,True,False
56,BDB-50141449,50141449,SBJQACFELVSXPD-IWCJZZDYSA-N,10.1016/j.bmcl.2004.01.011,15006389,,2-(N-acyl) and 2-N-acyl-N(6)-substituted analogues of adenosine and their affinity at the human adenosine receptors.,metadata_pass_needs_fulltext,False,True,False
57,BDB-21199,21199,MJCNLEGNWBNHCX-UHFFFAOYSA-N,10.1021/jm701187w,18307293,,"2-Amino-N-pyrimidin-4-ylacetamides as A2A receptor antagonists: 2. Reduction of hERG activity, observed species selectivity, and structure-activity relationships.",metadata_pass_requires_endpoint_resolution,False,True,False
58,BDB-50410682,50410682,BEDJXTZHYOLEPQ-UHFFFAOYSA-N,10.1021/jm0506221,16392813,,"Design, synthesis, and structure-activity relationships of 1-,3-,8-, and 9-substituted-9-deazaxanthines at the human A2B adenosine receptor.",metadata_pass_needs_fulltext,False,True,False
59,BDB-50247456,50247456,JTOBORUICCTILQ-WBMMKZCBSA-N,10.1021/acs.jmedchem.7b01399,29257884,,"Structure-Based Design, Synthesis, and In Vivo Antinociceptive Effects of Selective A1 Adenosine Receptor Agonists.",quarantine_target_not_supported,False,False,False
60,BDB-50628405,50628405,YFDPVXTZPTZXLH-KPAZRMRSSA-N,10.1021/acs.jmedchem.3c00806,37603705,PMC10896643,"Structure-Activity Relationship of Truncated 2,8-Disubstituted-Adenosine Derivatives as Dual A2A/A3 Adenosine Receptor Antagonists and Their Cancer Immunotherapeutic Activity.",metadata_pass_fulltext_ready,True,True,False
61,BDB-50298523,50298523,KASKCLZTEOJTOF-UHFFFAOYSA-N,10.1016/j.bmc.2009.05.038,19501513,,Combining selectivity and affinity predictions using an integrated Support Vector Machine (SVM) approach: An alternative tool to discriminate between the human adenosine A(2A) and A(3) receptor pyrazolo-triazolo-pyrimidine antagonists binding sites.,metadata_pass_needs_fulltext,False,True,False
62,BDB-50133368,50133368,OOTVLKSCGYKBDY-UHFFFAOYSA-N,10.1016/j.bmc.2009.05.038|10.1021/jm030852k,13678407|19501513,,"Pyrazolo[4,3-e]-1,2,4-triazolo[1,5-c]pyrimidine derivatives as adenosine receptor antagonists. Influence of the N5 substituent on the affinity at the human A 3 and A 2B adenosine receptor subtypes: a molecular modeling investigation. | Combining selectivity and affinity predictions using an integrated Support Vector Machine (SVM) approach: An alternative tool to discriminate between the human adenosine A(2A) and A(3) receptor pyrazolo-triazolo-pyrimidine antagonists binding sites.",metadata_pass_needs_fulltext,False,True,False
63,BDB-50315633,50315633,UDLCSCAETZRITG-UHFFFAOYSA-N,10.1021/jm100049f,20307065,,The significance of 2-furyl ring substitution with a 2-(para-substituted) aryl group in a new series of pyrazolo-triazolo-pyrimidines as potent and highly selective hA(3) adenosine receptors antagonists: new insights into structure-affinity relationship and receptor-antagonist recognition.,metadata_pass_needs_fulltext,False,True,False
64,BDB-50116381,50116381,MRCLOFVOQWMJPM-UHFFFAOYSA-N,10.1021/jm0208469,12139445,,"Pyrido[2,1-f]purine-2,4-dione derivatives as a novel class of highly potent human A(3) adenosine receptor antagonists.",metadata_pass_needs_fulltext,False,True,False
65,BDB-26250,26250,FKWNFEDFTOOVQH-UHFFFAOYSA-N,10.1021/jm800851u,18947224,,"Lead optimization of 4-acetylamino-2-(3,5-dimethylpyrazol-1-yl)-6-pyridylpyrimidines as A2A adenosine receptor antagonists for the treatment of Parkinson's disease.",metadata_pass_needs_fulltext,False,True,False
66,BDB-50508676,50508676,LPOBTRHTHNJVJG-UHFFFAOYSA-N,10.1016/j.bmcl.2018.12.062,30638876,,"Novel human adenosine receptor antagonists based on the 7-amino-thiazolo[5,4-d]pyrimidine scaffold. Structural investigations at the 2-, 5- and 7-positions to enhance affinity and tune selectivity.",metadata_pass_needs_fulltext,False,True,False
67,BDB-50580311,50580311,AWMBFBCZLVOQAV-UHFFFAOYSA-N,10.1021/acs.jmedchem.1c01155,34783558,,Structure-Based Design of Dual-Acting Compounds Targeting Adenosine A2A Receptor and Histone Deacetylase as Novel Tumor Immunotherapeutic Agents.,metadata_pass_needs_fulltext,False,True,False
68,BDB-50545434,50545434,QFMDFBRPJRPXLV-UHFFFAOYSA-N,10.1016/j.bmcl.2020.127126,32241719,,"New 8-amino-1,2,4-triazolo[4,3-a]pyrazin-3-one derivatives. Evaluation of different moieties on the 6-aryl ring to obtain potent and selective human A2A adenosine receptor antagonists.",metadata_pass_needs_fulltext,False,True,False
69,BDB-50375483,50375483,VSEANJMMULLJNQ-UHFFFAOYSA-N,10.1016/j.bmc.2008.01.013,18258439,,A new generation of adenosine receptor antagonists: from di- to trisubstituted aminopyrimidines.,metadata_pass_needs_fulltext,False,True,False
70,BDB-50080287,50080287,KQKYOWHVYGWBHO-UHFFFAOYSA-N,10.1016/s0960-894x(99)00398-4,10476879,,Selective A1-adenosine receptor antagonists identified using yeast Saccharomyces cerevisiae functional assays.,metadata_pass_needs_fulltext,False,True,False
71,BDB-50137635,50137635,MFDDHVJCVCVPIP-UHFFFAOYSA-N,10.1016/j.ejmech.2015.12.019,26717203,,"5,7-Disubstituted-[1,2,4]triazolo[1,5-a][1,3,5]triazines as pharmacological tools to explore the antagonist selectivity profiles toward adenosine receptors.",quarantine_target_not_supported,False,False,False
72,BDB-50537273,50537273,HVFBZUURAZGZKR-UHFFFAOYSA-N,10.1016/j.bmc.2019.02.004,30808606,,"Novel multi-target directed ligands based on annelated xanthine scaffold with aromatic substituents acting on adenosine receptor and monoamine oxidase B. Synthesis, in vitro and in silico studies.",metadata_pass_needs_fulltext,False,True,False
73,BDB-50047987,50047987,NRSCJCCACLWGQC-UHFFFAOYSA-N,10.1021/jm500752h,24972108,,"Scaffold decoration at positions 5 and 8 of 1,2,4-triazolo[1,5-c]pyrimidines to explore the antagonist profiling on adenosine receptors: a preliminary structure-activity relationship study.",quarantine_target_not_supported,False,False,False
74,BDB-50179301,50179301,LYALQSWCHUWEAF-UHFFFAOYSA-N,10.1021/jm050792d,16366607,,2-(Benzimidazol-2-yl)quinoxalines: a novel class of selective antagonists at human A(1) and A(3) adenosine receptors designed by 3D database searching.,metadata_pass_needs_fulltext,False,True,False
75,BDB-50382989,50382989,UKVAEISSAVZLLZ-UHFFFAOYSA-N,10.1021/jm201455y,22250781,PMC3308209,Identification of novel adenosine A(2A) receptor antagonists by virtual screening.,metadata_pass_fulltext_ready,True,True,False
76,BDB-50298497,50298497,GIZJFZFSTGLKAS-UHFFFAOYSA-N,10.1016/j.bmc.2009.05.038,19501513,,Combining selectivity and affinity predictions using an integrated Support Vector Machine (SVM) approach: An alternative tool to discriminate between the human adenosine A(2A) and A(3) receptor pyrazolo-triazolo-pyrimidine antagonists binding sites.,metadata_pass_needs_fulltext,False,True,False
77,BDB-50274074,50274074,DKRKGVPEEBGRFA-JTQLQIEISA-N,10.1021/acs.jmedchem.8b00204,29792714,PMC6716773,Docking Screens for Dual Inhibitors of Disparate Drug Targets for Parkinson's Disease.,metadata_pass_fulltext_ready,True,True,False
78,BDB-50341191,50341191,NCWRSHWNMYHJMN-AEFFLSMTSA-N,10.1016/j.bmcl.2011.02.053,21388809,,Discovery of benzothiazole-based adenosine A2B receptor antagonists with improved A2A selectivity.,metadata_pass_requires_endpoint_resolution,False,True,False
79,BDB-50298541,50298541,AZLDXOUTWIDEOW-UHFFFAOYSA-N,10.1016/j.bmc.2009.05.038,19501513,,Combining selectivity and affinity predictions using an integrated Support Vector Machine (SVM) approach: An alternative tool to discriminate between the human adenosine A(2A) and A(3) receptor pyrazolo-triazolo-pyrimidine antagonists binding sites.,metadata_pass_needs_fulltext,False,True,False
80,BDB-50594653,50594653,WVAMXXSOZXMUOF-UHFFFAOYSA-N,,34695776,,Adenosine receptor antagonists: Recent advances and therapeutic perspective.,quarantine_nonprimary_source,False,False,False
81,BDB-50399580,50399580,GQQIISWJBGUJTR-UHFFFAOYSA-N,10.1021/jm300899q,23098605,,"Exploring the directionality of 5-substitutions in a new series of 5-alkylaminopyrazolo[4,3-e]1,2,4-triazolo[1,5-c]pyrimidine as a strategy to design novel human a(3) adenosine receptor antagonists.",quarantine_target_not_supported,False,False,False
82,BDB-50389844,50389844,HHIJNJVKPRZBGF-UHFFFAOYSA-N,10.1021/jm300280e,22563707,,A prospective cross-screening study on G-protein-coupled receptors: lessons learned in virtual compound library design.,metadata_pass_needs_fulltext,False,True,False
83,BDB-50248576,50248576,CPCBVGFLWLFBQV-UHFFFAOYSA-N,10.1016/j.bmcl.2009.01.042,19181527,,Synthesis and SAR studies of trisubstituted purinones as potent and selective adenosine A2A receptor antagonists.,metadata_pass_needs_fulltext,False,True,False
84,BDB-50580305,50580305,DSSCLJMOOUNHMW-UHFFFAOYSA-N,10.1021/acs.jmedchem.1c01155,34783558,,Structure-Based Design of Dual-Acting Compounds Targeting Adenosine A2A Receptor and Histone Deacetylase as Novel Tumor Immunotherapeutic Agents.,metadata_pass_needs_fulltext,False,True,False
85,BDB-50102286,50102286,LAKWSLSTUWRCOM-UHFFFAOYSA-N,10.1021/jm001054m|10.1021/jm201177b,11462973|22257095,,"3-Aryl[1,2,4]triazino[4,3-a]benzimidazol-4(10H)-ones: a new class of selective A1 adenosine receptor antagonists. | 3-aryl-[1,2,4]triazino[4,3-a]benzimidazol-4(10H)-one: a novel template for the design of highly selective A₂B adenosine receptor antagonists.",metadata_pass_needs_fulltext,False,True,False
86,BDB-50119157,50119157,GAQVVAKOAPHOLM-VGKBRBPRSA-N,10.1016/s0960-894x(02)00609-1,12270178,,Structure-affinity relationships of the affinity of 2-pyrazolyl adenosine analogues for the adenosine A2A receptor.,metadata_pass_needs_fulltext,False,True,False
87,BDB-50038005,50038005,GJLCUFJWXOCCCT-UHFFFAOYSA-N,10.1016/j.ejmech.2014.10.020,25462223,,"Further studies on pyrazolo[1',5':1,6]pyrimido[4,5-d]pyridazin-4(3H)-ones as potent and selective human A1 adenosine receptor antagonists.",metadata_pass_needs_fulltext,False,True,False
88,BDB-50306789,50306789,LYSQKWDUPSIMCD-UHFFFAOYSA-N,10.1021/jm901647p,20095623,PMC2826142,Structure-based discovery of novel chemotypes for adenosine A(2A) receptor antagonists.,metadata_pass_fulltext_ready,True,True,False
89,BDB-50545419,50545419,SFXLMSXZEZYXTH-UHFFFAOYSA-N,10.1016/j.bmcl.2020.127126,32241719,,"New 8-amino-1,2,4-triazolo[4,3-a]pyrazin-3-one derivatives. Evaluation of different moieties on the 6-aryl ring to obtain potent and selective human A2A adenosine receptor antagonists.",metadata_pass_needs_fulltext,False,True,False
90,BDB-50137520,50137520,HFNKEYSOOSBXSY-UHFFFAOYSA-N,10.1016/j.ejmech.2015.12.019,26717203,,"5,7-Disubstituted-[1,2,4]triazolo[1,5-a][1,3,5]triazines as pharmacological tools to explore the antagonist selectivity profiles toward adenosine receptors.",quarantine_target_not_supported,False,False,False
91,BDB-50389835,50389835,SQCJGLDOAFXMRT-UHFFFAOYSA-N,10.1021/jm300280e,22563707,,A prospective cross-screening study on G-protein-coupled receptors: lessons learned in virtual compound library design.,metadata_pass_needs_fulltext,False,True,False
92,BDB-50318270,50318270,ACNFYYUXBQGWQL-UHFFFAOYSA-N,10.1021/jm901785w,20408530,,"Novel N2-substituted pyrazolo[3,4-d]pyrimidine adenosine A3 receptor antagonists: inhibition of A3-mediated human glioblastoma cell proliferation.",metadata_pass_needs_fulltext,False,True,False
93,BDB-21217,21217,HQNVISKJTIKRQJ-UHFFFAOYSA-N,10.1021/jm050792d|10.1021/jm300087j|10.1021/jm701159t,16366607|18269230|22468757,,"2-(Benzimidazol-2-yl)quinoxalines: a novel class of selective antagonists at human A(1) and A(3) adenosine receptors designed by 3D database searching. | Derivatives of 4-amino-6-hydroxy-2-mercaptopyrimidine as novel, potent, and selective A3 adenosine receptor antagonists. | Medicinal chemistry of A₃ adenosine receptor modulators: pharmacological activities and therapeutic implications.",metadata_pass_needs_fulltext,False,True,False
94,BDB-50505398,50505398,CERHJURNDKCFRJ-UHFFFAOYSA-N,10.1021/acs.jmedchem.9b00778,31453698,,"Antioxidant-Conjugated 1,2,4-Triazolo[4,3-a]pyrazin-3-one Derivatives: Highly Potent and Selective Human A2A Adenosine Receptor Antagonists Possessing Protective Efficacy in Neuropathic Pain.",metadata_pass_needs_fulltext,False,True,False
95,BDB-50232049,50232049,FTYUKYLDBALLID-UHFFFAOYSA-N,10.1016/j.ejmech.2016.11.007,27842891,,"A2B adenosine receptor antagonists: Design, synthesis and biological evaluation of novel xanthine derivatives.",quarantine_target_not_supported,False,False,False
96,BDB-50306787,50306787,GHCCRBAXZVOAEU-UHFFFAOYSA-N,10.1021/jm901647p,20095623,PMC2826142,Structure-based discovery of novel chemotypes for adenosine A(2A) receptor antagonists.,metadata_pass_fulltext_ready,True,True,False
97,BDB-50487423,50487423,UAWCCUPYYLZMFD-UHFFFAOYSA-N,10.1007/s00044-008-9100-9,,,,metadata_pass_doi_only_needs_source_retrieval,False,True,False
98,BDB-50376934,50376934,AYTIQMDUSGIKIT-FTBITJBVSA-N,10.1021/jm701442d,18321038,PMC6540094,Probing distal regions of the A2B adenosine receptor by quantitative structure-activity relationship modeling of known and novel agonists.,quarantine_target_not_supported,False,False,False
99,BDB-50534168,50534168,HJXMNEXKEFWFHF-UHFFFAOYSA-N,10.1016/j.bmc.2016.09.003,27658798,,"8-Substituted 1,3-dimethyltetrahydropyrazino[2,1-f]purinediones: Water-soluble adenosine receptor antagonists and monoamine oxidase B inhibitors.",metadata_pass_needs_fulltext,False,True,False
100,BDB-50189817,50189817,CVTMECIYXVPNLC-UHFFFAOYSA-N,10.1021/jm060373w,16789747,,"4-amido-2-aryl-1,2,4-triazolo[4,3-a]quinoxalin-1-ones as new potent and selective human A3 adenosine receptor antagonists. synthesis, pharmacological evaluation, and ligand-receptor modeling studies.",quarantine_target_not_supported,False,False,False
101,BDB-50360187,50360187,JJJCYECCFBECJK-UHFFFAOYSA-N,10.1021/jm101349u,21214204,PMC3578427,"Synthesis and biological evaluation of a new series of 1,2,4-triazolo[1,5-a]-1,3,5-triazines as human A(2A) adenosine receptor antagonists with improved water solubility.",metadata_pass_needs_fulltext,False,True,False
102,BDB-50141456,50141456,RZWYFQWUSTWXOT-XKLVTHTNSA-N,10.1016/j.bmcl.2004.01.011,15006389,,2-(N-acyl) and 2-N-acyl-N(6)-substituted analogues of adenosine and their affinity at the human adenosine receptors.,metadata_pass_needs_fulltext,False,True,False
103,BDB-50555722,50555722,XXOMDNKNONGBRR-UHFFFAOYSA-N,10.1016/j.ejmech.2020.112478,32659606,,"Discovery of first-in-class multi-target adenosine A2A receptor antagonists-carbonic anhydrase IX and XII inhibitors. 8-Amino-6-aryl-2-phenyl-1,2,4-triazolo [4,3-a]pyrazin-3-one derivatives as new potential antitumor agents.",metadata_pass_needs_fulltext,False,True,False
104,BDB-50309781,50309781,IMOUNXQRZGLBSG-DYHDFLJKSA-N,10.1016/j.bmc.2009.12.018,20036562,PMC2818678,2-Dialkynyl derivatives of (N)-methanocarba nucleosides: 'Clickable' A(3) adenosine receptor-selective agonists.,metadata_pass_fulltext_ready,True,True,False
105,BDB-50649072,50649072,DAEVVVNWLHLTCV-UHFFFAOYSA-N,,38669910,,Quinazolines annelated at the N(3)-C(4) bond: Synthesis and biological activity.,quarantine_nonprimary_source,False,False,False
106,BDB-50232048,50232048,NRRYCEINQLPTLE-UHFFFAOYSA-N,10.1016/j.ejmech.2016.11.007,27842891,,"A2B adenosine receptor antagonists: Design, synthesis and biological evaluation of novel xanthine derivatives.",quarantine_target_not_supported,False,False,False
107,BDB-50147637,50147637,LUUSEYRGIWCHGC-UHFFFAOYSA-N,10.1016/j.bmcl.2004.03.104,15149696,,Comparison of inhibitory activity of isomeric triazolopyridine derivatives towards adenosine receptor subtypes or do similar structures reveal similar bioactivities?,quarantine_target_not_supported,False,False,False
108,BDB-50324969,50324969,GQUGZFLBFPOQQC-UHFFFAOYSA-N,10.1016/j.bmcl.2010.06.138,20659802,,Hit-to-lead optimization of a series of carboxamides of ethyl 2-amino-4-phenylthiazole-5-carboxylates as novel adenosine A2A receptor antagonists.,metadata_pass_requires_endpoint_resolution,False,True,False
109,BDB-50083915,50083915,UUFLIBCXLXMTGF-UHFFFAOYSA-N,10.1021/jm001054m,11462973,,"3-Aryl[1,2,4]triazino[4,3-a]benzimidazol-4(10H)-ones: a new class of selective A1 adenosine receptor antagonists.",metadata_pass_needs_fulltext,False,True,False
110,BDB-50410730,50410730,ARQDPBXHSFRPRH-UHFFFAOYSA-N,10.1021/jm0506221,16392813,,"Design, synthesis, and structure-activity relationships of 1-,3-,8-, and 9-substituted-9-deazaxanthines at the human A2B adenosine receptor.",metadata_pass_needs_fulltext,False,True,False
111,BDB-175399,175399,IDGFGLTVKLOCMJ-UHFFFAOYSA-N,10.1016/j.bioorg.2016.01.003,26851736,,Synthesis and pharmacological characterization of novel xanthine carboxylate amides as A2A adenosine receptor ligands exhibiting bronchospasmolytic activity.,metadata_pass_needs_fulltext,False,True,False
112,BDB-50055085,50055085,OYGJIKRTCDDVRM-UHFFFAOYSA-N,10.1016/j.ejmech.2014.07.060,25063944,,"7-Amino-2-phenylpyrazolo[4,3-d]pyrimidine derivatives: structural investigations at the 5-position to target human A₁ and A(2A) adenosine receptors. Molecular modeling and pharmacological studies.",metadata_pass_needs_fulltext,False,True,False
113,BDB-50494549,50494549,JNILKZBFDIKTIT-IOOBAMJDSA-N,10.1016/j.bmc.2013.09.044,24139167,,"1,3-Dialkyl-substituted tetrahydropyrimido[1,2-f]purine-2,4-diones as multiple target drugs for the potential treatment of neurodegenerative diseases.",metadata_pass_needs_fulltext,False,True,False
114,BDB-175402,175402,UFDSXJSHQYVRHF-UHFFFAOYSA-N,10.1016/j.bioorg.2016.01.003,26851736,,Synthesis and pharmacological characterization of novel xanthine carboxylate amides as A2A adenosine receptor ligands exhibiting bronchospasmolytic activity.,metadata_pass_needs_fulltext,False,True,False
115,BDB-50187588,50187588,DJMAOAZZXABOFN-UHFFFAOYSA-N,10.1016/j.bmc.2016.07.028,27485602,,Similarities and differences in affinity and binding modes of tricyclic pyrimido- and pyrazinoxanthines at human and rat adenosine receptors.,metadata_pass_needs_fulltext,False,True,False
116,BDB-50176819,50176819,JPKVNXGYCSFLGI-UHFFFAOYSA-N,10.1021/jm050407k,16279775,,"Synthesis and 3D QSAR of new pyrazolo[3,4-b]pyridines: potent and selective inhibitors of A1 adenosine receptors.",metadata_pass_needs_fulltext,False,True,False
117,BDB-50116384,50116384,SGNCTBLOFLIZCK-UHFFFAOYSA-N,10.1021/jm0208469,12139445,,"Pyrido[2,1-f]purine-2,4-dione derivatives as a novel class of highly potent human A(3) adenosine receptor antagonists.",metadata_pass_needs_fulltext,False,True,False
118,BDB-50137522,50137522,PBXFOUQUQNIFAX-UHFFFAOYSA-N,10.1016/j.ejmech.2015.12.019,26717203,,"5,7-Disubstituted-[1,2,4]triazolo[1,5-a][1,3,5]triazines as pharmacological tools to explore the antagonist selectivity profiles toward adenosine receptors.",quarantine_target_not_supported,False,False,False
119,BDB-175385,175385,CQMZWYQNQJMCCO-UHFFFAOYSA-N,10.1016/j.bioorg.2016.01.003,26851736,,Synthesis and pharmacological characterization of novel xanthine carboxylate amides as A2A adenosine receptor ligands exhibiting bronchospasmolytic activity.,metadata_pass_needs_fulltext,False,True,False
120,BDB-50156616,50156616,FARQWWRBQXFTDH-RDJZCZTQSA-N,10.1021/jm701594y,18637670,,2-Amino-6-furan-2-yl-4-substituted nicotinonitriles as A2A adenosine receptor antagonists.,metadata_pass_needs_fulltext,False,True,False
121,BDB-50573591,50573591,XCPOOYABRFHDAQ-GZBFAFLISA-N,10.1016/j.ejmech.2021.113607,34171656,PMC8448983,"Synthesis and evaluation of adenosine derivatives as A1, A2A, A2B and A3 adenosine receptor ligands containing boron clusters as phenyl isosteres and selective A3 agonists.",metadata_pass_fulltext_ready,True,True,False
122,BDB-50513536,50513536,BSBGWMHQUSMMBO-HIJSFIBBSA-N,10.1016/j.ejmech.2019.06.050,31255928,,"Design, synthesis and biological evaluation of 2-hydrazinyladenosine derivatives as A2A adenosine receptor ligands.",metadata_pass_needs_fulltext,False,True,False
123,BDB-50264171,50264171,ZGLFUGCOCLZCQG-XWAOVWAASA-N,10.1016/j.bmc.2008.08.007,18752961,PMC2593936,Selective A(3) adenosine receptor antagonists derived from nucleosides containing a bicyclo[3.1.0]hexane ring system.,metadata_pass_fulltext_ready,True,True,False
124,BDB-50313075,50313075,FUZVDFCUPYVIEA-UHFFFAOYSA-N,10.1016/j.bmcl.2010.01.077,20138516,,Discovery of potent and selective bicyclic A(2B) adenosine receptor antagonists via bioisosteric amide replacement.,quarantine_target_not_supported,False,False,False
125,BDB-50211077,50211077,KLLJKZAKUJQFQR-UHFFFAOYSA-N,10.1021/acs.jmedchem.6b01068,27933962,,"Design, Synthesis, and Pharmacological Characterization of 2-(2-Furanyl)thiazolo[5,4-d]pyrimidine-5,7-diamine Derivatives: New Highly Potent A2A Adenosine Receptor Inverse Agonists with Antinociceptive Activity.",metadata_pass_needs_fulltext,False,True,False
126,BDB-50389830,50389830,ULXHINOEZKZYNA-UHFFFAOYSA-N,10.1021/jm300280e,22563707,,A prospective cross-screening study on G-protein-coupled receptors: lessons learned in virtual compound library design.,metadata_pass_needs_fulltext,False,True,False
127,BDB-50171290,50171290,HMXDWDSNPRNUKI-UHFFFAOYSA-N,10.1124/jpet.104.067884,15131245,,"SR147778 [5-(4-bromophenyl)-1-(2,4-dichlorophenyl)-4-ethyl-N-(1-piperidinyl)-1H-pyrazole-3-carboxamide], a new potent and selective antagonist of the CB1 cannabinoid receptor: biochemical and pharmacological characterization.",quarantine_target_not_supported,False,False,False
128,BDB-50366767,50366767,JEXFNNUDLKOIMC-UHFFFAOYSA-N,10.1016/s0960-894x(01)00610-2,11714602,,7-Nitrobenzofurazan (NBD) derivatives of 5'-N-ethylcarboxamidoadenosine (NECA) as new fluorescent probes for human A(3) adenosine receptors.,quarantine_target_not_supported,False,False,False
129,BDB-50364064,50364064,DNPNXAXAKNFJDD-GFOALDQYSA-N,10.1021/jm201461q,22104008,PMC3261785,Evaluation of molecular modeling of agonist binding in light of the crystallographic structure of an agonist-bound A₂A adenosine receptor.,metadata_pass_fulltext_ready,True,True,False
130,BDB-50491507,50491507,KLNYLDYPZCWDDA-UHFFFAOYSA-N,10.1021/jm400336x,23631427,,"Dual targeting of adenosine A(2A) receptors and monoamine oxidase B by 4H-3,1-benzothiazin-4-ones.",metadata_pass_needs_fulltext,False,True,False
131,BDB-50139711,50139711,DHTUIDHJRHTUOI-UHFFFAOYSA-N,10.1016/j.bmcl.2003.09.095,14741297,,"Synthesis and SAR evaluation of 1,2,4-triazoles as A(2A) receptor antagonists.",metadata_pass_requires_endpoint_resolution,False,True,False
132,BDB-50410648,50410648,AVEYDODSONUKCQ-UHFFFAOYSA-N,10.1021/jm0506221,16392813,,"Design, synthesis, and structure-activity relationships of 1-,3-,8-, and 9-substituted-9-deazaxanthines at the human A2B adenosine receptor.",metadata_pass_needs_fulltext,False,True,False
133,BDB-50377454,50377454,XEEQGYMUWCZPDN-IUODEOHRSA-N,10.1016/j.bmcl.2008.03.075,18406614,,"Antagonists of the human adenosine A2A receptor. Part 1: Discovery and synthesis of thieno[3,2-d]pyrimidine-4-methanone derivatives.",metadata_pass_requires_endpoint_resolution,False,True,False
134,BDB-44650,44650,MYUCPCJDLCLXDA-UHFFFAOYSA-N,10.1021/jm300280e,22563707,,A prospective cross-screening study on G-protein-coupled receptors: lessons learned in virtual compound library design.,metadata_pass_needs_fulltext,False,True,False
135,BDB-50139836,50139836,WKZDIXJLBNRISL-UHFFFAOYSA-N,10.1016/j.bmcl.2015.11.048,26781932,,Discovery of aminoquinazoline derivatives as human A(2A) adenosine receptor antagonists.,metadata_pass_requires_endpoint_resolution,False,True,False
136,BDB-50341188,50341188,SNJRGPSAULQWEJ-UHFFFAOYSA-N,10.1016/j.bmcl.2011.02.053,21388809,,Discovery of benzothiazole-based adenosine A2B receptor antagonists with improved A2A selectivity.,metadata_pass_requires_endpoint_resolution,False,True,False
137,BDB-50120761,50120761,BSNJZTLENAKNNX-UHFFFAOYSA-N,10.1021/jm020911e,12408713,,"Design, synthesis and biological evaluation of novel N-alkyl- and N-acyl-(7-substituted-2-phenylimidazo[1,2-a][1,3,5]triazin-4-yl)amines (ITAs) as novel A(1) adenosine receptor antagonists.",metadata_pass_needs_fulltext,False,True,False
138,BDB-50022732,50022732,SJGRLFUUACZQRA-UHFFFAOYSA-N,10.1021/jm00118a032,3172141,,"Benzo[1,2-c:5,4-c']dipyrazoles: non-xanthine adenosine antagonists.",quarantine_target_not_supported,False,False,False
139,BDB-50180205,50180205,AZMGORPHNMBVBU-KSVNGYGVSA-N,10.1021/jm050595e,16392812,,Structure-activity relationships of 2-chloro-N6-substituted-4'-thioadenosine-5'-uronamides as highly potent and selective agonists at the human A3 adenosine receptor.,quarantine_target_not_supported,False,False,False
140,BDB-50313077,50313077,OWBPIGOKYQPEBA-UHFFFAOYSA-N,10.1016/j.bmcl.2010.01.077,20138516,,Discovery of potent and selective bicyclic A(2B) adenosine receptor antagonists via bioisosteric amide replacement.,quarantine_target_not_supported,False,False,False
141,BDB-50268211,50268211,LKQSGKOYMDGWTQ-UHFFFAOYSA-N,10.1021/jm900413e,19569717,,1-alkyl-8-(piperazine-1-sulfonyl)phenylxanthines: development and characterization of adenosine A2B receptor antagonists and a new radioligand with subnanomolar affinity and subtype specificity.,metadata_pass_needs_fulltext,False,True,False
142,BDB-50312947,50312947,RWRIELQWXMXMNH-UHFFFAOYSA-N,10.1016/j.bmcl.2010.01.045,20137946,,"Discovery of N-(5,6-diarylpyridin-2-yl)amide derivatives as potent and selective A(2B) adenosine receptor antagonists.",quarantine_target_not_supported,False,False,False
143,BDB-50545432,50545432,AWJQTLFPUKLVQL-UHFFFAOYSA-N,10.1016/j.bmcl.2020.127126,32241719,,"New 8-amino-1,2,4-triazolo[4,3-a]pyrazin-3-one derivatives. Evaluation of different moieties on the 6-aryl ring to obtain potent and selective human A2A adenosine receptor antagonists.",metadata_pass_needs_fulltext,False,True,False
144,BDB-50048017,50048017,RDPQQFRZIZWHKI-UHFFFAOYSA-N,10.1021/jm500752h,24972108,,"Scaffold decoration at positions 5 and 8 of 1,2,4-triazolo[1,5-c]pyrimidines to explore the antagonist profiling on adenosine receptors: a preliminary structure-activity relationship study.",quarantine_target_not_supported,False,False,False
145,BDB-50542172,50542172,KROGYTVNKZCWBC-UHFFFAOYSA-N,10.1021/acs.jmedchem.0c00564,32573250,,Nitrogen-Walk Approach to Explore Bioisosteric Replacements in a Series of Potent A2B Adenosine Receptor Antagonists.,quarantine_target_not_supported,False,False,False
146,BDB-50199463,50199463,PWANAKRSKQRVSS-QKZATRHHSA-N,10.1021/acs.jmedchem.6b01183|10.1021/acs.jmedchem.8b01662,27933810|30605331,PMC5201133|PMC6467784,Structure-Based Scaffold Repurposing for G Protein-Coupled Receptors: Transformation of Adenosine Derivatives into 5HT2B/5HT2C Serotonin Receptor Antagonists. | Design and in Vivo Characterization of A1 Adenosine Receptor Agonists in the Native Ribose and Conformationally Constrained (N)-Methanocarba Series.,quarantine_target_not_supported,True,False,False
147,BDB-50139817,50139817,FIBSWIHKNWCKJD-UHFFFAOYSA-N,10.1016/j.bmcl.2015.11.048,26781932,,Discovery of aminoquinazoline derivatives as human A(2A) adenosine receptor antagonists.,metadata_pass_requires_endpoint_resolution,False,True,False
148,BDB-50011305,50011305,ZHQNOECYYOPOGK-AAAKGCLZSA-N,10.1021/jm4011669,24164628,,Adenosine A2A receptor as a drug discovery target.,quarantine_nonprimary_source,False,False,False
149,BDB-50496142,50496142,ACDUFNNGCHAONI-UHFFFAOYSA-N,10.1016/j.ejmech.2014.01.045,24556147,,Novel 8-(p-substituted-phenyl/benzyl)xanthines with selectivity for the A2A adenosine receptor possess bronchospasmolytic activity.,metadata_pass_needs_fulltext,False,True,False
150,BDB-50275669,50275669,FAQMPXZLGHDHHK-UHFFFAOYSA-N,10.1016/j.bmc.2018.05.048,29880250,,"Identification of novel thiazolo[5,4-d]pyrimidine derivatives as human A1 and A2A adenosine receptor antagonists/inverse agonists.",metadata_pass_needs_fulltext,False,True,False
151,BDB-50318286,50318286,GNLKLLHCPPYDLC-UHFFFAOYSA-N,10.1021/jm901785w,20408530,,"Novel N2-substituted pyrazolo[3,4-d]pyrimidine adenosine A3 receptor antagonists: inhibition of A3-mediated human glioblastoma cell proliferation.",metadata_pass_needs_fulltext,False,True,False
152,BDB-50331936,50331936,IXGGHXNKNILFJL-UHFFFAOYSA-N,10.1016/j.bmcl.2010.10.030,21055932,,Discovery of novel quinolinone adenosine A2B antagonists.,quarantine_target_not_supported,False,False,False
153,BDB-50318250,50318250,QGDVJEIIAUKMBX-UHFFFAOYSA-N,10.1021/jm100240h,20405927,PMC2865168,Structure-based discovery of A2A adenosine receptor ligands.,metadata_pass_fulltext_ready,True,True,False
154,BDB-50649071,50649071,XMSOXVWUIFQNHX-UHFFFAOYSA-N,,38669910,,Quinazolines annelated at the N(3)-C(4) bond: Synthesis and biological activity.,quarantine_nonprimary_source,False,False,False
155,BDB-50382986,50382986,WGFLLKYIRNKGKW-UHFFFAOYSA-N,10.1021/jm201455y,22250781,PMC3308209,Identification of novel adenosine A(2A) receptor antagonists by virtual screening.,metadata_pass_fulltext_ready,True,True,False
156,BDB-50267396,50267396,JCAVHDDDZIXFHB-NNBIHLJJSA-N,10.1021/jm801456g,19317449,,N6-Cycloalkyl- and N6-bicycloalkyl-C5'(C2')-modified adenosine derivatives as high-affinity and selective agonists at the human A1 adenosine receptor with antinociceptive effects in mice.,metadata_pass_needs_fulltext,False,True,False
157,BDB-50517299,50517299,VQFKOPZALUTGKJ-BGIGGGFGSA-N,10.1021/acs.jmedchem.8b01662,30605331,PMC6467784,Design and in Vivo Characterization of A1 Adenosine Receptor Agonists in the Native Ribose and Conformationally Constrained (N)-Methanocarba Series.,quarantine_target_not_supported,True,False,False
158,BDB-50377566,50377566,FXGWAOVZUWGRNJ-UHFFFAOYSA-N,10.1016/j.bmcl.2008.03.072,18411049,,"Antagonists of the human adenosine A2A receptor. Part 3: Design and synthesis of pyrazolo[3,4-d]pyrimidines, pyrrolo[2,3-d]pyrimidines and 6-arylpurines.",metadata_pass_requires_endpoint_resolution,False,True,False
159,BDB-50494432,50494432,AFPYJJLDUPLMID-UHFFFAOYSA-N,10.1016/j.ejmech.2013.10.006,24189496,,8-(2-Furyl)adenine derivatives as A₂A adenosine receptor ligands.,quarantine_target_not_supported,False,False,False
160,BDB-50003151,50003151,KIDLMTBTXJXJRT-UHFFFAOYSA-N,10.1016/j.bmc.2008.01.002,18226909,,"1-, 3- and 8-substituted-9-deazaxanthines as potent and selective antagonists at the human A2B adenosine receptor.",metadata_pass_needs_fulltext,False,True,False
161,BDB-50336986,50336986,UEBJAZCBAZVERF-UHFFFAOYSA-N,10.1021/ml100249e,24900298,PMC4018059,"Discovery of LAS101057: A Potent, Selective, and Orally Efficacious A2B Adenosine Receptor Antagonist.",quarantine_target_not_supported,False,False,False
162,BDB-50580512,50580512,QYDDQJVHZBTEMT-UHFFFAOYSA-N,10.1021/acs.jmedchem.0c00914,34107215,,Adenosine A2AR/A1R Antagonists Enabling Additional H3R Antagonism for the Treatment of Parkinson's Disease.,metadata_pass_needs_fulltext,False,True,False
163,BDB-50386112,50386112,RDILGXZZHKVVQM-UHFFFAOYSA-N,10.1016/j.ejmech.2012.05.009,22677030,,"New chromene scaffolds for adenosine A(2A) receptors: synthesis, pharmacology and structure-activity relationships.",metadata_pass_needs_fulltext,False,True,False
164,BDB-50627155,50627155,RATZCLQARSHGQO-UHFFFAOYSA-N,,37465301,PMC10351082,The Hitchhiker's Guide to Deep Learning Driven Generative Chemistry.,quarantine_nonprimary_source,True,False,False
165,BDB-50384416,50384416,AKMNUCBQGHFICM-UHFFFAOYSA-N,10.1016/j.bmc.2017.07.051,28807572,,Identification of highly selective and potent orexin receptor 1 antagonists derived from a dual orexin receptor 1/2 antagonist based on the structural framework of pyrazoylethylbenzamide.,quarantine_target_not_supported,False,False,False
166,BDB-50410768,50410768,PCVZFCWEKBFCAJ-UHFFFAOYSA-N,10.1021/jm0506221,16392813,,"Design, synthesis, and structure-activity relationships of 1-,3-,8-, and 9-substituted-9-deazaxanthines at the human A2B adenosine receptor.",metadata_pass_needs_fulltext,False,True,False
167,BDB-50495053,50495053,CVVQFVJXZSWYML-UHFFFAOYSA-N,10.1016/j.bmcl.2013.11.051,24332624,,Replacement of amide with bioisosteres led to a new series of potent adenosine A2A receptor antagonists.,metadata_pass_requires_endpoint_resolution,False,True,False
168,BDB-50495601,50495601,BVHMCXNZSIPWQH-UHFFFAOYSA-N,10.1016/j.bmc.2014.01.018,24518296,,"Discovery of simplified N²-substituted pyrazolo[3,4-d]pyrimidine derivatives as novel adenosine receptor antagonists: efficient synthetic approaches, biological evaluations and molecular docking studies.",quarantine_target_not_supported,False,False,False
169,BDB-50202985,50202985,NCRDZJIYEHKXFL-UHFFFAOYSA-N,10.1016/j.bmcl.2006.11.083,17236762,,"Potent, selective, and orally active adenosine A2A receptor antagonists: arylpiperazine derivatives of pyrazolo[4,3-e]-1,2,4-triazolo[1,5-c]pyrimidines.",metadata_pass_requires_endpoint_resolution,False,True,False
170,BDB-50202575,50202575,MXNGBNYQJCQGEV-PFHKOEEOSA-N,10.1021/jm061170a,17228880,,Synthesis and biological evaluation of novel 1-deoxy-1-[6-[((hetero)arylcarbonyl)hydrazino]- 9H-purin-9-yl]-N-ethyl-beta-D-ribofuranuronamide derivatives as useful templates for the development of A2B adenosine receptor agonists.,quarantine_target_not_supported,False,False,False
171,BDB-50171753,50171753,NOPDFTZVAJQFFF-UHFFFAOYSA-N,10.1016/j.bmcl.2005.06.064,16099648,,"1,8-Naphthyridin-4-one derivatives as new ligands of A2A adenosine receptors.",metadata_pass_needs_fulltext,False,True,False
172,BDB-50382982,50382982,YNSVRVIBICMHME-UHFFFAOYSA-N,10.1021/jm201455y,22250781,PMC3308209,Identification of novel adenosine A(2A) receptor antagonists by virtual screening.,metadata_pass_fulltext_ready,True,True,False
173,BDB-50584581,50584581,BUXDJJICYXLCEH-UHFFFAOYSA-N,10.1021/acs.jmedchem.1c01636,35068155,PMC8842224,"Optimization of 2-Amino-4,6-diarylpyrimidine-5-carbonitriles as Potent and Selective A1 Antagonists.",metadata_pass_fulltext_ready,True,True,False
174,BDB-50264831,50264831,OLHVMYLPYPPJJK-UHFFFAOYSA-N,10.1021/jm4011669,24164628,,Adenosine A2A receptor as a drug discovery target.,quarantine_nonprimary_source,False,False,False
175,BDB-50208784,50208784,LCDBQJZQQFLFGG-QTQZEZTPSA-N,10.1021/jm061278q,17378544,PMC3405160,"Structure-activity relationships of 2,N(6),5'-substituted adenosine derivatives with potent activity at the A2B adenosine receptor.",quarantine_target_not_supported,False,False,False
176,BDB-50139728,50139728,PDTFIAGWAGDHCW-UHFFFAOYSA-N,10.1016/j.bmcl.2003.09.095,14741297,,"Synthesis and SAR evaluation of 1,2,4-triazoles as A(2A) receptor antagonists.",metadata_pass_requires_endpoint_resolution,False,True,False
177,BDB-50271642,50271642,AUQHNAQGJBULMA-UHFFFAOYSA-N,10.1016/j.bmcl.2018.03.086,29627261,,Development of novel pyridazinone-based adenosine receptor ligands.,quarantine_target_not_supported,False,False,False
178,BDB-50496139,50496139,WHJCTOCJGOSTSO-UHFFFAOYSA-N,10.1016/j.ejmech.2014.01.045,24556147,,Novel 8-(p-substituted-phenyl/benzyl)xanthines with selectivity for the A2A adenosine receptor possess bronchospasmolytic activity.,metadata_pass_needs_fulltext,False,True,False
179,BDB-50580310,50580310,OJSWNBSTDSTLPO-UHFFFAOYSA-N,10.1021/acs.jmedchem.1c01155,34783558,,Structure-Based Design of Dual-Acting Compounds Targeting Adenosine A2A Receptor and Histone Deacetylase as Novel Tumor Immunotherapeutic Agents.,metadata_pass_needs_fulltext,False,True,False
180,BDB-50257000,50257000,JGFAEEKLMAWINF-UHFFFAOYSA-N,10.1016/j.bmc.2009.02.030,19282184,,8-Bromo-9-alkyl adenine derivatives as tools for developing new adenosine A2A and A2B receptors ligands.,metadata_pass_needs_fulltext,False,True,False
181,BDB-14390,14390,BNRNXUUZRGQAQC-UHFFFAOYSA-N,10.1021/jm300280e,22563707,,A prospective cross-screening study on G-protein-coupled receptors: lessons learned in virtual compound library design.,metadata_pass_needs_fulltext,False,True,False
182,BDB-35839,35839,FOBLNBXDRQYXQV-UHFFFAOYSA-N,10.1016/j.bmc.2009.07.078,19695884,,Antagonists of the human A(2A) receptor. Part 6: Further optimization of pyrimidine-4-carboxamides.,metadata_pass_requires_endpoint_resolution,False,True,False
183,BDB-50248578,50248578,UPPCVKRCEALPST-UHFFFAOYSA-N,10.1016/j.bmcl.2009.01.042,19181527,,Synthesis and SAR studies of trisubstituted purinones as potent and selective adenosine A2A receptor antagonists.,metadata_pass_needs_fulltext,False,True,False
184,BDB-50414356,50414356,OWZKUWVVPFHDPB-UHFFFAOYSA-N,10.1016/j.bmc.2009.03.029,19346133,,Synthesis of novel 1-alkyl-8-substituted-3-(3-methoxypropyl) xanthines as putative A(2B) receptor antagonists.,metadata_pass_needs_fulltext,False,True,False
185,BDB-50343135,50343135,UMYJKAPQXPVTEH-UHFFFAOYSA-N,10.1016/j.bmc.2011.08.026,21908194,,"Does the combination of optimal substitutions at the C²-, N⁵- and N⁸-positions of the pyrazolo-triazolo-pyrimidine scaffold guarantee selective modulation of the human A₃ adenosine receptors?",metadata_pass_needs_fulltext,False,True,False
186,BDB-50275637,50275637,JXMVGWKOLQYAPP-UHFFFAOYSA-N,10.1016/j.bmc.2018.05.048,29880250,,"Identification of novel thiazolo[5,4-d]pyrimidine derivatives as human A1 and A2A adenosine receptor antagonists/inverse agonists.",metadata_pass_needs_fulltext,False,True,False
187,BDB-50298553,50298553,LWYRFEDQIGXNNB-UHFFFAOYSA-N,10.1016/j.bmc.2009.05.038,19501513,,Combining selectivity and affinity predictions using an integrated Support Vector Machine (SVM) approach: An alternative tool to discriminate between the human adenosine A(2A) and A(3) receptor pyrazolo-triazolo-pyrimidine antagonists binding sites.,metadata_pass_needs_fulltext,False,True,False
188,BDB-50346909,50346909,BTNNZWURLUOUIL-UHFFFAOYSA-N,10.1016/j.bmc.2011.05.001,21616671,,"Synthesis, structure-affinity relationships, and molecular modeling studies of novel pyrazolo[3,4-c]quinoline derivatives as adenosine receptor antagonists.",metadata_pass_needs_fulltext,False,True,False
189,BDB-50271536,50271536,VIBOPLGOAIYGMR-UHFFFAOYSA-N,10.1016/j.bmc.2008.04.039,18468446,,"Synthesis, ligand-receptor modeling studies and pharmacological evaluation of novel 4-modified-2-aryl-1,2,4-triazolo[4,3-a]quinoxalin-1-one derivatives as potent and selective human A3 adenosine receptor antagonists.",metadata_pass_needs_fulltext,False,True,False
190,BDB-50545315,50545315,UQWRJYJCAOENJM-UHFFFAOYSA-N,10.1016/j.bmcl.2020.127067,32165041,,"Structural investigation on thiazolo[5,4-d]pyrimidines to obtain dual-acting blockers of CD73 and adenosine A2A receptor as potential antitumor agents.",metadata_pass_needs_fulltext,False,True,False
191,BDB-50395552,50395552,XJNXZELXQVQLKI-UHFFFAOYSA-N,10.1021/jm3003069,22827545,,Identifying novel adenosine receptor ligands by simultaneous proteochemometric modeling of rat and human bioactivity data.,quarantine_target_not_supported,False,False,False
192,BDB-50047917,50047917,ZUZUSCXGJHXEMB-WXAVEZDYSA-N,10.1016/j.bmcl.2014.06.006,24969016,PMC4158450,Extended N(6) substitution of rigid C2-arylethynyl nucleosides for exploring the role of extracellular loops in ligand recognition at the A3 adenosine receptor.,metadata_pass_fulltext_ready,True,True,False
193,BDB-50091143,50091143,CYSDHZJPDQKSJB-UHFFFAOYSA-N,10.1021/jm000936i,10956220,,"Synthesis and structure-activity relationships of a new set of 2-arylpyrazolo[3,4-c]quinoline derivatives as adenosine receptor antagonists.",metadata_pass_needs_fulltext,False,True,False
194,BDB-50628408,50628408,XRKKJGGYJHRJNY-OWDMVUQNSA-N,10.1021/acs.jmedchem.3c00806,37603705,PMC10896643,"Structure-Activity Relationship of Truncated 2,8-Disubstituted-Adenosine Derivatives as Dual A2A/A3 Adenosine Receptor Antagonists and Their Cancer Immunotherapeutic Activity.",metadata_pass_fulltext_ready,True,True,False
195,BDB-50341193,50341193,OMVHCFMRXIFNMI-UHFFFAOYSA-N,10.1016/j.bmcl.2011.02.053,21388809,,Discovery of benzothiazole-based adenosine A2B receptor antagonists with improved A2A selectivity.,metadata_pass_requires_endpoint_resolution,False,True,False
196,BDB-50360193,50360193,HZRPPZVAFJLQIQ-UHFFFAOYSA-N,10.1021/jm101349u,21214204,PMC3578427,"Synthesis and biological evaluation of a new series of 1,2,4-triazolo[1,5-a]-1,3,5-triazines as human A(2A) adenosine receptor antagonists with improved water solubility.",metadata_pass_needs_fulltext,False,True,False
197,BDB-50257025,50257025,JIBITRQNBXVGNX-UHFFFAOYSA-N,10.1021/jm8014876,19301821,,"Pyrido[2,3-e]-1,2,4-triazolo[4,3-a]pyrazin-1-one as a new scaffold to develop potent and selective human A3 adenosine receptor antagonists. Synthesis, pharmacological evaluation, and ligand-receptor modeling studies.",metadata_pass_needs_fulltext,False,True,False
198,BDB-50563134,50563134,MVLSLPSPDRUARX-UHFFFAOYSA-N,10.1016/j.ejmech.2021.113214,33548636,,"Design, synthesis and biological evaluation of Tozadenant analogues as adenosine A2A receptor ligands.",metadata_pass_needs_fulltext,False,True,False
199,BDB-50083916,50083916,CQXMRLNWXNWPSV-UHFFFAOYSA-N,10.1021/jm001054m,11462973,,"3-Aryl[1,2,4]triazino[4,3-a]benzimidazol-4(10H)-ones: a new class of selective A1 adenosine receptor antagonists.",metadata_pass_needs_fulltext,False,True,False
200,BDB-50237093,50237093,FLJKEYOWOUCFNJ-UHFFFAOYSA-N,10.1016/j.bmcl.2008.02.032,18329269,,Synthesis of N-pyrimidinyl-2-phenoxyacetamides as adenosine A2A receptor antagonists.,metadata_pass_requires_endpoint_resolution,False,True,False
201,BDB-50141455,50141455,DDCUXRNACUVAKE-HGBQRMJASA-N,10.1016/j.bmcl.2004.01.011,15006389,,2-(N-acyl) and 2-N-acyl-N(6)-substituted analogues of adenosine and their affinity at the human adenosine receptors.,metadata_pass_needs_fulltext,False,True,False
202,BDB-50360209,50360209,CKNQBBJKRSXMPU-UHFFFAOYSA-N,10.1021/jm101349u,21214204,PMC3578427,"Synthesis and biological evaluation of a new series of 1,2,4-triazolo[1,5-a]-1,3,5-triazines as human A(2A) adenosine receptor antagonists with improved water solubility.",metadata_pass_needs_fulltext,False,True,False
203,BDB-50018002,50018002,NPCYZVFLXAHEOX-UHFFFAOYSA-N,10.1021/jm00147a038,2993622,PMC3468300,"Functionalized congeners of 1,3-dialkylxanthines: preparation of analogues with high affinity for adenosine receptors.",quarantine_target_not_supported,False,False,False
204,BDB-35803,35803,HKDRLLSZDIGQIK-UHFFFAOYSA-N,10.1016/j.bmc.2009.07.078,19695884,,Antagonists of the human A(2A) receptor. Part 6: Further optimization of pyrimidine-4-carboxamides.,metadata_pass_requires_endpoint_resolution,False,True,False
205,BDB-50047995,50047995,MBXDLCHXRJJXPM-UHFFFAOYSA-N,10.1021/jm500752h,24972108,,"Scaffold decoration at positions 5 and 8 of 1,2,4-triazolo[1,5-c]pyrimidines to explore the antagonist profiling on adenosine receptors: a preliminary structure-activity relationship study.",quarantine_target_not_supported,False,False,False
206,BDB-50548094,50548094,CCHJCVDZPYFXQY-NSHDSACASA-N,10.1039/d0md00380h,34046614,PMC8128054,Potent and selective A3 adenosine receptor antagonists bearing aminoesters as heterobifunctional moieties.,quarantine_target_not_supported,False,False,False
207,BDB-50266084,50266084,UXTNNVIYBQKXOL-UHFFFAOYSA-N,10.1016/j.bmcl.2008.11.066,19059776,,Synthesis of 2-amino-5-benzoyl-4-(2-furyl)thiazoles as adenosine A(2A) receptor antagonists.,metadata_pass_needs_fulltext,False,True,False
208,BDB-50555723,50555723,YKNBYIQXICDOOY-UHFFFAOYSA-N,10.1016/j.ejmech.2020.112478,32659606,,"Discovery of first-in-class multi-target adenosine A2A receptor antagonists-carbonic anhydrase IX and XII inhibitors. 8-Amino-6-aryl-2-phenyl-1,2,4-triazolo [4,3-a]pyrazin-3-one derivatives as new potential antitumor agents.",metadata_pass_needs_fulltext,False,True,False
209,BDB-50262150,50262150,CQNPTEQAAAOVKX-MRXNPFEDSA-N,10.1021/jm701594y,18637670,,2-Amino-6-furan-2-yl-4-substituted nicotinonitriles as A2A adenosine receptor antagonists.,metadata_pass_needs_fulltext,False,True,False
210,BDB-50478209,50478209,SZACFGFCZCXEEA-UHFFFAOYSA-N,10.1016/j.bmc.2007.10.103,18249548,,"Synthesis, adenosine receptor binding and 3D-QSAR of 4-substituted 2-(2'-furyl)-1,2,4-triazolo[1,5-a]quinoxalines.",metadata_pass_needs_fulltext,False,True,False
211,BDB-50026819,50026819,MUXUIVVLQXFMRX-CXJTVLAKSA-N,10.1021/ml5002486,25221664,PMC4160753,Structure-Based Design of Reactive Nucleosides for Site-Specific Modification of the A2A Adenosine Receptor.,metadata_pass_needs_fulltext,False,True,False
212,BDB-50389918,50389918,JONIAMPRFRZSLQ-UHFFFAOYSA-N,10.1021/jm300323t,22568637,,"Water-soluble pyrazolo[4,3-e][1,2,4]triazolo[1,5-c]pyrimidines as human A₃ adenosine receptor antagonists.",metadata_pass_requires_endpoint_resolution,False,True,False
213,BDB-50432634,50432634,WZFUWGODTRDSBO-UHFFFAOYSA-N,10.1021/jm400422s,23597047,PMC3701956,"Structure-based approaches to ligands for G-protein-coupled adenosine and P2Y receptors, from small molecules to nanoconjugates.",quarantine_nonprimary_source,True,False,False
214,BDB-50199460,50199460,YLEQGEOHZFVIAR-QZUDQQPUSA-N,10.1021/acs.jmedchem.6b01183,27933810,PMC5201133,Structure-Based Scaffold Repurposing for G Protein-Coupled Receptors: Transformation of Adenosine Derivatives into 5HT2B/5HT2C Serotonin Receptor Antagonists.,quarantine_target_not_supported,True,False,False
215,BDB-50003108,50003108,SJVLZHJJIWSOJI-UHFFFAOYSA-N,10.1016/j.bmc.2008.01.002,18226909,,"1-, 3- and 8-substituted-9-deazaxanthines as potent and selective antagonists at the human A2B adenosine receptor.",metadata_pass_needs_fulltext,False,True,False
216,BDB-50306777,50306777,IWDKSIOHIYCOBV-UHFFFAOYSA-N,10.1021/jm901647p,20095623,PMC2826142,Structure-based discovery of novel chemotypes for adenosine A(2A) receptor antagonists.,metadata_pass_fulltext_ready,True,True,False
217,BDB-50399597,50399597,MKTDHKFRAQCBTM-UHFFFAOYSA-N,10.1021/jm300899q,23098605,,"Exploring the directionality of 5-substitutions in a new series of 5-alkylaminopyrazolo[4,3-e]1,2,4-triazolo[1,5-c]pyrimidine as a strategy to design novel human a(3) adenosine receptor antagonists.",quarantine_target_not_supported,False,False,False
218,BDB-50266022,50266022,ORZFUSWWXUVGND-UHFFFAOYSA-N,10.1016/j.bmcl.2008.11.066,19059776,,Synthesis of 2-amino-5-benzoyl-4-(2-furyl)thiazoles as adenosine A(2A) receptor antagonists.,metadata_pass_needs_fulltext,False,True,False
219,BDB-50366686,50366686,VRKBZQOPVJHRLW-VFIQZALSSA-N,10.1016/s0960-894x(01)00347-x,11459663,,Introduction of alkynyl chains on C-8 of adenosine led to very selective antagonists of the A(3) adenosine receptor.,metadata_pass_needs_fulltext,False,True,False
220,BDB-50559043,50559043,PQBREZGPWVFSIR-UHFFFAOYSA-N,10.1016/j.ejmech.2019.111886,31787357,PMC7199890,Conjugable A3 adenosine receptor antagonists for the development of functionalized ligands and their use in fluorescent probes.,metadata_pass_fulltext_ready,True,True,False
221,BDB-50268247,50268247,UOSGXUGKZYRNKU-UHFFFAOYSA-N,10.1021/jm900413e,19569717,,1-alkyl-8-(piperazine-1-sulfonyl)phenylxanthines: development and characterization of adenosine A2B receptor antagonists and a new radioligand with subnanomolar affinity and subtype specificity.,metadata_pass_needs_fulltext,False,True,False
222,BDB-50580289,50580289,HDCIDGKVVBLQNA-UHFFFAOYSA-N,10.1021/acs.jmedchem.1c01155,34783558,,Structure-Based Design of Dual-Acting Compounds Targeting Adenosine A2A Receptor and Histone Deacetylase as Novel Tumor Immunotherapeutic Agents.,metadata_pass_needs_fulltext,False,True,False
223,BDB-50393169,50393169,HRBBCJVEDBRVEG-UHFFFAOYSA-N,10.1016/j.ejmech.2011.05.023,21664729,,"Synthesis and biological activity of tricyclic cycloalkylimidazo-, pyrimido- and diazepinopurinediones.",metadata_pass_needs_fulltext,False,True,False
224,BDB-50584629,50584629,UTSMDVBQXYDAIT-UHFFFAOYSA-N,10.1021/acs.jmedchem.1c01636,35068155,PMC8842224,"Optimization of 2-Amino-4,6-diarylpyrimidine-5-carbonitriles as Potent and Selective A1 Antagonists.",metadata_pass_fulltext_ready,True,True,False
225,BDB-50266052,50266052,VZEXLUMZSFKUJP-UHFFFAOYSA-N,10.1016/j.bmcl.2008.11.066,19059776,,Synthesis of 2-amino-5-benzoyl-4-(2-furyl)thiazoles as adenosine A(2A) receptor antagonists.,metadata_pass_needs_fulltext,False,True,False
226,BDB-50399560,50399560,QCJSUMWNJLEJCF-UHFFFAOYSA-N,10.1021/jm300899q,23098605,,"Exploring the directionality of 5-substitutions in a new series of 5-alkylaminopyrazolo[4,3-e]1,2,4-triazolo[1,5-c]pyrimidine as a strategy to design novel human a(3) adenosine receptor antagonists.",quarantine_target_not_supported,False,False,False
227,BDB-50392831,50392831,FSGLHDPNBSOZED-UHFFFAOYSA-N,10.1021/ml300097g,23342198,PMC3549271,"Structure-activity relationships and molecular modeling of 1,2,4-triazoles as adenosine receptor antagonists.",metadata_pass_needs_fulltext,False,True,False
228,BDB-50275914,50275914,HQGPRKKHKJMXJP-HXUWFJFHSA-N,10.1016/j.bmcl.2008.09.048,18835161,,"2,6-Diaryl-4-acylaminopyrimidines as potent and selective adenosine A(2A) antagonists with improved solubility and metabolic stability.",metadata_pass_requires_endpoint_resolution,False,True,False
229,BDB-50003212,50003212,WQNHFQJVMCIZLP-UHFFFAOYSA-N,10.1016/j.bmc.2008.01.002,18226909,,"1-, 3- and 8-substituted-9-deazaxanthines as potent and selective antagonists at the human A2B adenosine receptor.",metadata_pass_needs_fulltext,False,True,False
230,BDB-50237076,50237076,XHZNAIPWEJMXIP-UHFFFAOYSA-N,10.1016/j.bmcl.2008.02.032,18329269,,Synthesis of N-pyrimidinyl-2-phenoxyacetamides as adenosine A2A receptor antagonists.,metadata_pass_requires_endpoint_resolution,False,True,False
231,BDB-50399581,50399581,OTZPDZBHTVRFPM-UHFFFAOYSA-N,10.1021/jm300899q,23098605,,"Exploring the directionality of 5-substitutions in a new series of 5-alkylaminopyrazolo[4,3-e]1,2,4-triazolo[1,5-c]pyrimidine as a strategy to design novel human a(3) adenosine receptor antagonists.",quarantine_target_not_supported,False,False,False
232,BDB-50386113,50386113,HFQZOXVLNQONST-UHFFFAOYSA-N,10.1016/j.ejmech.2012.05.009,22677030,,"New chromene scaffolds for adenosine A(2A) receptors: synthesis, pharmacology and structure-activity relationships.",metadata_pass_needs_fulltext,False,True,False
233,BDB-50119131,50119131,OMYIZCDTYNHUGF-XWXWGSFUSA-N,10.1016/s0960-894x(02)00609-1,12270178,,Structure-affinity relationships of the affinity of 2-pyrazolyl adenosine analogues for the adenosine A2A receptor.,metadata_pass_needs_fulltext,False,True,False
234,BDB-50306792,50306792,CWYUCBLNLMTDMO-UHFFFAOYSA-N,10.1021/jm901647p,20095623,PMC2826142,Structure-based discovery of novel chemotypes for adenosine A(2A) receptor antagonists.,metadata_pass_fulltext_ready,True,True,False
235,BDB-50559039,50559039,XEABBZPOOUCNPW-UHFFFAOYSA-N,10.1016/j.ejmech.2019.111886,31787357,PMC7199890,Conjugable A3 adenosine receptor antagonists for the development of functionalized ligands and their use in fluorescent probes.,metadata_pass_fulltext_ready,True,True,False
236,BDB-50492059,50492059,DDDMPSVRAPVZGB-UHFFFAOYSA-N,10.1016/j.ejmech.2013.03.020,23685887,,"New insight into adenosine receptors selectivity derived from a novel series of [5-substituted-4-phenyl-1,3-thiazol-2-yl] benzamides and furamides.",metadata_pass_needs_fulltext,False,True,False
237,BDB-50139775,50139775,KOGRSSNNCJISAU-UHFFFAOYSA-N,10.1016/j.bmcl.2015.11.048,26781932,,Discovery of aminoquinazoline derivatives as human A(2A) adenosine receptor antagonists.,metadata_pass_requires_endpoint_resolution,False,True,False
238,BDB-50491508,50491508,IYRBFSDYGUWBKM-UHFFFAOYSA-N,10.1021/jm400336x,23631427,,"Dual targeting of adenosine A(2A) receptors and monoamine oxidase B by 4H-3,1-benzothiazin-4-ones.",metadata_pass_needs_fulltext,False,True,False
239,BDB-50555716,50555716,ILYCKBRKVXWUEH-UHFFFAOYSA-N,10.1016/j.ejmech.2020.112478,32659606,,"Discovery of first-in-class multi-target adenosine A2A receptor antagonists-carbonic anhydrase IX and XII inhibitors. 8-Amino-6-aryl-2-phenyl-1,2,4-triazolo [4,3-a]pyrazin-3-one derivatives as new potential antitumor agents.",metadata_pass_needs_fulltext,False,True,False
240,BDB-106375,106375,QIBAMLNBYLUZGF-UHFFFAOYSA-N,10.1111/cbdd.12131,23480235,,N-[9-(ortho-fluorobenzyl)-2-phenyl-8-azapurin-6-yl]-amides as potent and selective ligands for A₁ adenosine receptors.,metadata_pass_needs_fulltext,False,True,False
