review_record_id,candidate_id,standardized_inchikey,generic_murcko_scaffold_smiles,scaffold_member_count,scaffold_composition,evidence_quality,pass_1_status,source_prediction_status,model_id,prediction_pbind_ki,interval_lower_90,interval_upper_90,threshold_pbind_ki,threshold_provenance_status,interval_eligibility,applicability_status,nearest_neighbor_similarity,descriptor_distance,deterministic_review_eligibility,eligibility_reasons,human_disposition_status,human_decision,human_reviewer,human_notes
URQ-fa1f9e89da5ce556,BDB-106375,QIBAMLNBYLUZGF-UHFFFAOYSA-N,CC(CC1CC(C2CCCCC2)CC2C(CC3CCCCC3)CCC12)C1CCCC1,1,singleton,primary_metadata_requires_fulltext,metadata_pass_needs_fulltext,unavailable_or_rejected,,,,,,missing_or_rejected,not_assessed,not_assessed,,,blocked_missing_validated_prediction,validated_prediction_and_interval_unavailable,not_started_upstream_blocked,,,
URQ-5c05337b9b66e54d,BDB-14390,BNRNXUUZRGQAQC-UHFFFAOYSA-N,CC1CC(C2CCCC(C(C)(C)C3CCCCC3)C2)CC2CCCC12,1,singleton,primary_metadata_requires_fulltext,metadata_pass_needs_fulltext,unavailable_or_rejected,,,,,,missing_or_rejected,not_assessed,not_assessed,,,blocked_missing_validated_prediction,validated_prediction_and_interval_unavailable,not_started_upstream_blocked,,,
URQ-a64bcc9a27183b01,BDB-175385,CQMZWYQNQJMCCO-UHFFFAOYSA-N,CC(CCCC1CCCCC1)CCC1CCCC(C2CC3CC(C)CC(C)C3C2)C1,1,singleton,primary_metadata_requires_fulltext,metadata_pass_needs_fulltext,unavailable_or_rejected,,,,,,missing_or_rejected,not_assessed,not_assessed,,,blocked_missing_validated_prediction,validated_prediction_and_interval_unavailable,not_started_upstream_blocked,,,
URQ-0cba89f83ae38461,BDB-175399,IDGFGLTVKLOCMJ-UHFFFAOYSA-N,CC1CC(C)C2CC(C3CCCC(CCC(C)C4CCCCCC4)C3)CC2C1,1,singleton,primary_metadata_requires_fulltext,metadata_pass_needs_fulltext,unavailable_or_rejected,,,,,,missing_or_rejected,not_assessed,not_assessed,,,blocked_missing_validated_prediction,validated_prediction_and_interval_unavailable,not_started_upstream_blocked,,,
URQ-c90010dff090f260,BDB-175402,UFDSXJSHQYVRHF-UHFFFAOYSA-N,CC1CC(C)C2CC(C3CCCC(CCC(C)C4CCCC4)C3)CC2C1,1,singleton,primary_metadata_requires_fulltext,metadata_pass_needs_fulltext,unavailable_or_rejected,,,,,,missing_or_rejected,not_assessed,not_assessed,,,blocked_missing_validated_prediction,validated_prediction_and_interval_unavailable,not_started_upstream_blocked,,,
URQ-00d50770e8f0f14b,BDB-21199,MJCNLEGNWBNHCX-UHFFFAOYSA-N,CC(CC1CCCCCC1)CC1CC(C2CCCC2)CC(C2CCCC2)C1,1,singleton,endpoint_resolution_required,metadata_pass_requires_endpoint_resolution,unavailable_or_rejected,,,,,,missing_or_rejected,not_assessed,not_assessed,,,blocked_missing_validated_prediction,validated_prediction_and_interval_unavailable,not_started_upstream_blocked,,,
URQ-779d9e7939cf18e1,BDB-21212,FVYCZVOQAJZLBF-SFHVURJKSA-N,CC(CCC1CCCC1)CC1CC(C2CCCC2)CC(C2CCCC2)C1,1,singleton,endpoint_resolution_required,metadata_pass_requires_endpoint_resolution,unavailable_or_rejected,,,,,,missing_or_rejected,not_assessed,not_assessed,,,blocked_missing_validated_prediction,validated_prediction_and_interval_unavailable,not_started_upstream_blocked,,,
URQ-9902fdd5ecd6d7f6,BDB-21217,HQNVISKJTIKRQJ-UHFFFAOYSA-N,C1CCC2CC(C3CC4CCCCC4C3)CCC2C1,1,singleton,primary_metadata_requires_fulltext,metadata_pass_needs_fulltext,unavailable_or_rejected,,,,,,missing_or_rejected,not_assessed,not_assessed,,,blocked_missing_validated_prediction,validated_prediction_and_interval_unavailable,not_started_upstream_blocked,,,
URQ-04e97d205d5adfe9,BDB-26250,FKWNFEDFTOOVQH-UHFFFAOYSA-N,C1CCC(C2CCCC(C3CCCC(C4CCCC4)C3)C2)C1,1,singleton,primary_metadata_requires_fulltext,metadata_pass_needs_fulltext,unavailable_or_rejected,,,,,,missing_or_rejected,not_assessed,not_assessed,,,blocked_missing_validated_prediction,validated_prediction_and_interval_unavailable,not_started_upstream_blocked,,,
URQ-707818d9f4b2b921,BDB-35803,HKDRLLSZDIGQIK-UHFFFAOYSA-N,CC(CCC1CCCCC1)C1CCCCC1,1,singleton,endpoint_resolution_required,metadata_pass_requires_endpoint_resolution,unavailable_or_rejected,,,,,,missing_or_rejected,not_assessed,not_assessed,,,blocked_missing_validated_prediction,validated_prediction_and_interval_unavailable,not_started_upstream_blocked,,,
URQ-1e4782defdbcc6c3,BDB-35839,FOBLNBXDRQYXQV-UHFFFAOYSA-N,CC(CCC1CCCC1)C1CCCC(C2CCCC2)C1,1,singleton,endpoint_resolution_required,metadata_pass_requires_endpoint_resolution,unavailable_or_rejected,,,,,,missing_or_rejected,not_assessed,not_assessed,,,blocked_missing_validated_prediction,validated_prediction_and_interval_unavailable,not_started_upstream_blocked,,,
URQ-b841affce55df33a,BDB-44650,MYUCPCJDLCLXDA-UHFFFAOYSA-N,CC(C1CCCCC1)C1CCC2C(CCC3C4CCCCC4CC23)C1,1,singleton,primary_metadata_requires_fulltext,metadata_pass_needs_fulltext,unavailable_or_rejected,,,,,,missing_or_rejected,not_assessed,not_assessed,,,blocked_missing_validated_prediction,validated_prediction_and_interval_unavailable,not_started_upstream_blocked,,,
URQ-875c77a7885f4c6d,BDB-50003108,SJVLZHJJIWSOJI-UHFFFAOYSA-N,CC(CCC1CCC(C2CC3C(C)C(CC4CC4)C(C)C(CC4CC4)C3C2)CC1)C1CCC2CCCCC2C1,1,singleton,primary_metadata_requires_fulltext,metadata_pass_needs_fulltext,unavailable_or_rejected,,,,,,missing_or_rejected,not_assessed,not_assessed,,,blocked_missing_validated_prediction,validated_prediction_and_interval_unavailable,not_started_upstream_blocked,,,
URQ-413c470c335a36c2,BDB-50003151,KIDLMTBTXJXJRT-UHFFFAOYSA-N,CC1CC(C)C2CC(C3CCC(CCC(C)C4CCC(C(C)CC5CCCCC5)CC4)CC3)CC2C1,1,singleton,primary_metadata_requires_fulltext,metadata_pass_needs_fulltext,unavailable_or_rejected,,,,,,missing_or_rejected,not_assessed,not_assessed,,,blocked_missing_validated_prediction,validated_prediction_and_interval_unavailable,not_started_upstream_blocked,,,
URQ-bfe949b290076a06,BDB-50003212,WQNHFQJVMCIZLP-UHFFFAOYSA-N,CC1CC(C)C2CC(C3CCC(CCC(C)C4CCC(C(C)CCC5CCCCC5)CC4)CC3)CC2C1,1,singleton,primary_metadata_requires_fulltext,metadata_pass_needs_fulltext,unavailable_or_rejected,,,,,,missing_or_rejected,not_assessed,not_assessed,,,blocked_missing_validated_prediction,validated_prediction_and_interval_unavailable,not_started_upstream_blocked,,,
URQ-1e530d4520759255,BDB-50003233,FZSRIJONUFLHPK-UHFFFAOYSA-N,CC(CCC1CCC(C2CC3C(C)C(CC4CC4)C(C)C(CC4CC4)C3C2)CC1)C1CCC(C2CCCCC2)CC1,1,singleton,primary_metadata_requires_fulltext,metadata_pass_needs_fulltext,unavailable_or_rejected,,,,,,missing_or_rejected,not_assessed,not_assessed,,,blocked_missing_validated_prediction,validated_prediction_and_interval_unavailable,not_started_upstream_blocked,,,
URQ-12df534d4b6eac93,BDB-50011305,ZHQNOECYYOPOGK-AAAKGCLZSA-N,CC(CCCCC(C)C1CC(CCC(C2CCCCC2)C2CCCCC2)C2CCC(C3CCCC3)C2C1)CC1CCC(C2CCCCC2)CC1,1,singleton,quarantined_nonprimary_source,quarantine_nonprimary_source,unavailable_or_rejected,,,,,,missing_or_rejected,not_assessed,not_assessed,,,blocked_missing_validated_prediction,validated_prediction_and_interval_unavailable,not_started_upstream_blocked,,,
URQ-3d6522812edfedcb,BDB-50013702,FHZRSYFMJLJWBS-UHFFFAOYSA-N,C1CCCC(C2CCC3CCCCC32)CC1,1,singleton,primary_metadata_requires_fulltext,metadata_pass_needs_fulltext,unavailable_or_rejected,,,,,,missing_or_rejected,not_assessed,not_assessed,,,blocked_missing_validated_prediction,validated_prediction_and_interval_unavailable,not_started_upstream_blocked,,,
URQ-07bdea73cb1a3904,BDB-50018002,NPCYZVFLXAHEOX-UHFFFAOYSA-N,CC1CC(C)C2CC(C3CCC(CCC(C)CC4C(C)CCC4C)CC3)CC2C1,1,singleton,quarantined_target_not_supported,quarantine_target_not_supported,unavailable_or_rejected,,,,,,missing_or_rejected,not_assessed,not_assessed,,,blocked_missing_validated_prediction,validated_prediction_and_interval_unavailable,not_started_upstream_blocked,,,
URQ-8b5d3eb90d41072f,BDB-50022732,SJGRLFUUACZQRA-UHFFFAOYSA-N,C1CC2CC3CCCC3CC2C1,1,singleton,quarantined_target_not_supported,quarantine_target_not_supported,unavailable_or_rejected,,,,,,missing_or_rejected,not_assessed,not_assessed,,,blocked_missing_validated_prediction,validated_prediction_and_interval_unavailable,not_started_upstream_blocked,,,
URQ-ff18aeb812199936,BDB-50023391,MMUQMGJPHOIRRP-UHFFFAOYSA-N,CC1CC2CC(C3CCCCC3)CC2C(C)C1CC1CCCCC1,1,singleton,quarantined_target_not_supported,quarantine_target_not_supported,unavailable_or_rejected,,,,,,missing_or_rejected,not_assessed,not_assessed,,,blocked_missing_validated_prediction,validated_prediction_and_interval_unavailable,not_started_upstream_blocked,,,
URQ-896093df205ae270,BDB-50026819,MUXUIVVLQXFMRX-CXJTVLAKSA-N,CC(CCCCC1CCC2CC(C)CC12)CC1CCC(CC(C)CCC2CCC(CCCC3CCC4CCC(C5CCCC5)C4C3)CC2)CC1,1,singleton,primary_metadata_requires_fulltext,metadata_pass_needs_fulltext,unavailable_or_rejected,,,,,,missing_or_rejected,not_assessed,not_assessed,,,blocked_missing_validated_prediction,validated_prediction_and_interval_unavailable,not_started_upstream_blocked,,,
URQ-dbbaf5def0b01d5f,BDB-50038005,GJLCUFJWXOCCCT-UHFFFAOYSA-N,CC1C(CC2CCCCC2)CC(C2CCCC2)C2C3CC(C4CCCCC4)CC3CCC12,1,singleton,primary_metadata_requires_fulltext,metadata_pass_needs_fulltext,unavailable_or_rejected,,,,,,missing_or_rejected,not_assessed,not_assessed,,,blocked_missing_validated_prediction,validated_prediction_and_interval_unavailable,not_started_upstream_blocked,,,
URQ-a82160baee544cff,BDB-50047917,ZUZUSCXGJHXEMB-WXAVEZDYSA-N,C1CCC(CCC2CC(CC3CC3C3CCCCC3)C3CCC(C4CCCC4)C3C2)CC1,1,singleton,source_fulltext_ready,metadata_pass_fulltext_ready,unavailable_or_rejected,,,,,,missing_or_rejected,not_assessed,not_assessed,,,blocked_missing_validated_prediction,validated_prediction_and_interval_unavailable,not_started_upstream_blocked,,,
URQ-c94db34457c2b728,BDB-50047987,NRSCJCCACLWGQC-UHFFFAOYSA-N,CC(CC1CCCCC1)CC1CCCC2CC(C3CCCC3)CC12,1,singleton,quarantined_target_not_supported,quarantine_target_not_supported,unavailable_or_rejected,,,,,,missing_or_rejected,not_assessed,not_assessed,,,blocked_missing_validated_prediction,validated_prediction_and_interval_unavailable,not_started_upstream_blocked,,,
URQ-cd701581293b41e6,BDB-50047995,MBXDLCHXRJJXPM-UHFFFAOYSA-N,C1CCC(C2CC3CCCC(CC4CC4)C3C2)C1,1,singleton,quarantined_target_not_supported,quarantine_target_not_supported,unavailable_or_rejected,,,,,,missing_or_rejected,not_assessed,not_assessed,,,blocked_missing_validated_prediction,validated_prediction_and_interval_unavailable,not_started_upstream_blocked,,,
URQ-dec6837e91a35f4c,BDB-50048017,RDPQQFRZIZWHKI-UHFFFAOYSA-N,C1CCC(C2CCC(CCC3CCCC4CC(C5CCCC5)CC34)CC2)CC1,1,singleton,quarantined_target_not_supported,quarantine_target_not_supported,unavailable_or_rejected,,,,,,missing_or_rejected,not_assessed,not_assessed,,,blocked_missing_validated_prediction,validated_prediction_and_interval_unavailable,not_started_upstream_blocked,,,
URQ-da36e65251f2ced6,BDB-50048061,AISRPRRMNYPGJX-UHFFFAOYSA-N,CC(CCCC1CCCCC1)C1CCC(CCC2CCCCC2)C2CC(C3CCCC3)CC12,1,singleton,quarantined_target_not_supported,quarantine_target_not_supported,unavailable_or_rejected,,,,,,missing_or_rejected,not_assessed,not_assessed,,,blocked_missing_validated_prediction,validated_prediction_and_interval_unavailable,not_started_upstream_blocked,,,
URQ-f40aacffc682b5e4,BDB-50055085,OYGJIKRTCDDVRM-UHFFFAOYSA-N,C1CCC(CC2CCC3CC(C4CCCCC4)CC3C2)CC1,1,singleton,primary_metadata_requires_fulltext,metadata_pass_needs_fulltext,unavailable_or_rejected,,,,,,missing_or_rejected,not_assessed,not_assessed,,,blocked_missing_validated_prediction,validated_prediction_and_interval_unavailable,not_started_upstream_blocked,,,
URQ-8bb021422ffb8212,BDB-50064625,MEMQHGHFQKPZOS-UHFFFAOYSA-N,CC(CC1CC2CCCCC2C1)C1CCC(CC2CCCCC2)C1,1,singleton,primary_metadata_requires_fulltext,metadata_pass_needs_fulltext,unavailable_or_rejected,,,,,,missing_or_rejected,not_assessed,not_assessed,,,blocked_missing_validated_prediction,validated_prediction_and_interval_unavailable,not_started_upstream_blocked,,,
URQ-4b633d359383c5aa,BDB-50080287,KQKYOWHVYGWBHO-UHFFFAOYSA-N,CC1CCCC1CCCC1CC(C2CCCCC2)CC2CCCC12,1,singleton,primary_metadata_requires_fulltext,metadata_pass_needs_fulltext,unavailable_or_rejected,,,,,,missing_or_rejected,not_assessed,not_assessed,,,blocked_missing_validated_prediction,validated_prediction_and_interval_unavailable,not_started_upstream_blocked,,,
URQ-786566bcf807dc89,BDB-50083915,UUFLIBCXLXMTGF-UHFFFAOYSA-N,CC1C(C2CCCC2)CCC2CC3CCCCC3C21,1,singleton,primary_metadata_requires_fulltext,metadata_pass_needs_fulltext,unavailable_or_rejected,,,,,,missing_or_rejected,not_assessed,not_assessed,,,blocked_missing_validated_prediction,validated_prediction_and_interval_unavailable,not_started_upstream_blocked,,,
URQ-c1add88651e36aa2,BDB-50083916,CQXMRLNWXNWPSV-UHFFFAOYSA-N,CC1C(C2CCCCC2)CCC2CC3CCCCC3C21,1,singleton,primary_metadata_requires_fulltext,metadata_pass_needs_fulltext,unavailable_or_rejected,,,,,,missing_or_rejected,not_assessed,not_assessed,,,blocked_missing_validated_prediction,validated_prediction_and_interval_unavailable,not_started_upstream_blocked,,,
URQ-285d6411ab15099d,BDB-50085666,NANAINBLSKKKCP-YRIIQKNPSA-N,C1CCC(C(CCC2CC(CCCC3CCCC3)CC3C(C4CCCC4)CCC23)C2CCCCC2)CC1,1,singleton,endpoint_resolution_required,metadata_pass_requires_endpoint_resolution,unavailable_or_rejected,,,,,,missing_or_rejected,not_assessed,not_assessed,,,blocked_missing_validated_prediction,validated_prediction_and_interval_unavailable,not_started_upstream_blocked,,,
URQ-7c65a4296afc70ff,BDB-50091143,CYSDHZJPDQKSJB-UHFFFAOYSA-N,C1CCC(CCCC2CC3CCCCC3C3CC(C4CCCCC4)CC23)CC1,1,singleton,primary_metadata_requires_fulltext,metadata_pass_needs_fulltext,unavailable_or_rejected,,,,,,missing_or_rejected,not_assessed,not_assessed,,,blocked_missing_validated_prediction,validated_prediction_and_interval_unavailable,not_started_upstream_blocked,,,
URQ-312d898e001e3b64,BDB-50095788,OGMPGZVDXMCVJD-UHFFFAOYSA-N,C1CCC(CCC2CCC3CC(C4CCCCC4)CC3C2)CC1,1,singleton,endpoint_resolution_required,metadata_pass_requires_endpoint_resolution,unavailable_or_rejected,,,,,,missing_or_rejected,not_assessed,not_assessed,,,blocked_missing_validated_prediction,validated_prediction_and_interval_unavailable,not_started_upstream_blocked,,,
URQ-60b150c35cbd6a36,BDB-50102281,JYELSORFHCQDSM-UHFFFAOYSA-N,CC1C(C2CCCCC2)CCC2C(CC3CCCCC3)C3CCCCC3C12,1,singleton,primary_metadata_requires_fulltext,metadata_pass_needs_fulltext,unavailable_or_rejected,,,,,,missing_or_rejected,not_assessed,not_assessed,,,blocked_missing_validated_prediction,validated_prediction_and_interval_unavailable,not_started_upstream_blocked,,,
URQ-8633c662336eb3aa,BDB-50102286,LAKWSLSTUWRCOM-UHFFFAOYSA-N,CC1C(C2CCCC2)CCC2C(CC3CCCCC3)C3CCCCC3C12,1,singleton,primary_metadata_requires_fulltext,metadata_pass_needs_fulltext,unavailable_or_rejected,,,,,,missing_or_rejected,not_assessed,not_assessed,,,blocked_missing_validated_prediction,validated_prediction_and_interval_unavailable,not_started_upstream_blocked,,,
URQ-66aeedd5a4a20598,BDB-50108038,UIAWUQHFYVTKHM-UHFFFAOYSA-N,CC(C)(C1CCCCC1)C1CCC(CCC2CCC3C2CCC2CC(C4CCCC4)CC23)CC1,1,singleton,primary_metadata_requires_fulltext,metadata_pass_needs_fulltext,unavailable_or_rejected,,,,,,missing_or_rejected,not_assessed,not_assessed,,,blocked_missing_validated_prediction,validated_prediction_and_interval_unavailable,not_started_upstream_blocked,,,
URQ-950f208191bc8ff9,BDB-50116381,MRCLOFVOQWMJPM-UHFFFAOYSA-N,CC1C(CC2CCCCC2)C(C)C2C3CCCCC3CC2C1CC1CCCCC1,1,singleton,primary_metadata_requires_fulltext,metadata_pass_needs_fulltext,unavailable_or_rejected,,,,,,missing_or_rejected,not_assessed,not_assessed,,,blocked_missing_validated_prediction,validated_prediction_and_interval_unavailable,not_started_upstream_blocked,,,
URQ-f5e315cb14a11420,BDB-50116384,SGNCTBLOFLIZCK-UHFFFAOYSA-N,CC1C(CC2CC2)C(C)C2C3CCCCC3CC2C1CC1CCCCC1,1,singleton,primary_metadata_requires_fulltext,metadata_pass_needs_fulltext,unavailable_or_rejected,,,,,,missing_or_rejected,not_assessed,not_assessed,,,blocked_missing_validated_prediction,validated_prediction_and_interval_unavailable,not_started_upstream_blocked,,,
URQ-4fc12bc499992929,BDB-50119131,OMYIZCDTYNHUGF-XWXWGSFUSA-N,CC(CC1CCCC1)C1CCC(C2CCC3CCC(C4CCCC4)C3C2)C1,1,singleton,primary_metadata_requires_fulltext,metadata_pass_needs_fulltext,unavailable_or_rejected,,,,,,missing_or_rejected,not_assessed,not_assessed,,,blocked_missing_validated_prediction,validated_prediction_and_interval_unavailable,not_started_upstream_blocked,,,
URQ-eee89fba34b098ff,BDB-50119157,GAQVVAKOAPHOLM-VGKBRBPRSA-N,C1CCC(CCC2CCC(C3CCC4CCC(C5CCCC5)C4C3)C2)CC1,1,singleton,primary_metadata_requires_fulltext,metadata_pass_needs_fulltext,unavailable_or_rejected,,,,,,missing_or_rejected,not_assessed,not_assessed,,,blocked_missing_validated_prediction,validated_prediction_and_interval_unavailable,not_started_upstream_blocked,,,
URQ-18b80d2c17a6937c,BDB-50120761,BSNJZTLENAKNNX-UHFFFAOYSA-N,CC(CC1CC(C2CCCCC2)CC2CCCC21)C1CCCC1,1,singleton,primary_metadata_requires_fulltext,metadata_pass_needs_fulltext,unavailable_or_rejected,,,,,,missing_or_rejected,not_assessed,not_assessed,,,blocked_missing_validated_prediction,validated_prediction_and_interval_unavailable,not_started_upstream_blocked,,,
URQ-95ecd8470f04dc54,BDB-50133368,OOTVLKSCGYKBDY-UHFFFAOYSA-N,CC(CC1CCCC2CCCCC21)CC1CC2CC(CCCC3CCCCC3)CC2C2CC(C3CCCC3)CC12,1,singleton,primary_metadata_requires_fulltext,metadata_pass_needs_fulltext,unavailable_or_rejected,,,,,,missing_or_rejected,not_assessed,not_assessed,,,blocked_missing_validated_prediction,validated_prediction_and_interval_unavailable,not_started_upstream_blocked,,,
URQ-7736623d26fd4a45,BDB-50137520,HFNKEYSOOSBXSY-UHFFFAOYSA-N,CC(CC1CCCC2CC(C3CCCC3)CC12)C1CCCCC1,1,singleton,quarantined_target_not_supported,quarantine_target_not_supported,unavailable_or_rejected,,,,,,missing_or_rejected,not_assessed,not_assessed,,,blocked_missing_validated_prediction,validated_prediction_and_interval_unavailable,not_started_upstream_blocked,,,
URQ-e0ae84a5cef818bf,BDB-50137522,PBXFOUQUQNIFAX-UHFFFAOYSA-N,CC(CC1CCCCC1)CC1CC(CC2CCCCC2)CC2CC(C3CCCC3)CC12,1,singleton,quarantined_target_not_supported,quarantine_target_not_supported,unavailable_or_rejected,,,,,,missing_or_rejected,not_assessed,not_assessed,,,blocked_missing_validated_prediction,validated_prediction_and_interval_unavailable,not_started_upstream_blocked,,,
URQ-7afda572f8e8376b,BDB-50137530,XDBHEXCFNGFAMS-UHFFFAOYSA-N,CC(CC1CCCCC1)CC1CC(CCC2CCCCC2)CC2CC(C3CCCC3)CC12,1,singleton,quarantined_target_not_supported,quarantine_target_not_supported,unavailable_or_rejected,,,,,,missing_or_rejected,not_assessed,not_assessed,,,blocked_missing_validated_prediction,validated_prediction_and_interval_unavailable,not_started_upstream_blocked,,,
URQ-8156a4801c1a6f24,BDB-50137635,MFDDHVJCVCVPIP-UHFFFAOYSA-N,C1CCC(CCC2CC(CC3CCCCC3)CC3CC(C4CCCC4)CC23)CC1,1,singleton,quarantined_target_not_supported,quarantine_target_not_supported,unavailable_or_rejected,,,,,,missing_or_rejected,not_assessed,not_assessed,,,blocked_missing_validated_prediction,validated_prediction_and_interval_unavailable,not_started_upstream_blocked,,,
URQ-11b9951868ec90d9,BDB-50139711,DHTUIDHJRHTUOI-UHFFFAOYSA-N,C1CCC(C2CCC(C3CCCCC3)C2)CC1,1,singleton,endpoint_resolution_required,metadata_pass_requires_endpoint_resolution,unavailable_or_rejected,,,,,,missing_or_rejected,not_assessed,not_assessed,,,blocked_missing_validated_prediction,validated_prediction_and_interval_unavailable,not_started_upstream_blocked,,,
URQ-6e296a0104ae8c0d,BDB-50139722,XLTCCJIUIMYSBX-UHFFFAOYSA-N,CC(CCCC1CCCCC1)CC1CCCCC1,1,singleton,endpoint_resolution_required,metadata_pass_requires_endpoint_resolution,unavailable_or_rejected,,,,,,missing_or_rejected,not_assessed,not_assessed,,,blocked_missing_validated_prediction,validated_prediction_and_interval_unavailable,not_started_upstream_blocked,,,
URQ-3f0e446d8802add5,BDB-50139728,PDTFIAGWAGDHCW-UHFFFAOYSA-N,C1CCC(CCCCCC2CCCCC2)CC1,1,singleton,endpoint_resolution_required,metadata_pass_requires_endpoint_resolution,unavailable_or_rejected,,,,,,missing_or_rejected,not_assessed,not_assessed,,,blocked_missing_validated_prediction,validated_prediction_and_interval_unavailable,not_started_upstream_blocked,,,
URQ-0c662cb8af53f053,BDB-50139734,JBZHGBGUPKQCBU-UHFFFAOYSA-N,CC(CCCC1CCC2CCCCC2C1)CC1CCCCC1,1,singleton,endpoint_resolution_required,metadata_pass_requires_endpoint_resolution,unavailable_or_rejected,,,,,,missing_or_rejected,not_assessed,not_assessed,,,blocked_missing_validated_prediction,validated_prediction_and_interval_unavailable,not_started_upstream_blocked,,,
URQ-38043a0011a13bce,BDB-50139768,DVGQDYYVGLUGNW-UHFFFAOYSA-N,CC(CCC1CCCC2CCCCC21)C1CCCC2CCCCC21,1,singleton,endpoint_resolution_required,metadata_pass_requires_endpoint_resolution,unavailable_or_rejected,,,,,,missing_or_rejected,not_assessed,not_assessed,,,blocked_missing_validated_prediction,validated_prediction_and_interval_unavailable,not_started_upstream_blocked,,,
URQ-e5375f59daeaa871,BDB-50139775,KOGRSSNNCJISAU-UHFFFAOYSA-N,CC(CCC1CCCC2CCCCC21)C1CCCC2C(C3CCCCC3)CCCC12,1,singleton,endpoint_resolution_required,metadata_pass_requires_endpoint_resolution,unavailable_or_rejected,,,,,,missing_or_rejected,not_assessed,not_assessed,,,blocked_missing_validated_prediction,validated_prediction_and_interval_unavailable,not_started_upstream_blocked,,,
URQ-d5a013c026fce19f,BDB-50139817,FIBSWIHKNWCKJD-UHFFFAOYSA-N,CC(CCC1CCCC2CCC(C)C12)C1CCCC2CCCCC21,1,singleton,endpoint_resolution_required,metadata_pass_requires_endpoint_resolution,unavailable_or_rejected,,,,,,missing_or_rejected,not_assessed,not_assessed,,,blocked_missing_validated_prediction,validated_prediction_and_interval_unavailable,not_started_upstream_blocked,,,
URQ-f66d7ac173bdd865,BDB-50139836,WKZDIXJLBNRISL-UHFFFAOYSA-N,CC(CCC1CCCC2CC(C(C)C3CCCC4CCCCC43)CCC12)C1CCCC2CCCCC21,1,singleton,endpoint_resolution_required,metadata_pass_requires_endpoint_resolution,unavailable_or_rejected,,,,,,missing_or_rejected,not_assessed,not_assessed,,,blocked_missing_validated_prediction,validated_prediction_and_interval_unavailable,not_started_upstream_blocked,,,
URQ-240cbd1eb7d93e58,BDB-50141449,SBJQACFELVSXPD-IWCJZZDYSA-N,CC(CC1CCCCC1)CC1CCC2CCC(C3CCCC3)C2C1,1,singleton,primary_metadata_requires_fulltext,metadata_pass_needs_fulltext,unavailable_or_rejected,,,,,,missing_or_rejected,not_assessed,not_assessed,,,blocked_missing_validated_prediction,validated_prediction_and_interval_unavailable,not_started_upstream_blocked,,,
URQ-b7f549fda30da472,BDB-50141455,DDCUXRNACUVAKE-HGBQRMJASA-N,CC(CC1CCC2CCC(C3CCCC3)C2C1)CCC1CCCCC1,1,singleton,primary_metadata_requires_fulltext,metadata_pass_needs_fulltext,unavailable_or_rejected,,,,,,missing_or_rejected,not_assessed,not_assessed,,,blocked_missing_validated_prediction,validated_prediction_and_interval_unavailable,not_started_upstream_blocked,,,
URQ-356195ee4a160817,BDB-50141456,RZWYFQWUSTWXOT-XKLVTHTNSA-N,CC(CCC1CCCCC1)CC1CCC2CCC(C3CCCC3)C2C1,1,singleton,primary_metadata_requires_fulltext,metadata_pass_needs_fulltext,unavailable_or_rejected,,,,,,missing_or_rejected,not_assessed,not_assessed,,,blocked_missing_validated_prediction,validated_prediction_and_interval_unavailable,not_started_upstream_blocked,,,
URQ-334668f23fe0e93f,BDB-50147637,LUUSEYRGIWCHGC-UHFFFAOYSA-N,CC(C1CCCCC1)C1CCC2CC(C3CCCC3)CC2C1,1,singleton,quarantined_target_not_supported,quarantine_target_not_supported,unavailable_or_rejected,,,,,,missing_or_rejected,not_assessed,not_assessed,,,blocked_missing_validated_prediction,validated_prediction_and_interval_unavailable,not_started_upstream_blocked,,,
URQ-634c42dc636e3d50,BDB-50147876,RCDDAILWTKWNPX-UHFFFAOYSA-N,CC1CCC2CCC(C3CCCCC3)CC2C1,1,singleton,primary_metadata_requires_fulltext,metadata_pass_needs_fulltext,unavailable_or_rejected,,,,,,missing_or_rejected,not_assessed,not_assessed,,,blocked_missing_validated_prediction,validated_prediction_and_interval_unavailable,not_started_upstream_blocked,,,
URQ-4d65a927cc6029ac,BDB-50152092,LHHKPNOHZCRPQI-CUVLRLMBSA-N,C1CCC(CCC2CC(C3CCC(C4CCCCC4)C3)CC3C(C4CCCC4)CCC23)CC1,1,singleton,primary_metadata_requires_fulltext,metadata_pass_needs_fulltext,unavailable_or_rejected,,,,,,missing_or_rejected,not_assessed,not_assessed,,,blocked_missing_validated_prediction,validated_prediction_and_interval_unavailable,not_started_upstream_blocked,,,
URQ-3fabd687a8e0ecca,BDB-50156616,FARQWWRBQXFTDH-RDJZCZTQSA-N,C1CCC(CCC2CCC3CC(C4CCC5CC(C6CCCC6)CC5C4)CCC3C2)CC1,1,singleton,primary_metadata_requires_fulltext,metadata_pass_needs_fulltext,unavailable_or_rejected,,,,,,missing_or_rejected,not_assessed,not_assessed,,,blocked_missing_validated_prediction,validated_prediction_and_interval_unavailable,not_started_upstream_blocked,,,
URQ-c0bd0743366e6c3b,BDB-50170827,TYCRGJHWMDJLCO-UHFFFAOYSA-N,C1CCC(C2CCC(CC3CC4CCCC4C(CC4CC5CCC4C5)C3)CC2)CC1,1,singleton,primary_metadata_requires_fulltext,metadata_pass_needs_fulltext,unavailable_or_rejected,,,,,,missing_or_rejected,not_assessed,not_assessed,,,blocked_missing_validated_prediction,validated_prediction_and_interval_unavailable,not_started_upstream_blocked,,,
URQ-fd61a3a61988c4bb,BDB-50171290,HMXDWDSNPRNUKI-UHFFFAOYSA-N,CC(CC1CCCCC1)C1CC(C2CCCCC2)C(C2CCCCC2)C1,1,singleton,quarantined_target_not_supported,quarantine_target_not_supported,unavailable_or_rejected,,,,,,missing_or_rejected,not_assessed,not_assessed,,,blocked_missing_validated_prediction,validated_prediction_and_interval_unavailable,not_started_upstream_blocked,,,
URQ-902d7025a27251d6,BDB-50171753,NOPDFTZVAJQFFF-UHFFFAOYSA-N,CC(CCCC1CCCCC1)C1CCC2CCCCC2C1,1,singleton,primary_metadata_requires_fulltext,metadata_pass_needs_fulltext,unavailable_or_rejected,,,,,,missing_or_rejected,not_assessed,not_assessed,,,blocked_missing_validated_prediction,validated_prediction_and_interval_unavailable,not_started_upstream_blocked,,,
URQ-63abbbd6f561ffd0,BDB-50171773,GFTOIPQCHLKALF-UHFFFAOYSA-N,C1CCC(CC2CCC3CCCCC3C2)CC1,1,singleton,primary_metadata_requires_fulltext,metadata_pass_needs_fulltext,unavailable_or_rejected,,,,,,missing_or_rejected,not_assessed,not_assessed,,,blocked_missing_validated_prediction,validated_prediction_and_interval_unavailable,not_started_upstream_blocked,,,
URQ-51eb634654e8864d,BDB-50176819,JPKVNXGYCSFLGI-UHFFFAOYSA-N,C1CCC(CCC2CCC3C(CCC4CCCCC4)CCCC23)CC1,1,singleton,primary_metadata_requires_fulltext,metadata_pass_needs_fulltext,unavailable_or_rejected,,,,,,missing_or_rejected,not_assessed,not_assessed,,,blocked_missing_validated_prediction,validated_prediction_and_interval_unavailable,not_started_upstream_blocked,,,
URQ-8c0d15292a44e339,BDB-50179301,LYALQSWCHUWEAF-UHFFFAOYSA-N,C1CC2C3CCCC3C3CCCC3C2C1,1,singleton,primary_metadata_requires_fulltext,metadata_pass_needs_fulltext,unavailable_or_rejected,,,,,,missing_or_rejected,not_assessed,not_assessed,,,blocked_missing_validated_prediction,validated_prediction_and_interval_unavailable,not_started_upstream_blocked,,,
URQ-4a380c366606aee6,BDB-50180205,AZMGORPHNMBVBU-KSVNGYGVSA-N,CC(CC1CC1)C1CCC(C2CCC3C(CCC4CCCCC4)CCCC32)C1,1,singleton,quarantined_target_not_supported,quarantine_target_not_supported,unavailable_or_rejected,,,,,,missing_or_rejected,not_assessed,not_assessed,,,blocked_missing_validated_prediction,validated_prediction_and_interval_unavailable,not_started_upstream_blocked,,,
URQ-b2355ab6b2588b5b,BDB-50187588,DJMAOAZZXABOFN-UHFFFAOYSA-N,CC1CC(C)C2C(C1)CC1C(C3CCC(CCCC4CCCCC4)CC3)CCCC12,1,singleton,primary_metadata_requires_fulltext,metadata_pass_needs_fulltext,unavailable_or_rejected,,,,,,missing_or_rejected,not_assessed,not_assessed,,,blocked_missing_validated_prediction,validated_prediction_and_interval_unavailable,not_started_upstream_blocked,,,
URQ-7bc953d5e631547c,BDB-50189175,GMRJTVNCPZHTOX-UHFFFAOYSA-N,CC(CCC1CCCCC1)C(CC1CCCCC1)C1CC2CCCCC2C1,1,singleton,primary_metadata_requires_fulltext,metadata_pass_needs_fulltext,unavailable_or_rejected,,,,,,missing_or_rejected,not_assessed,not_assessed,,,blocked_missing_validated_prediction,validated_prediction_and_interval_unavailable,not_started_upstream_blocked,,,
URQ-c1625c5656c6c0ae,BDB-50189817,CVTMECIYXVPNLC-UHFFFAOYSA-N,CC(CC1CC2CCCCC2C2C(C)C(C3CCCCC3)CC12)C(C1CCCCC1)C1CCCCC1,1,singleton,quarantined_target_not_supported,quarantine_target_not_supported,unavailable_or_rejected,,,,,,missing_or_rejected,not_assessed,not_assessed,,,blocked_missing_validated_prediction,validated_prediction_and_interval_unavailable,not_started_upstream_blocked,,,
URQ-d92d66ecc02190da,BDB-50194816,SVNVSTDRFRAKND-UHFFFAOYSA-N,C1CCC(CCC2CCCC(C3CCCCC3)C2)CC1,1,singleton,endpoint_resolution_required,metadata_pass_requires_endpoint_resolution,unavailable_or_rejected,,,,,,missing_or_rejected,not_assessed,not_assessed,,,blocked_missing_validated_prediction,validated_prediction_and_interval_unavailable,not_started_upstream_blocked,,,
URQ-4a6e0dbe05bfa350,BDB-50196544,JTJKCSSYQFNNON-WVSUBDOOSA-N,C1CCC2CC(CC3CC(C4CCCC4)CC4C(C5CCCC5)CCC34)CCC2C1,1,singleton,primary_metadata_requires_fulltext,metadata_pass_needs_fulltext,unavailable_or_rejected,,,,,,missing_or_rejected,not_assessed,not_assessed,,,blocked_missing_validated_prediction,validated_prediction_and_interval_unavailable,not_started_upstream_blocked,,,
URQ-11fa1f4825513e38,BDB-50196551,FFXMREHKIUCCAM-WVSUBDOOSA-N,C1CCC(CC2CC(C3CCCC3)CC3C(C4CCCC4)CCC23)CC1,1,singleton,primary_metadata_requires_fulltext,metadata_pass_needs_fulltext,unavailable_or_rejected,,,,,,missing_or_rejected,not_assessed,not_assessed,,,blocked_missing_validated_prediction,validated_prediction_and_interval_unavailable,not_started_upstream_blocked,,,
URQ-575f302cc6713e95,BDB-50199460,YLEQGEOHZFVIAR-QZUDQQPUSA-N,C1CC(C(CC2CCCC3C2CCC3C2CCC3CC32)C2CC2)C1,1,singleton,quarantined_target_not_supported,quarantine_target_not_supported,unavailable_or_rejected,,,,,,missing_or_rejected,not_assessed,not_assessed,,,blocked_missing_validated_prediction,validated_prediction_and_interval_unavailable,not_started_upstream_blocked,,,
URQ-45ab62589e88c7b7,BDB-50199463,PWANAKRSKQRVSS-QKZATRHHSA-N,C1CC(CC(C2CC2)C2CC2)C2CCC(C3CCC4CC43)C2C1,1,singleton,quarantined_target_not_supported,quarantine_target_not_supported,unavailable_or_rejected,,,,,,missing_or_rejected,not_assessed,not_assessed,,,blocked_missing_validated_prediction,validated_prediction_and_interval_unavailable,not_started_upstream_blocked,,,
URQ-367a9d1aaedde618,BDB-50202575,MXNGBNYQJCQGEV-PFHKOEEOSA-N,CC(CCC1CCCC2C(C3CCCC3)CCC12)CC1CCCC1,1,singleton,quarantined_target_not_supported,quarantine_target_not_supported,unavailable_or_rejected,,,,,,missing_or_rejected,not_assessed,not_assessed,,,blocked_missing_validated_prediction,validated_prediction_and_interval_unavailable,not_started_upstream_blocked,,,
URQ-e1201a6ec9832516,BDB-50202985,NCRDZJIYEHKXFL-UHFFFAOYSA-N,C1CCC(C2CCC(CCC3CCC4C3CCC3CC(C5CCCC5)CC34)CC2)CC1,1,singleton,endpoint_resolution_required,metadata_pass_requires_endpoint_resolution,unavailable_or_rejected,,,,,,missing_or_rejected,not_assessed,not_assessed,,,blocked_missing_validated_prediction,validated_prediction_and_interval_unavailable,not_started_upstream_blocked,,,
URQ-52e534f0708ffbf3,BDB-50208784,LCDBQJZQQFLFGG-QTQZEZTPSA-N,C(CC1CCC2CCCCC2C1)CC1CCC2CCC(C3CCCC3)C2C1,1,singleton,quarantined_target_not_supported,quarantine_target_not_supported,unavailable_or_rejected,,,,,,missing_or_rejected,not_assessed,not_assessed,,,blocked_missing_validated_prediction,validated_prediction_and_interval_unavailable,not_started_upstream_blocked,,,
URQ-1ae805f8292bf9e1,BDB-50208811,ZJDAEJJMDHYEGB-HUBRGWSESA-N,CC(C)(C1CCCCC1)C1C(CCCC2CCC3CCC(C4CCCC4)C3C2)CC2CCCCC21,1,singleton,quarantined_target_not_supported,quarantine_target_not_supported,unavailable_or_rejected,,,,,,missing_or_rejected,not_assessed,not_assessed,,,blocked_missing_validated_prediction,validated_prediction_and_interval_unavailable,not_started_upstream_blocked,,,
URQ-ed7dd0253bce3f3e,BDB-50211077,KLLJKZAKUJQFQR-UHFFFAOYSA-N,C1CCC(CCCC2CCC3CC(C4CCCC4)CC3C2)CC1,1,singleton,primary_metadata_requires_fulltext,metadata_pass_needs_fulltext,unavailable_or_rejected,,,,,,missing_or_rejected,not_assessed,not_assessed,,,blocked_missing_validated_prediction,validated_prediction_and_interval_unavailable,not_started_upstream_blocked,,,
URQ-55bf6f657029c785,BDB-50232048,NRRYCEINQLPTLE-UHFFFAOYSA-N,CC1CC(C)C2CC(C3CCC(CC4CCC(C5CCCCC5)C4C)C3)CC2C1,1,singleton,quarantined_target_not_supported,quarantine_target_not_supported,unavailable_or_rejected,,,,,,missing_or_rejected,not_assessed,not_assessed,,,blocked_missing_validated_prediction,validated_prediction_and_interval_unavailable,not_started_upstream_blocked,,,
URQ-722f7ab856cffdc5,BDB-50232049,FTYUKYLDBALLID-UHFFFAOYSA-N,CC1CC(C)C2CC(C3CCC(CC(C)C4CCC(C5CCCCC5)CC4)C3)CC2C1,1,singleton,quarantined_target_not_supported,quarantine_target_not_supported,unavailable_or_rejected,,,,,,missing_or_rejected,not_assessed,not_assessed,,,blocked_missing_validated_prediction,validated_prediction_and_interval_unavailable,not_started_upstream_blocked,,,
URQ-c7101502001ee5b4,BDB-50237076,XHZNAIPWEJMXIP-UHFFFAOYSA-N,CC(CCC1CCCCC1)CC1CC(C2CCCC2)CC(C2CCCC2)C1,1,singleton,endpoint_resolution_required,metadata_pass_requires_endpoint_resolution,unavailable_or_rejected,,,,,,missing_or_rejected,not_assessed,not_assessed,,,blocked_missing_validated_prediction,validated_prediction_and_interval_unavailable,not_started_upstream_blocked,,,
URQ-b45f476d26098368,BDB-50237093,FLJKEYOWOUCFNJ-UHFFFAOYSA-N,CC(CCC1CCCC(CCC2CCCCC2)C1)CC1CC(C2CCCC2)CC(C2CCCC2)C1,1,singleton,endpoint_resolution_required,metadata_pass_requires_endpoint_resolution,unavailable_or_rejected,,,,,,missing_or_rejected,not_assessed,not_assessed,,,blocked_missing_validated_prediction,validated_prediction_and_interval_unavailable,not_started_upstream_blocked,,,
URQ-8f3d884be96209e3,BDB-50247456,JTOBORUICCTILQ-WBMMKZCBSA-N,C1CCC(C2CC(CC3CCCC3)C3CCC(C4CCC(CC5CCCC5)C4)C3C2)CC1,1,singleton,quarantined_target_not_supported,quarantine_target_not_supported,unavailable_or_rejected,,,,,,missing_or_rejected,not_assessed,not_assessed,,,blocked_missing_validated_prediction,validated_prediction_and_interval_unavailable,not_started_upstream_blocked,,,
URQ-a882ab440b81941c,BDB-50247934,LYNYVXYEWWSYMQ-UHFFFAOYSA-N,CC1C(CC2CCCCC2)C2CCC(CCCC3CCCC3)CC2C1C1CCCCC1,1,singleton,primary_metadata_requires_fulltext,metadata_pass_needs_fulltext,unavailable_or_rejected,,,,,,missing_or_rejected,not_assessed,not_assessed,,,blocked_missing_validated_prediction,validated_prediction_and_interval_unavailable,not_started_upstream_blocked,,,
URQ-f8a1bd3682becc4a,BDB-50248436,AJRRIEGYRSNLNQ-UHFFFAOYSA-N,CC1CC2CCC(CC3CC3)CC2C1C1CCCCC1,1,singleton,primary_metadata_requires_fulltext,metadata_pass_needs_fulltext,unavailable_or_rejected,,,,,,missing_or_rejected,not_assessed,not_assessed,,,blocked_missing_validated_prediction,validated_prediction_and_interval_unavailable,not_started_upstream_blocked,,,
URQ-cc24fb1d8007c9ae,BDB-50248576,CPCBVGFLWLFBQV-UHFFFAOYSA-N,CC1C(CC2CCCCC2)C2CCC(CCC3CCCCC3)CC2C1C1CCCCC1,1,singleton,primary_metadata_requires_fulltext,metadata_pass_needs_fulltext,unavailable_or_rejected,,,,,,missing_or_rejected,not_assessed,not_assessed,,,blocked_missing_validated_prediction,validated_prediction_and_interval_unavailable,not_started_upstream_blocked,,,
URQ-21ff98da0ae8cd00,BDB-50248578,UPPCVKRCEALPST-UHFFFAOYSA-N,CC1C(CC2CCCCC2)C2CCC(CCCC3CCCCC3)CC2C1C1CCCCC1,1,singleton,primary_metadata_requires_fulltext,metadata_pass_needs_fulltext,unavailable_or_rejected,,,,,,missing_or_rejected,not_assessed,not_assessed,,,blocked_missing_validated_prediction,validated_prediction_and_interval_unavailable,not_started_upstream_blocked,,,
URQ-c02893dffd734f98,BDB-50256363,DKTSTJQGCYJNIY-UHFFFAOYSA-N,C1CCC(C2CCC(CCC(CC3CC3)C3CCC4CC(C5CCCC5)CC4C3)CC2)CC1,1,singleton,endpoint_resolution_required,metadata_pass_requires_endpoint_resolution,unavailable_or_rejected,,,,,,missing_or_rejected,not_assessed,not_assessed,,,blocked_missing_validated_prediction,validated_prediction_and_interval_unavailable,not_started_upstream_blocked,,,
URQ-c59991df4ab8dbc8,BDB-50256952,IVKXIMVGTFMPDF-UHFFFAOYSA-N,C1CCC(C2CCC3CCCCC32)CC1,1,singleton,primary_metadata_requires_fulltext,metadata_pass_needs_fulltext,unavailable_or_rejected,,,,,,missing_or_rejected,not_assessed,not_assessed,,,blocked_missing_validated_prediction,validated_prediction_and_interval_unavailable,not_started_upstream_blocked,,,
URQ-43937ee84ca4a9e3,BDB-50257000,JGFAEEKLMAWINF-UHFFFAOYSA-N,C1CCC2C(C1)CCC2C1CCC1,1,singleton,primary_metadata_requires_fulltext,metadata_pass_needs_fulltext,unavailable_or_rejected,,,,,,missing_or_rejected,not_assessed,not_assessed,,,blocked_missing_validated_prediction,validated_prediction_and_interval_unavailable,not_started_upstream_blocked,,,
URQ-fbe0f7c58313961d,BDB-50257025,JIBITRQNBXVGNX-UHFFFAOYSA-N,CC1C(C2CCCCC2)CC2C(CC3CCCCC3)CC3CCCCC3C12,1,singleton,primary_metadata_requires_fulltext,metadata_pass_needs_fulltext,unavailable_or_rejected,,,,,,missing_or_rejected,not_assessed,not_assessed,,,blocked_missing_validated_prediction,validated_prediction_and_interval_unavailable,not_started_upstream_blocked,,,
URQ-6cf298a657555acc,BDB-50262150,CQNPTEQAAAOVKX-MRXNPFEDSA-N,C1CCC(CC2CCCC2CCC2CCC3CC(C4CCCC4)CC3C2)CC1,1,singleton,primary_metadata_requires_fulltext,metadata_pass_needs_fulltext,unavailable_or_rejected,,,,,,missing_or_rejected,not_assessed,not_assessed,,,blocked_missing_validated_prediction,validated_prediction_and_interval_unavailable,not_started_upstream_blocked,,,
URQ-a7db63fe7f774904,BDB-50262266,BSDPUVBSSGQTGP-UHFFFAOYSA-N,C1CCC(C2CCCC(C3CCC4CCCC4C3)C2)C1,1,singleton,primary_metadata_requires_fulltext,metadata_pass_needs_fulltext,unavailable_or_rejected,,,,,,missing_or_rejected,not_assessed,not_assessed,,,blocked_missing_validated_prediction,validated_prediction_and_interval_unavailable,not_started_upstream_blocked,,,
URQ-7e89447813d00da5,BDB-50264171,ZGLFUGCOCLZCQG-XWAOVWAASA-N,C1CCC(C2CC2CC2CCCC3C2CCC3C2CCC3CC32)CC1,1,singleton,source_fulltext_ready,metadata_pass_fulltext_ready,unavailable_or_rejected,,,,,,missing_or_rejected,not_assessed,not_assessed,,,blocked_missing_validated_prediction,validated_prediction_and_interval_unavailable,not_started_upstream_blocked,,,
URQ-92c81cc51e850963,BDB-50264831,OLHVMYLPYPPJJK-UHFFFAOYSA-N,CC(CC1CCCCC1)CC1CCC(CC2CC(C3CCCCC3)CC3C(CC4CCCCC4)CCC23)CC1,1,singleton,quarantined_nonprimary_source,quarantine_nonprimary_source,unavailable_or_rejected,,,,,,missing_or_rejected,not_assessed,not_assessed,,,blocked_missing_validated_prediction,validated_prediction_and_interval_unavailable,not_started_upstream_blocked,,,
URQ-de3fa120e43c9d24,BDB-50266022,ORZFUSWWXUVGND-UHFFFAOYSA-N,CC(C1CCCCC1)C1CC(CCCC2CCC3CCCC3C2)CC1C1CCCC1,1,singleton,primary_metadata_requires_fulltext,metadata_pass_needs_fulltext,unavailable_or_rejected,,,,,,missing_or_rejected,not_assessed,not_assessed,,,blocked_missing_validated_prediction,validated_prediction_and_interval_unavailable,not_started_upstream_blocked,,,
URQ-162cf5ed4760a8e3,BDB-50266052,VZEXLUMZSFKUJP-UHFFFAOYSA-N,CC(C1CCCCC1)C1CC(CCCCC2CCCCC2)CC1C1CCCC1,1,singleton,primary_metadata_requires_fulltext,metadata_pass_needs_fulltext,unavailable_or_rejected,,,,,,missing_or_rejected,not_assessed,not_assessed,,,blocked_missing_validated_prediction,validated_prediction_and_interval_unavailable,not_started_upstream_blocked,,,
URQ-f37307616cff923a,BDB-50266084,UXTNNVIYBQKXOL-UHFFFAOYSA-N,CC(C1CCCCC1)C1CC(C(CC2CCCCC2)CC2CCCC2)CC1C1CCCC1,1,singleton,primary_metadata_requires_fulltext,metadata_pass_needs_fulltext,unavailable_or_rejected,,,,,,missing_or_rejected,not_assessed,not_assessed,,,blocked_missing_validated_prediction,validated_prediction_and_interval_unavailable,not_started_upstream_blocked,,,
URQ-e0f770c4d78ed77b,BDB-50267396,JCAVHDDDZIXFHB-NNBIHLJJSA-N,C1CCC(C2CCC3C(CC4CC5CCC4C5)CCCC23)C1,1,singleton,primary_metadata_requires_fulltext,metadata_pass_needs_fulltext,unavailable_or_rejected,,,,,,missing_or_rejected,not_assessed,not_assessed,,,blocked_missing_validated_prediction,validated_prediction_and_interval_unavailable,not_started_upstream_blocked,,,
URQ-a5125a5b2861829e,BDB-50268211,LKQSGKOYMDGWTQ-UHFFFAOYSA-N,CC1CC(C)C2CC(C3CCC(C(C)(C)C4CCC(CC5CCC6CCCC6C5)CC4)CC3)CC2C1,1,singleton,primary_metadata_requires_fulltext,metadata_pass_needs_fulltext,unavailable_or_rejected,,,,,,missing_or_rejected,not_assessed,not_assessed,,,blocked_missing_validated_prediction,validated_prediction_and_interval_unavailable,not_started_upstream_blocked,,,
URQ-058f5cf3713cb1b4,BDB-50268247,UOSGXUGKZYRNKU-UHFFFAOYSA-N,CC1CC(C)C2CC(C3CCC(C(C)(C)C4CCC(CCC5CCCCC5)CC4)CC3)CC2C1,1,singleton,primary_metadata_requires_fulltext,metadata_pass_needs_fulltext,unavailable_or_rejected,,,,,,missing_or_rejected,not_assessed,not_assessed,,,blocked_missing_validated_prediction,validated_prediction_and_interval_unavailable,not_started_upstream_blocked,,,
URQ-5988b2d241e2581c,BDB-50271536,VIBOPLGOAIYGMR-UHFFFAOYSA-N,CC(CCC1CCCCC1)CC1CC2CCCCC2C2C(C)C(C3CCCCC3)CC12,1,singleton,primary_metadata_requires_fulltext,metadata_pass_needs_fulltext,unavailable_or_rejected,,,,,,missing_or_rejected,not_assessed,not_assessed,,,blocked_missing_validated_prediction,validated_prediction_and_interval_unavailable,not_started_upstream_blocked,,,
URQ-c67a0028f06830a8,BDB-50271642,AUQHNAQGJBULMA-UHFFFAOYSA-N,CC1CCC(C2CCCC2)C2CCCC12,1,singleton,quarantined_target_not_supported,quarantine_target_not_supported,unavailable_or_rejected,,,,,,missing_or_rejected,not_assessed,not_assessed,,,blocked_missing_validated_prediction,validated_prediction_and_interval_unavailable,not_started_upstream_blocked,,,
URQ-2147b0ec7cc39ba2,BDB-50274074,DKRKGVPEEBGRFA-JTQLQIEISA-N,CC1CCC2CCC(CC3CCCC4C5CCCCC5CC34)CC2C1,1,singleton,source_fulltext_ready,metadata_pass_fulltext_ready,unavailable_or_rejected,,,,,,missing_or_rejected,not_assessed,not_assessed,,,blocked_missing_validated_prediction,validated_prediction_and_interval_unavailable,not_started_upstream_blocked,,,
URQ-cea95dc4e808d225,BDB-50275637,JXMVGWKOLQYAPP-UHFFFAOYSA-N,C1CCC(CC2CCC3CCCC3C2)CC1,1,singleton,primary_metadata_requires_fulltext,metadata_pass_needs_fulltext,unavailable_or_rejected,,,,,,missing_or_rejected,not_assessed,not_assessed,,,blocked_missing_validated_prediction,validated_prediction_and_interval_unavailable,not_started_upstream_blocked,,,
URQ-a4e57aa9c9997719,BDB-50275669,FAQMPXZLGHDHHK-UHFFFAOYSA-N,C1CCC(CCC2CCC3CCCC3C2)C1,1,singleton,primary_metadata_requires_fulltext,metadata_pass_needs_fulltext,unavailable_or_rejected,,,,,,missing_or_rejected,not_assessed,not_assessed,,,blocked_missing_validated_prediction,validated_prediction_and_interval_unavailable,not_started_upstream_blocked,,,
URQ-a1c7f7ad69a8de73,BDB-50275914,HQGPRKKHKJMXJP-HXUWFJFHSA-N,C1CCC(CCC2CCCC(C3CCCC(C4CCCC4)C3)C2)C1,1,singleton,endpoint_resolution_required,metadata_pass_requires_endpoint_resolution,unavailable_or_rejected,,,,,,missing_or_rejected,not_assessed,not_assessed,,,blocked_missing_validated_prediction,validated_prediction_and_interval_unavailable,not_started_upstream_blocked,,,
URQ-535ea496c40b8135,BDB-50298497,GIZJFZFSTGLKAS-UHFFFAOYSA-N,CC(CCC1CCCCC1)CC1CC2CCCC2C2CC(C3CCCC3)CC12,1,singleton,primary_metadata_requires_fulltext,metadata_pass_needs_fulltext,unavailable_or_rejected,,,,,,missing_or_rejected,not_assessed,not_assessed,,,blocked_missing_validated_prediction,validated_prediction_and_interval_unavailable,not_started_upstream_blocked,,,
URQ-0e4b86d27e3c90e3,BDB-50298515,DQISRGLAFBOHSH-UHFFFAOYSA-N,CC(CC1CC2CC(CCCC3CCCCC3)CC2C2CC(C3CCCC3)CC12)C(C1CCCCC1)C1CCCCC1,1,singleton,primary_metadata_requires_fulltext,metadata_pass_needs_fulltext,unavailable_or_rejected,,,,,,missing_or_rejected,not_assessed,not_assessed,,,blocked_missing_validated_prediction,validated_prediction_and_interval_unavailable,not_started_upstream_blocked,,,
URQ-9ae9735058630cc0,BDB-50298523,KASKCLZTEOJTOF-UHFFFAOYSA-N,CC(CC1CCCCC1)CC1CC2CCCC2C2CC(C3CCCC3)CC12,1,singleton,primary_metadata_requires_fulltext,metadata_pass_needs_fulltext,unavailable_or_rejected,,,,,,missing_or_rejected,not_assessed,not_assessed,,,blocked_missing_validated_prediction,validated_prediction_and_interval_unavailable,not_started_upstream_blocked,,,
URQ-381f715265455c28,BDB-50298541,AZLDXOUTWIDEOW-UHFFFAOYSA-N,CC(CC1CCCC1)CC1CC2CC(CCC3CCCCC3)CC2C2CC(C3CCCC3)CC12,1,singleton,primary_metadata_requires_fulltext,metadata_pass_needs_fulltext,unavailable_or_rejected,,,,,,missing_or_rejected,not_assessed,not_assessed,,,blocked_missing_validated_prediction,validated_prediction_and_interval_unavailable,not_started_upstream_blocked,,,
URQ-2550d63e1cf41eb9,BDB-50298553,LWYRFEDQIGXNNB-UHFFFAOYSA-N,CC(CC1CC2CC(CCC3CCCCC3)CC2C2CC(C3CCCC3)CC12)C(C1CCCCC1)C1CCCCC1,1,singleton,primary_metadata_requires_fulltext,metadata_pass_needs_fulltext,unavailable_or_rejected,,,,,,missing_or_rejected,not_assessed,not_assessed,,,blocked_missing_validated_prediction,validated_prediction_and_interval_unavailable,not_started_upstream_blocked,,,
URQ-f8d11229ffff1dd9,BDB-50306777,IWDKSIOHIYCOBV-UHFFFAOYSA-N,CC(CC1CCCC1)C1CC2CC3CCCC(C)C3CC2C1,1,singleton,source_fulltext_ready,metadata_pass_fulltext_ready,unavailable_or_rejected,,,,,,missing_or_rejected,not_assessed,not_assessed,,,blocked_missing_validated_prediction,validated_prediction_and_interval_unavailable,not_started_upstream_blocked,,,
URQ-12617c7d7ccd9bd9,BDB-50306787,GHCCRBAXZVOAEU-UHFFFAOYSA-N,CC1CC(CC2CCCCC2)C(C)C2CCCCC12,1,singleton,source_fulltext_ready,metadata_pass_fulltext_ready,unavailable_or_rejected,,,,,,missing_or_rejected,not_assessed,not_assessed,,,blocked_missing_validated_prediction,validated_prediction_and_interval_unavailable,not_started_upstream_blocked,,,
URQ-fb82eebef3660c97,BDB-50306789,LYSQKWDUPSIMCD-UHFFFAOYSA-N,CC1CC2(CCCCC2)C(C)C1CC1CCCC(CC2CCCCC2)C1,1,singleton,source_fulltext_ready,metadata_pass_fulltext_ready,unavailable_or_rejected,,,,,,missing_or_rejected,not_assessed,not_assessed,,,blocked_missing_validated_prediction,validated_prediction_and_interval_unavailable,not_started_upstream_blocked,,,
URQ-bb1ffe6b97ddb560,BDB-50306792,CWYUCBLNLMTDMO-UHFFFAOYSA-N,C1CCC(CC2CCCCC2)CC1,1,singleton,source_fulltext_ready,metadata_pass_fulltext_ready,unavailable_or_rejected,,,,,,missing_or_rejected,not_assessed,not_assessed,,,blocked_missing_validated_prediction,validated_prediction_and_interval_unavailable,not_started_upstream_blocked,,,
URQ-9b4648e9f0b90d0b,BDB-50309781,IMOUNXQRZGLBSG-DYHDFLJKSA-N,C1CCC(CCC2CC(CCCCCCC3CCC(C45CC6CC(CC(C6)C4)C5)C3)CC3C2CCC3C2CCC3CC32)CC1,1,singleton,source_fulltext_ready,metadata_pass_fulltext_ready,unavailable_or_rejected,,,,,,missing_or_rejected,not_assessed,not_assessed,,,blocked_missing_validated_prediction,validated_prediction_and_interval_unavailable,not_started_upstream_blocked,,,
URQ-b957aeacb27ceab2,BDB-50312947,RWRIELQWXMXMNH-UHFFFAOYSA-N,CC(CC1CCCC(C2CCCC2)C1)C1CC1,1,singleton,quarantined_target_not_supported,quarantine_target_not_supported,unavailable_or_rejected,,,,,,missing_or_rejected,not_assessed,not_assessed,,,blocked_missing_validated_prediction,validated_prediction_and_interval_unavailable,not_started_upstream_blocked,,,
URQ-88a98d4f573e0b6e,BDB-50313075,FUZVDFCUPYVIEA-UHFFFAOYSA-N,C1CCC(C2CC3CCCC3CC2C2CCCC2)CC1,1,singleton,quarantined_target_not_supported,quarantine_target_not_supported,unavailable_or_rejected,,,,,,missing_or_rejected,not_assessed,not_assessed,,,blocked_missing_validated_prediction,validated_prediction_and_interval_unavailable,not_started_upstream_blocked,,,
URQ-55b3831e1932ca8e,BDB-50313077,OWBPIGOKYQPEBA-UHFFFAOYSA-N,CC1CC2CC(C3CCCCC3)C(C3CCCC3)CC2C1,1,singleton,quarantined_target_not_supported,quarantine_target_not_supported,unavailable_or_rejected,,,,,,missing_or_rejected,not_assessed,not_assessed,,,blocked_missing_validated_prediction,validated_prediction_and_interval_unavailable,not_started_upstream_blocked,,,
URQ-151eb4dbe7fe77c2,BDB-50315633,UDLCSCAETZRITG-UHFFFAOYSA-N,CC(CC1CC2CCCC2C2CC(C3CCCCC3)CC12)C1CCCCC1,1,singleton,primary_metadata_requires_fulltext,metadata_pass_needs_fulltext,unavailable_or_rejected,,,,,,missing_or_rejected,not_assessed,not_assessed,,,blocked_missing_validated_prediction,validated_prediction_and_interval_unavailable,not_started_upstream_blocked,,,
URQ-adab58ec25d27345,BDB-50318250,QGDVJEIIAUKMBX-UHFFFAOYSA-N,CC1CC(CC2CCCCC2)CC(C2CCCCC2)C1,1,singleton,source_fulltext_ready,metadata_pass_fulltext_ready,unavailable_or_rejected,,,,,,missing_or_rejected,not_assessed,not_assessed,,,blocked_missing_validated_prediction,validated_prediction_and_interval_unavailable,not_started_upstream_blocked,,,
URQ-467152dfc306712e,BDB-50318270,ACNFYYUXBQGWQL-UHFFFAOYSA-N,CC(CC1CC(C2CCCCC2)CC2CC(CC3CCCCC3)CC21)C1CCCCC1,1,singleton,primary_metadata_requires_fulltext,metadata_pass_needs_fulltext,unavailable_or_rejected,,,,,,missing_or_rejected,not_assessed,not_assessed,,,blocked_missing_validated_prediction,validated_prediction_and_interval_unavailable,not_started_upstream_blocked,,,
URQ-73c745693c34c05d,BDB-50318286,GNLKLLHCPPYDLC-UHFFFAOYSA-N,CC(CC1CCCC2CC(CC3CCCCC3)CC21)C1CCCCC1,1,singleton,primary_metadata_requires_fulltext,metadata_pass_needs_fulltext,unavailable_or_rejected,,,,,,missing_or_rejected,not_assessed,not_assessed,,,blocked_missing_validated_prediction,validated_prediction_and_interval_unavailable,not_started_upstream_blocked,,,
URQ-0ed3712d73755f5e,BDB-50324969,GQUGZFLBFPOQQC-UHFFFAOYSA-N,CC(CC1CCC(C2CCCCC2)C1)C1CCCC1,1,singleton,endpoint_resolution_required,metadata_pass_requires_endpoint_resolution,unavailable_or_rejected,,,,,,missing_or_rejected,not_assessed,not_assessed,,,blocked_missing_validated_prediction,validated_prediction_and_interval_unavailable,not_started_upstream_blocked,,,
URQ-8d4894310c390261,BDB-50331936,IXGGHXNKNILFJL-UHFFFAOYSA-N,CC(CCC1CCCCC1)CCC1CCC2CC(C)C(C3CCCC3)CC2C1,1,singleton,quarantined_target_not_supported,quarantine_target_not_supported,unavailable_or_rejected,,,,,,missing_or_rejected,not_assessed,not_assessed,,,blocked_missing_validated_prediction,validated_prediction_and_interval_unavailable,not_started_upstream_blocked,,,
URQ-1df154a712b3ab11,BDB-50336986,UEBJAZCBAZVERF-UHFFFAOYSA-N,CC(CC1CCC(C2CCCCC2)C(C2CCCC2)C1)C1CCCC1,1,singleton,quarantined_target_not_supported,quarantine_target_not_supported,unavailable_or_rejected,,,,,,missing_or_rejected,not_assessed,not_assessed,,,blocked_missing_validated_prediction,validated_prediction_and_interval_unavailable,not_started_upstream_blocked,,,
URQ-aee06fae1aea6d06,BDB-50336988,QGEFGRKOALZSHD-UHFFFAOYSA-N,CC(CC1CCCC1)CC1CCC(C2CCCCC2)C(C2CCCC2)C1,1,singleton,quarantined_target_not_supported,quarantine_target_not_supported,unavailable_or_rejected,,,,,,missing_or_rejected,not_assessed,not_assessed,,,blocked_missing_validated_prediction,validated_prediction_and_interval_unavailable,not_started_upstream_blocked,,,
URQ-007a264a0df968db,BDB-50341188,SNJRGPSAULQWEJ-UHFFFAOYSA-N,CC(CC1CC2CCCCC2C1)C1CCC(C2CCCCC2)CC1,1,singleton,endpoint_resolution_required,metadata_pass_requires_endpoint_resolution,unavailable_or_rejected,,,,,,missing_or_rejected,not_assessed,not_assessed,,,blocked_missing_validated_prediction,validated_prediction_and_interval_unavailable,not_started_upstream_blocked,,,
URQ-1736dca1b15f122e,BDB-50341191,NCWRSHWNMYHJMN-AEFFLSMTSA-N,CC(CC1CCC(C(C)CC2CC3CCCCC3C2)C1)C1CCCCC1,1,singleton,endpoint_resolution_required,metadata_pass_requires_endpoint_resolution,unavailable_or_rejected,,,,,,missing_or_rejected,not_assessed,not_assessed,,,blocked_missing_validated_prediction,validated_prediction_and_interval_unavailable,not_started_upstream_blocked,,,
URQ-78bcdc1b0022e710,BDB-50341193,OMVHCFMRXIFNMI-UHFFFAOYSA-N,CC(CC1CC2CCCCC2C1)C1CCC(CC2CCCCC2)CC1,1,singleton,endpoint_resolution_required,metadata_pass_requires_endpoint_resolution,unavailable_or_rejected,,,,,,missing_or_rejected,not_assessed,not_assessed,,,blocked_missing_validated_prediction,validated_prediction_and_interval_unavailable,not_started_upstream_blocked,,,
URQ-4c2f8ddb3b2067c4,BDB-50342519,HHKJUHAIZLHJQI-UHFFFAOYSA-N,CC(CCCCC(C)C1CCC(C2C3CCCCC3CC3CC(C)CCC32)CC1)CCC1CCC(CCCC2CCC3C2CCC2CC(C4CCCC4)CC23)CC1,1,singleton,source_fulltext_ready,metadata_pass_fulltext_ready,unavailable_or_rejected,,,,,,missing_or_rejected,not_assessed,not_assessed,,,blocked_missing_validated_prediction,validated_prediction_and_interval_unavailable,not_started_upstream_blocked,,,
URQ-beec369676d133e6,BDB-50343135,UMYJKAPQXPVTEH-UHFFFAOYSA-N,CC(CC1CCCCC1)CC1CC2CC(CCC3CCCCC3)CC2C2CC(C3CCCCC3)CC12,1,singleton,primary_metadata_requires_fulltext,metadata_pass_needs_fulltext,unavailable_or_rejected,,,,,,missing_or_rejected,not_assessed,not_assessed,,,blocked_missing_validated_prediction,validated_prediction_and_interval_unavailable,not_started_upstream_blocked,,,
URQ-28e9d1307fa4b1ef,BDB-50346909,BTNNZWURLUOUIL-UHFFFAOYSA-N,C1CCC(CCC2CCCC3C4CCCC4CCC23)CC1,1,singleton,primary_metadata_requires_fulltext,metadata_pass_needs_fulltext,unavailable_or_rejected,,,,,,missing_or_rejected,not_assessed,not_assessed,,,blocked_missing_validated_prediction,validated_prediction_and_interval_unavailable,not_started_upstream_blocked,,,
URQ-2a4648e1ae4bc0ab,BDB-50360187,JJJCYECCFBECJK-UHFFFAOYSA-N,CC(C1CCC(C2CCC3CC(C4CCCC4)CC3C2)CC1)C(C1CCCCC1)C1CCCCC1,1,singleton,primary_metadata_requires_fulltext,metadata_pass_needs_fulltext,unavailable_or_rejected,,,,,,missing_or_rejected,not_assessed,not_assessed,,,blocked_missing_validated_prediction,validated_prediction_and_interval_unavailable,not_started_upstream_blocked,,,
URQ-ec59efd7c219d236,BDB-50360193,HZRPPZVAFJLQIQ-UHFFFAOYSA-N,CC1CC(CC(C)C2CCCCC2)C2CC(C3CCCC3)CC2C1,1,singleton,primary_metadata_requires_fulltext,metadata_pass_needs_fulltext,unavailable_or_rejected,,,,,,missing_or_rejected,not_assessed,not_assessed,,,blocked_missing_validated_prediction,validated_prediction_and_interval_unavailable,not_started_upstream_blocked,,,
URQ-e65411e5a9bb2e38,BDB-50360209,CKNQBBJKRSXMPU-UHFFFAOYSA-N,CC(CC1CCCCC1)C1CCC(C2CCC3CC(C4CCCC4)CC3C2)CC1,1,singleton,primary_metadata_requires_fulltext,metadata_pass_needs_fulltext,unavailable_or_rejected,,,,,,missing_or_rejected,not_assessed,not_assessed,,,blocked_missing_validated_prediction,validated_prediction_and_interval_unavailable,not_started_upstream_blocked,,,
URQ-b189c8b3939524d0,BDB-50361327,SLRFMWZADWPTCV-UHFFFAOYSA-N,C1CCC(CCC2CCC3CCC4CC(C5CCCC5)CC4C23)CC1,1,singleton,primary_metadata_requires_fulltext,metadata_pass_needs_fulltext,unavailable_or_rejected,,,,,,missing_or_rejected,not_assessed,not_assessed,,,blocked_missing_validated_prediction,validated_prediction_and_interval_unavailable,not_started_upstream_blocked,,,
URQ-c21608d4b55402d1,BDB-50364064,DNPNXAXAKNFJDD-GFOALDQYSA-N,C1CCC(CCCC2CCCC3C(C4CCCC4)CCC23)C1,1,singleton,source_fulltext_ready,metadata_pass_fulltext_ready,unavailable_or_rejected,,,,,,missing_or_rejected,not_assessed,not_assessed,,,blocked_missing_validated_prediction,validated_prediction_and_interval_unavailable,not_started_upstream_blocked,,,
URQ-0353481fda523754,BDB-50366686,VRKBZQOPVJHRLW-VFIQZALSSA-N,CC(CCC1CC2CCCCC2C1C1CCCC1)C1CCCCC1,1,singleton,primary_metadata_requires_fulltext,metadata_pass_needs_fulltext,unavailable_or_rejected,,,,,,missing_or_rejected,not_assessed,not_assessed,,,blocked_missing_validated_prediction,validated_prediction_and_interval_unavailable,not_started_upstream_blocked,,,
URQ-2cc4447cdfadea71,BDB-50366767,JEXFNNUDLKOIMC-UHFFFAOYSA-N,C(CCCCC1CCCC2C(C3CCCC3)CCC12)CCCC1CCCC2CCCC12,1,singleton,quarantined_target_not_supported,quarantine_target_not_supported,unavailable_or_rejected,,,,,,missing_or_rejected,not_assessed,not_assessed,,,blocked_missing_validated_prediction,validated_prediction_and_interval_unavailable,not_started_upstream_blocked,,,
URQ-cc7a298161971e23,BDB-50375482,JBNQXRACQBYPQU-UHFFFAOYSA-N,CC(CC1CC(C2CCCCC2)CC(C2CCC3CCCC3C2)C1)C1CC1,1,singleton,primary_metadata_requires_fulltext,metadata_pass_needs_fulltext,unavailable_or_rejected,,,,,,missing_or_rejected,not_assessed,not_assessed,,,blocked_missing_validated_prediction,validated_prediction_and_interval_unavailable,not_started_upstream_blocked,,,
URQ-51c08ad72cfab6ba,BDB-50375483,VSEANJMMULLJNQ-UHFFFAOYSA-N,C1CCC(C2CCCC(C3CCC4CCCC4C3)C2)CC1,1,singleton,primary_metadata_requires_fulltext,metadata_pass_needs_fulltext,unavailable_or_rejected,,,,,,missing_or_rejected,not_assessed,not_assessed,,,blocked_missing_validated_prediction,validated_prediction_and_interval_unavailable,not_started_upstream_blocked,,,
URQ-68a193efecd23c70,BDB-50376934,AYTIQMDUSGIKIT-FTBITJBVSA-N,CC(CCC1CCC(CC2CC(CCCC3CCC4CCCCC43)CC3C(C4CCCC4)CCC23)CC1)CC1CCCCC1,1,singleton,quarantined_target_not_supported,quarantine_target_not_supported,unavailable_or_rejected,,,,,,missing_or_rejected,not_assessed,not_assessed,,,blocked_missing_validated_prediction,validated_prediction_and_interval_unavailable,not_started_upstream_blocked,,,
URQ-a16e9245a3860003,BDB-50376937,VZYBYMUZWCFKQU-UHFFFAOYSA-N,CC1CC(C)C2CC(C3CCC(CC4CCC(C5CCCCC5)C4)C3)CC2C1,1,singleton,quarantined_target_not_supported,quarantine_target_not_supported,unavailable_or_rejected,,,,,,missing_or_rejected,not_assessed,not_assessed,,,blocked_missing_validated_prediction,validated_prediction_and_interval_unavailable,not_started_upstream_blocked,,,
URQ-4f8f53509b0755c3,BDB-50377454,XEEQGYMUWCZPDN-IUODEOHRSA-N,C1CCC(CC2CCCC3CCCCC32)CC1,1,singleton,endpoint_resolution_required,metadata_pass_requires_endpoint_resolution,unavailable_or_rejected,,,,,,missing_or_rejected,not_assessed,not_assessed,,,blocked_missing_validated_prediction,validated_prediction_and_interval_unavailable,not_started_upstream_blocked,,,
URQ-7f0e43c32f48eea6,BDB-50377544,CECMCHUAHZIDKZ-UHFFFAOYSA-N,C1CCC(CCCC2CCC3C(C4CCCC4)CCCC23)CC1,1,singleton,endpoint_resolution_required,metadata_pass_requires_endpoint_resolution,unavailable_or_rejected,,,,,,missing_or_rejected,not_assessed,not_assessed,,,blocked_missing_validated_prediction,validated_prediction_and_interval_unavailable,not_started_upstream_blocked,,,
URQ-dd5789a5ea7cf90f,BDB-50377546,PDHBEXZQMIJQMS-UHFFFAOYSA-N,C1CCC(CC2CCC3C(C4CCCC4)CCCC23)C1,1,singleton,endpoint_resolution_required,metadata_pass_requires_endpoint_resolution,unavailable_or_rejected,,,,,,missing_or_rejected,not_assessed,not_assessed,,,blocked_missing_validated_prediction,validated_prediction_and_interval_unavailable,not_started_upstream_blocked,,,
URQ-aeba770d0f8a4045,BDB-50377555,MNONTGDJIJLFPU-UHFFFAOYSA-N,CC(CCC1CCCCC1)C1CCC2C(C3CCCCC3)CCCC12,1,singleton,endpoint_resolution_required,metadata_pass_requires_endpoint_resolution,unavailable_or_rejected,,,,,,missing_or_rejected,not_assessed,not_assessed,,,blocked_missing_validated_prediction,validated_prediction_and_interval_unavailable,not_started_upstream_blocked,,,
URQ-8f5d9c8da9d76e06,BDB-50377566,FXGWAOVZUWGRNJ-UHFFFAOYSA-N,CC(CCC1CCCCC1)C1CCC2C(C3CCCC3)CCCC12,1,singleton,endpoint_resolution_required,metadata_pass_requires_endpoint_resolution,unavailable_or_rejected,,,,,,missing_or_rejected,not_assessed,not_assessed,,,blocked_missing_validated_prediction,validated_prediction_and_interval_unavailable,not_started_upstream_blocked,,,
URQ-e685ebfc15adc5cf,BDB-50379111,KPGIVUGNOFGZRD-FFVUVFKMSA-N,C1CC(CC2CCCC3C2CCC3C2CCC3CC32)C1,1,singleton,quarantined_target_not_supported,quarantine_target_not_supported,unavailable_or_rejected,,,,,,missing_or_rejected,not_assessed,not_assessed,,,blocked_missing_validated_prediction,validated_prediction_and_interval_unavailable,not_started_upstream_blocked,,,
URQ-f588dac6f75514c3,BDB-50382977,XEPILNOUAKDUOM-UHFFFAOYSA-N,CC1C2CCCC2CC2CCC(CC3CCCCC3)CC21,1,singleton,source_fulltext_ready,metadata_pass_fulltext_ready,unavailable_or_rejected,,,,,,missing_or_rejected,not_assessed,not_assessed,,,blocked_missing_validated_prediction,validated_prediction_and_interval_unavailable,not_started_upstream_blocked,,,
URQ-37c8d33066ebfbc6,BDB-50382979,GCRYBPRWBPKFMF-UHFFFAOYSA-N,C1CCC(CC2CCC(CC3CCCC4CCCCC43)C2)CC1,1,singleton,source_fulltext_ready,metadata_pass_fulltext_ready,unavailable_or_rejected,,,,,,missing_or_rejected,not_assessed,not_assessed,,,blocked_missing_validated_prediction,validated_prediction_and_interval_unavailable,not_started_upstream_blocked,,,
URQ-9275d45881c36089,BDB-50382982,YNSVRVIBICMHME-UHFFFAOYSA-N,CC(CCCC1CCCCC1)C1CC(C)C(C2CCCCC2)C1,1,singleton,source_fulltext_ready,metadata_pass_fulltext_ready,unavailable_or_rejected,,,,,,missing_or_rejected,not_assessed,not_assessed,,,blocked_missing_validated_prediction,validated_prediction_and_interval_unavailable,not_started_upstream_blocked,,,
URQ-7b0d3589284c2ccd,BDB-50382986,WGFLLKYIRNKGKW-UHFFFAOYSA-N,C1CCC(C2CCCC(C3CCCC(C4CCCCC4)C3)C2)CC1,1,singleton,source_fulltext_ready,metadata_pass_fulltext_ready,unavailable_or_rejected,,,,,,missing_or_rejected,not_assessed,not_assessed,,,blocked_missing_validated_prediction,validated_prediction_and_interval_unavailable,not_started_upstream_blocked,,,
URQ-e0ba86ce9a63f8f6,BDB-50382989,UKVAEISSAVZLLZ-UHFFFAOYSA-N,C1CCC(C2CCCC3CC(C4CC5CCCCC5C4)CC32)CC1,1,singleton,source_fulltext_ready,metadata_pass_fulltext_ready,unavailable_or_rejected,,,,,,missing_or_rejected,not_assessed,not_assessed,,,blocked_missing_validated_prediction,validated_prediction_and_interval_unavailable,not_started_upstream_blocked,,,
URQ-ad1d4aa97c9ad0e2,BDB-50383010,TYMRXESQMJNRFG-UHFFFAOYSA-N,CC1C(C2CCCC2)CCC2C(CCC3CCCCC3)C3CCCCC3C12,1,singleton,primary_metadata_requires_fulltext,metadata_pass_needs_fulltext,unavailable_or_rejected,,,,,,missing_or_rejected,not_assessed,not_assessed,,,blocked_missing_validated_prediction,validated_prediction_and_interval_unavailable,not_started_upstream_blocked,,,
URQ-da9d3dcfc05eb6e4,BDB-50384416,AKMNUCBQGHFICM-UHFFFAOYSA-N,CC(CC1CCC2CCCC2C1)CC1CCCC2CCCCC21,1,singleton,quarantined_target_not_supported,quarantine_target_not_supported,unavailable_or_rejected,,,,,,missing_or_rejected,not_assessed,not_assessed,,,blocked_missing_validated_prediction,validated_prediction_and_interval_unavailable,not_started_upstream_blocked,,,
URQ-6fbe781834ce2344,BDB-50386112,RDILGXZZHKVVQM-UHFFFAOYSA-N,CC(CCCCCC(C)C1CC2CCCCC2CC1C)C1CC2CCCCC2CC1C,1,singleton,primary_metadata_requires_fulltext,metadata_pass_needs_fulltext,unavailable_or_rejected,,,,,,missing_or_rejected,not_assessed,not_assessed,,,blocked_missing_validated_prediction,validated_prediction_and_interval_unavailable,not_started_upstream_blocked,,,
URQ-ca414c621f2e6c03,BDB-50386113,HFQZOXVLNQONST-UHFFFAOYSA-N,CC(CCCCC1CCC(CCCCC(C)C2CC3CCCCC3CC2C)CC1)C1CC2CCCCC2CC1C,1,singleton,primary_metadata_requires_fulltext,metadata_pass_needs_fulltext,unavailable_or_rejected,,,,,,missing_or_rejected,not_assessed,not_assessed,,,blocked_missing_validated_prediction,validated_prediction_and_interval_unavailable,not_started_upstream_blocked,,,
URQ-815d62ac12fb487d,BDB-50389830,ULXHINOEZKZYNA-UHFFFAOYSA-N,CC(CCC1C(C)C2CCCCC2C1C)CC1CC2CCCCC2C1,1,singleton,primary_metadata_requires_fulltext,metadata_pass_needs_fulltext,unavailable_or_rejected,,,,,,missing_or_rejected,not_assessed,not_assessed,,,blocked_missing_validated_prediction,validated_prediction_and_interval_unavailable,not_started_upstream_blocked,,,
URQ-cde881e2e82c6b52,BDB-50389835,SQCJGLDOAFXMRT-UHFFFAOYSA-N,CC(CCC1CCC2C(C1)CC1CCCCC12)CC1CCCC1,1,singleton,primary_metadata_requires_fulltext,metadata_pass_needs_fulltext,unavailable_or_rejected,,,,,,missing_or_rejected,not_assessed,not_assessed,,,blocked_missing_validated_prediction,validated_prediction_and_interval_unavailable,not_started_upstream_blocked,,,
URQ-4c857e8d88221ad8,BDB-50389836,MIWQXYRPJRSUKA-UHFFFAOYSA-N,CC(CCCC1CC2CCCCC2C1)CC1C(C)C2CCCCC2C1C,1,singleton,primary_metadata_requires_fulltext,metadata_pass_needs_fulltext,unavailable_or_rejected,,,,,,missing_or_rejected,not_assessed,not_assessed,,,blocked_missing_validated_prediction,validated_prediction_and_interval_unavailable,not_started_upstream_blocked,,,
URQ-b7db52e15f692de8,BDB-50389837,WEBVJYSWMVKMFV-UHFFFAOYSA-N,CC(CCC(C)(C)C1CCCC1)CC1CC2CCCCC2C1,1,singleton,primary_metadata_requires_fulltext,metadata_pass_needs_fulltext,unavailable_or_rejected,,,,,,missing_or_rejected,not_assessed,not_assessed,,,blocked_missing_validated_prediction,validated_prediction_and_interval_unavailable,not_started_upstream_blocked,,,
URQ-0763182a46fec7a2,BDB-50389844,HHIJNJVKPRZBGF-UHFFFAOYSA-N,C1CCC(CCCC2CC3CCCCC3C2)CC1,1,singleton,primary_metadata_requires_fulltext,metadata_pass_needs_fulltext,unavailable_or_rejected,,,,,,missing_or_rejected,not_assessed,not_assessed,,,blocked_missing_validated_prediction,validated_prediction_and_interval_unavailable,not_started_upstream_blocked,,,
URQ-7bc890a4b99a3283,BDB-50389918,JONIAMPRFRZSLQ-UHFFFAOYSA-N,CC(CC1CCC(C(C)CCCC2CCCCC2)CC1)CC1CC2CCCC2C2CC(C3CCCC3)CC12,1,singleton,endpoint_resolution_required,metadata_pass_requires_endpoint_resolution,unavailable_or_rejected,,,,,,missing_or_rejected,not_assessed,not_assessed,,,blocked_missing_validated_prediction,validated_prediction_and_interval_unavailable,not_started_upstream_blocked,,,
URQ-093c47efd0acfaad,BDB-50392831,FSGLHDPNBSOZED-UHFFFAOYSA-N,CC(CC1CCCCC1)CC1CCC(C2CCCCC2)C1,1,singleton,primary_metadata_requires_fulltext,metadata_pass_needs_fulltext,unavailable_or_rejected,,,,,,missing_or_rejected,not_assessed,not_assessed,,,blocked_missing_validated_prediction,validated_prediction_and_interval_unavailable,not_started_upstream_blocked,,,
URQ-eaec6d70b946e93f,BDB-50393169,HRBBCJVEDBRVEG-UHFFFAOYSA-N,CC1CC(C)C2C(C1)CC1C(C3CCCCC3)CCC12,1,singleton,primary_metadata_requires_fulltext,metadata_pass_needs_fulltext,unavailable_or_rejected,,,,,,missing_or_rejected,not_assessed,not_assessed,,,blocked_missing_validated_prediction,validated_prediction_and_interval_unavailable,not_started_upstream_blocked,,,
URQ-60594da181396c80,BDB-50395552,XJNXZELXQVQLKI-UHFFFAOYSA-N,CC(CC1CCCCC1)CC1CC2CCC(C3CCCC3)C2C1,1,singleton,quarantined_target_not_supported,quarantine_target_not_supported,unavailable_or_rejected,,,,,,missing_or_rejected,not_assessed,not_assessed,,,blocked_missing_validated_prediction,validated_prediction_and_interval_unavailable,not_started_upstream_blocked,,,
URQ-a5afbd661fcddcf3,BDB-50399560,QCJSUMWNJLEJCF-UHFFFAOYSA-N,C1CCC(C2CC3C(CCCC4CCC5CCCCC54)CC4CCCC4C3C2)C1,1,singleton,quarantined_target_not_supported,quarantine_target_not_supported,unavailable_or_rejected,,,,,,missing_or_rejected,not_assessed,not_assessed,,,blocked_missing_validated_prediction,validated_prediction_and_interval_unavailable,not_started_upstream_blocked,,,
URQ-2aa779f6d2faf812,BDB-50399580,GQQIISWJBGUJTR-UHFFFAOYSA-N,C1CCC(CC2CC3CCCC3C3CC(C4CCCC4)CC23)C1,1,singleton,quarantined_target_not_supported,quarantine_target_not_supported,unavailable_or_rejected,,,,,,missing_or_rejected,not_assessed,not_assessed,,,blocked_missing_validated_prediction,validated_prediction_and_interval_unavailable,not_started_upstream_blocked,,,
URQ-2c1c1599745e453d,BDB-50399581,OTZPDZBHTVRFPM-UHFFFAOYSA-N,C1CC(CC2CC3CCCC3C3CC(C4CCCC4)CC23)C1,1,singleton,quarantined_target_not_supported,quarantine_target_not_supported,unavailable_or_rejected,,,,,,missing_or_rejected,not_assessed,not_assessed,,,blocked_missing_validated_prediction,validated_prediction_and_interval_unavailable,not_started_upstream_blocked,,,
URQ-9045165e4dd78b59,BDB-50399597,MKTDHKFRAQCBTM-UHFFFAOYSA-N,C1CCC(C(CC2CC3CCCC3C3CC(C4CCCC4)CC23)C2CCCCC2)CC1,1,singleton,quarantined_target_not_supported,quarantine_target_not_supported,unavailable_or_rejected,,,,,,missing_or_rejected,not_assessed,not_assessed,,,blocked_missing_validated_prediction,validated_prediction_and_interval_unavailable,not_started_upstream_blocked,,,
URQ-368870256db11017,BDB-50410648,AVEYDODSONUKCQ-UHFFFAOYSA-N,CC1CC(C)C2CC(C3CCC(CCC(C)CC4CCC5CCCCC54)CC3)CC2C1,1,singleton,primary_metadata_requires_fulltext,metadata_pass_needs_fulltext,unavailable_or_rejected,,,,,,missing_or_rejected,not_assessed,not_assessed,,,blocked_missing_validated_prediction,validated_prediction_and_interval_unavailable,not_started_upstream_blocked,,,
URQ-6a592d2114ccffeb,BDB-50410682,BEDJXTZHYOLEPQ-UHFFFAOYSA-N,CC(CCC1CCC(C2CC3CC(C)CC(C)C3C2)CC1)CC1CCC(CCC2CCCCC2)CC1,1,singleton,primary_metadata_requires_fulltext,metadata_pass_needs_fulltext,unavailable_or_rejected,,,,,,missing_or_rejected,not_assessed,not_assessed,,,blocked_missing_validated_prediction,validated_prediction_and_interval_unavailable,not_started_upstream_blocked,,,
URQ-ec3f677d6910d09f,BDB-50410728,PDFGJPCUSITVSI-UHFFFAOYSA-N,CC1CCC(C(C)CCC2CCC(C3CC4CC(C)CC(C)C4C3)CC2)C(C)C1,1,singleton,primary_metadata_requires_fulltext,metadata_pass_needs_fulltext,unavailable_or_rejected,,,,,,missing_or_rejected,not_assessed,not_assessed,,,blocked_missing_validated_prediction,validated_prediction_and_interval_unavailable,not_started_upstream_blocked,,,
URQ-2c107571ba430984,BDB-50410730,ARQDPBXHSFRPRH-UHFFFAOYSA-N,CC(CCC1CCC(C2CC3CC(C)CC(C)C3C2)CC1)CC1CCC(CC(C)(C)C2CCCC2)CC1,1,singleton,primary_metadata_requires_fulltext,metadata_pass_needs_fulltext,unavailable_or_rejected,,,,,,missing_or_rejected,not_assessed,not_assessed,,,blocked_missing_validated_prediction,validated_prediction_and_interval_unavailable,not_started_upstream_blocked,,,
URQ-d2f9a0b303858f8a,BDB-50410755,OBRLHFBUUWTVMS-UHFFFAOYSA-N,CC1CC(C)C2CC(C3CCC(CCC(C)C4CCCC4)CC3)CC2C1,1,singleton,primary_metadata_requires_fulltext,metadata_pass_needs_fulltext,unavailable_or_rejected,,,,,,missing_or_rejected,not_assessed,not_assessed,,,blocked_missing_validated_prediction,validated_prediction_and_interval_unavailable,not_started_upstream_blocked,,,
URQ-8044be78dbbb0872,BDB-50410768,PCVZFCWEKBFCAJ-UHFFFAOYSA-N,CC(CCC1CCCC1)CCC1CCC(C2CC3CC(C)CC(C)C3C2)CC1,1,singleton,primary_metadata_requires_fulltext,metadata_pass_needs_fulltext,unavailable_or_rejected,,,,,,missing_or_rejected,not_assessed,not_assessed,,,blocked_missing_validated_prediction,validated_prediction_and_interval_unavailable,not_started_upstream_blocked,,,
URQ-d776c2647d6cfdb9,BDB-50414356,OWZKUWVVPFHDPB-UHFFFAOYSA-N,CC(CCC1CCC(C2CC3CC(C)CC(C)C3C2)CC1)CC1CCC2CCCCC2C1,1,singleton,primary_metadata_requires_fulltext,metadata_pass_needs_fulltext,unavailable_or_rejected,,,,,,missing_or_rejected,not_assessed,not_assessed,,,blocked_missing_validated_prediction,validated_prediction_and_interval_unavailable,not_started_upstream_blocked,,,
URQ-639dfe2608b1052f,BDB-50432634,WZFUWGODTRDSBO-UHFFFAOYSA-N,CC(CCC1CCCCC1)C1CC2CCCCC2CC1C,1,singleton,quarantined_nonprimary_source,quarantine_nonprimary_source,unavailable_or_rejected,,,,,,missing_or_rejected,not_assessed,not_assessed,,,blocked_missing_validated_prediction,validated_prediction_and_interval_unavailable,not_started_upstream_blocked,,,
URQ-34e9a54b1f4fc2a6,BDB-50464751,YPHPMZXEJNUQSP-UHFFFAOYSA-N,CC(CCC1CCC2CCCCC2C1)CC1CC2CC(C3CCCC3)CC2C(C2CCCC2)C1,1,singleton,primary_metadata_requires_fulltext,metadata_pass_needs_fulltext,unavailable_or_rejected,,,,,,missing_or_rejected,not_assessed,not_assessed,,,blocked_missing_validated_prediction,validated_prediction_and_interval_unavailable,not_started_upstream_blocked,,,
URQ-59b0426d3d73bb4c,BDB-50470461,UHDZPXOSQNQCSS-UHFFFAOYSA-N,CC(CC(C1CCCCC1)C1CCCCC1)C1CCCC2CC(C3CCCC3)CC21,1,singleton,primary_metadata_requires_fulltext,metadata_pass_needs_fulltext,unavailable_or_rejected,,,,,,missing_or_rejected,not_assessed,not_assessed,,,blocked_missing_validated_prediction,validated_prediction_and_interval_unavailable,not_started_upstream_blocked,,,
URQ-a8ae11ea69cf2ee5,BDB-50470477,LRBRBZRXARFWFP-UHFFFAOYSA-N,CC(CCC1CCC(C2CCCCC2)CC1)C1CCCC2CC(C3CCCC3)CC21,1,singleton,primary_metadata_requires_fulltext,metadata_pass_needs_fulltext,unavailable_or_rejected,,,,,,missing_or_rejected,not_assessed,not_assessed,,,blocked_missing_validated_prediction,validated_prediction_and_interval_unavailable,not_started_upstream_blocked,,,
URQ-95ec905d8682ab06,BDB-50470488,CJWPDQKJIQQPSQ-UHFFFAOYSA-N,CC(CCC1CCCCC1)C1CCCC2CC(C3CCCC3)CC21,1,singleton,primary_metadata_requires_fulltext,metadata_pass_needs_fulltext,unavailable_or_rejected,,,,,,missing_or_rejected,not_assessed,not_assessed,,,blocked_missing_validated_prediction,validated_prediction_and_interval_unavailable,not_started_upstream_blocked,,,
URQ-3a68780d2eedc5f2,BDB-50478209,SZACFGFCZCXEEA-UHFFFAOYSA-N,CC(CC1CC2CCCCC2C2CC(C3CCCC3)CC12)C1CCCC1,1,singleton,primary_metadata_requires_fulltext,metadata_pass_needs_fulltext,unavailable_or_rejected,,,,,,missing_or_rejected,not_assessed,not_assessed,,,blocked_missing_validated_prediction,validated_prediction_and_interval_unavailable,not_started_upstream_blocked,,,
URQ-507f2cfdbd84c12b,BDB-50487423,UAWCCUPYYLZMFD-UHFFFAOYSA-N,CC1CCC2C(C)CC(C3CCCCC3)CC2C1,1,singleton,primary_locator_requires_retrieval,metadata_pass_doi_only_needs_source_retrieval,unavailable_or_rejected,,,,,,missing_or_rejected,not_assessed,not_assessed,,,blocked_missing_validated_prediction,validated_prediction_and_interval_unavailable,not_started_upstream_blocked,,,
URQ-b7f8e3c58945685f,BDB-50491507,KLNYLDYPZCWDDA-UHFFFAOYSA-N,CC(CCC1CCCCC1)CC1CC(C)C2CCCCC2C1,1,singleton,primary_metadata_requires_fulltext,metadata_pass_needs_fulltext,unavailable_or_rejected,,,,,,missing_or_rejected,not_assessed,not_assessed,,,blocked_missing_validated_prediction,validated_prediction_and_interval_unavailable,not_started_upstream_blocked,,,
URQ-23927be500b83fea,BDB-50491508,IYRBFSDYGUWBKM-UHFFFAOYSA-N,CC(CCCC1CCCCC1)CC1CC(C)C2CCCC2C1,1,singleton,primary_metadata_requires_fulltext,metadata_pass_needs_fulltext,unavailable_or_rejected,,,,,,missing_or_rejected,not_assessed,not_assessed,,,blocked_missing_validated_prediction,validated_prediction_and_interval_unavailable,not_started_upstream_blocked,,,
URQ-a0b4564f6eb16880,BDB-50492059,DDDMPSVRAPVZGB-UHFFFAOYSA-N,CC(CC1CC(C2CCCCC2)C(C2CCCCC2)C1)C1CCCC1,1,singleton,primary_metadata_requires_fulltext,metadata_pass_needs_fulltext,unavailable_or_rejected,,,,,,missing_or_rejected,not_assessed,not_assessed,,,blocked_missing_validated_prediction,validated_prediction_and_interval_unavailable,not_started_upstream_blocked,,,
URQ-4c090c9d3841bc23,BDB-50494432,AFPYJJLDUPLMID-UHFFFAOYSA-N,CC(CC1CCCC2CC(C3CCCC3)CC12)C1CCC(C2CCCCC2)CC1,1,singleton,quarantined_target_not_supported,quarantine_target_not_supported,unavailable_or_rejected,,,,,,missing_or_rejected,not_assessed,not_assessed,,,blocked_missing_validated_prediction,validated_prediction_and_interval_unavailable,not_started_upstream_blocked,,,
URQ-673e979dd318998f,BDB-50494467,WRHHNUZCUZVWLY-UHFFFAOYSA-N,CC1CCCC(C2CCCC2)C1,1,singleton,quarantined_target_not_supported,quarantine_target_not_supported,unavailable_or_rejected,,,,,,missing_or_rejected,not_assessed,not_assessed,,,blocked_missing_validated_prediction,validated_prediction_and_interval_unavailable,not_started_upstream_blocked,,,
URQ-f1332ab769dbc2e6,BDB-50494549,JNILKZBFDIKTIT-IOOBAMJDSA-N,CC1CC(C)C2CC(C34CC5CC(CC3C5)C4)CC2C1,1,singleton,primary_metadata_requires_fulltext,metadata_pass_needs_fulltext,unavailable_or_rejected,,,,,,missing_or_rejected,not_assessed,not_assessed,,,blocked_missing_validated_prediction,validated_prediction_and_interval_unavailable,not_started_upstream_blocked,,,
URQ-8b37f04aeb64db48,BDB-50495053,CVVQFVJXZSWYML-UHFFFAOYSA-N,C1CCC(CC2CC(C3CCCC3)CC(C3CCCC3)C2)CC1,1,singleton,endpoint_resolution_required,metadata_pass_requires_endpoint_resolution,unavailable_or_rejected,,,,,,missing_or_rejected,not_assessed,not_assessed,,,blocked_missing_validated_prediction,validated_prediction_and_interval_unavailable,not_started_upstream_blocked,,,
URQ-507d94bbda954072,BDB-50495601,BVHMCXNZSIPWQH-UHFFFAOYSA-N,CC(CC1CCC2CCCC2C1)C1CCCCC1,1,singleton,quarantined_target_not_supported,quarantine_target_not_supported,unavailable_or_rejected,,,,,,missing_or_rejected,not_assessed,not_assessed,,,blocked_missing_validated_prediction,validated_prediction_and_interval_unavailable,not_started_upstream_blocked,,,
URQ-02b12a38bba2a13d,BDB-50496139,WHJCTOCJGOSTSO-UHFFFAOYSA-N,CC1CC(C)C2CC(CC3CCC(CCCCC4CCC5(CCCC5)CC4)CC3)CC2C1,1,singleton,primary_metadata_requires_fulltext,metadata_pass_needs_fulltext,unavailable_or_rejected,,,,,,missing_or_rejected,not_assessed,not_assessed,,,blocked_missing_validated_prediction,validated_prediction_and_interval_unavailable,not_started_upstream_blocked,,,
URQ-48c94a937e1592f1,BDB-50496142,ACDUFNNGCHAONI-UHFFFAOYSA-N,CC1CC(C)C2CC(C3CCC(CCCCC4CCC(CC5CCCCC5)CC4)CC3)CC2C1,1,singleton,primary_metadata_requires_fulltext,metadata_pass_needs_fulltext,unavailable_or_rejected,,,,,,missing_or_rejected,not_assessed,not_assessed,,,blocked_missing_validated_prediction,validated_prediction_and_interval_unavailable,not_started_upstream_blocked,,,
URQ-39bf0dc9dafec1cd,BDB-50499695,JOTQMKXKZIECRX-FQEVSTJZSA-N,CC1C(CCCCC2CCCCC2)CC2CC3CCCCC3CC21,1,singleton,primary_metadata_requires_fulltext,metadata_pass_needs_fulltext,unavailable_or_rejected,,,,,,missing_or_rejected,not_assessed,not_assessed,,,blocked_missing_validated_prediction,validated_prediction_and_interval_unavailable,not_started_upstream_blocked,,,
URQ-4f6809e5e5271430,BDB-50505398,CERHJURNDKCFRJ-UHFFFAOYSA-N,CC(CCCCC1CCCC1)CC1CCC(C2CCC3CC(C4CCCCC4)C(C)C3C2)CC1,1,singleton,primary_metadata_requires_fulltext,metadata_pass_needs_fulltext,unavailable_or_rejected,,,,,,missing_or_rejected,not_assessed,not_assessed,,,blocked_missing_validated_prediction,validated_prediction_and_interval_unavailable,not_started_upstream_blocked,,,
URQ-9e05d233dd981bd0,BDB-50508676,LPOBTRHTHNJVJG-UHFFFAOYSA-N,CC(CC1CCCC2CC(C3CCCCC3)CC12)C1CCCCC1,1,singleton,primary_metadata_requires_fulltext,metadata_pass_needs_fulltext,unavailable_or_rejected,,,,,,missing_or_rejected,not_assessed,not_assessed,,,blocked_missing_validated_prediction,validated_prediction_and_interval_unavailable,not_started_upstream_blocked,,,
URQ-ba70250b419d3e41,BDB-50508681,BTDPUZHZCQINFZ-UHFFFAOYSA-N,CC(CC1CC(C2CCCCC2)CC2CC(C3CCCC3)CC12)C1CCCCC1,1,singleton,primary_metadata_requires_fulltext,metadata_pass_needs_fulltext,unavailable_or_rejected,,,,,,missing_or_rejected,not_assessed,not_assessed,,,blocked_missing_validated_prediction,validated_prediction_and_interval_unavailable,not_started_upstream_blocked,,,
URQ-fefd9d6ee8f4c860,BDB-50513536,BSBGWMHQUSMMBO-HIJSFIBBSA-N,C1CCC(C(C2CCCCC2)C2CCC(CCCC3CCC4CCC(C5CCCC5)C4C3)CC2)CC1,1,singleton,primary_metadata_requires_fulltext,metadata_pass_needs_fulltext,unavailable_or_rejected,,,,,,missing_or_rejected,not_assessed,not_assessed,,,blocked_missing_validated_prediction,validated_prediction_and_interval_unavailable,not_started_upstream_blocked,,,
URQ-3470343df88c19f9,BDB-50517299,VQFKOPZALUTGKJ-BGIGGGFGSA-N,C1CC(C(CC2CCCC3C(C4CCCC4)CCC23)C2CCC2)C1,1,singleton,quarantined_target_not_supported,quarantine_target_not_supported,unavailable_or_rejected,,,,,,missing_or_rejected,not_assessed,not_assessed,,,blocked_missing_validated_prediction,validated_prediction_and_interval_unavailable,not_started_upstream_blocked,,,
URQ-c7cc606d5f54e6f0,BDB-50534168,HJXMNEXKEFWFHF-UHFFFAOYSA-N,CC1CC(C)C2C(C1)CC1CC(C3CCCCC3)CCC12,1,singleton,primary_metadata_requires_fulltext,metadata_pass_needs_fulltext,unavailable_or_rejected,,,,,,missing_or_rejected,not_assessed,not_assessed,,,blocked_missing_validated_prediction,validated_prediction_and_interval_unavailable,not_started_upstream_blocked,,,
URQ-a18dcca0ac660103,BDB-50537273,HVFBZUURAZGZKR-UHFFFAOYSA-N,CC1CC(C)C2C(C1)CC1C(CC3CCCCC3)CCCC12,1,singleton,primary_metadata_requires_fulltext,metadata_pass_needs_fulltext,unavailable_or_rejected,,,,,,missing_or_rejected,not_assessed,not_assessed,,,blocked_missing_validated_prediction,validated_prediction_and_interval_unavailable,not_started_upstream_blocked,,,
URQ-cb360f021569da5f,BDB-50542172,KROGYTVNKZCWBC-UHFFFAOYSA-N,C1CCC(C2CCCC3CC4CCCCC4C32)C1,1,singleton,quarantined_target_not_supported,quarantine_target_not_supported,unavailable_or_rejected,,,,,,missing_or_rejected,not_assessed,not_assessed,,,blocked_missing_validated_prediction,validated_prediction_and_interval_unavailable,not_started_upstream_blocked,,,
URQ-6cf20843a9306319,BDB-50545315,UQWRJYJCAOENJM-UHFFFAOYSA-N,CC(CC1CCCCC1)CC1CCC(CCC2CCC3CC(C4CCCC4)CC3C2)CC1,1,singleton,primary_metadata_requires_fulltext,metadata_pass_needs_fulltext,unavailable_or_rejected,,,,,,missing_or_rejected,not_assessed,not_assessed,,,blocked_missing_validated_prediction,validated_prediction_and_interval_unavailable,not_started_upstream_blocked,,,
URQ-99e3c7ebe784cab0,BDB-50545321,PMUTYNGFYXBVDY-UHFFFAOYSA-N,CC(CCC1CCC(C2CCC3CC(C4CCCC4)CC3C2)CC1)CCC1C(C)C2CCCCC2C1(C)C,1,singleton,primary_metadata_requires_fulltext,metadata_pass_needs_fulltext,unavailable_or_rejected,,,,,,missing_or_rejected,not_assessed,not_assessed,,,blocked_missing_validated_prediction,validated_prediction_and_interval_unavailable,not_started_upstream_blocked,,,
URQ-9e57c85d0a3b493e,BDB-50545419,SFXLMSXZEZYXTH-UHFFFAOYSA-N,CC1C2CC(C3CCC(CCCC4CCCC4)CC3)CCC2CC1C1CCCCC1,1,singleton,primary_metadata_requires_fulltext,metadata_pass_needs_fulltext,unavailable_or_rejected,,,,,,missing_or_rejected,not_assessed,not_assessed,,,blocked_missing_validated_prediction,validated_prediction_and_interval_unavailable,not_started_upstream_blocked,,,
URQ-933a978741bd5b2a,BDB-50545432,AWJQTLFPUKLVQL-UHFFFAOYSA-N,CC1C2CC(C3CCC(CCCCC4CCCCC4)CC3)CCC2CC1C1CCCCC1,1,singleton,primary_metadata_requires_fulltext,metadata_pass_needs_fulltext,unavailable_or_rejected,,,,,,missing_or_rejected,not_assessed,not_assessed,,,blocked_missing_validated_prediction,validated_prediction_and_interval_unavailable,not_started_upstream_blocked,,,
URQ-8546acd1bd71be3d,BDB-50545434,QFMDFBRPJRPXLV-UHFFFAOYSA-N,CC1C2CC(C3CCC(CCCC4CCCCC4)CC3)CCC2CC1C1CCCCC1,1,singleton,primary_metadata_requires_fulltext,metadata_pass_needs_fulltext,unavailable_or_rejected,,,,,,missing_or_rejected,not_assessed,not_assessed,,,blocked_missing_validated_prediction,validated_prediction_and_interval_unavailable,not_started_upstream_blocked,,,
URQ-ea316f35ff82c199,BDB-50548094,CCHJCVDZPYFXQY-NSHDSACASA-N,C1CCC(C2CC3C4CCCC4CC(C4CCCC4)C3C2)C1,1,singleton,quarantined_target_not_supported,quarantine_target_not_supported,unavailable_or_rejected,,,,,,missing_or_rejected,not_assessed,not_assessed,,,blocked_missing_validated_prediction,validated_prediction_and_interval_unavailable,not_started_upstream_blocked,,,
URQ-c74aa23f69440e88,BDB-50555716,ILYCKBRKVXWUEH-UHFFFAOYSA-N,CC(CC1CCC(C2CCC3CC(C4CCCCC4)C(C)C3C2)CC1)C1CCCCC1,1,singleton,primary_metadata_requires_fulltext,metadata_pass_needs_fulltext,unavailable_or_rejected,,,,,,missing_or_rejected,not_assessed,not_assessed,,,blocked_missing_validated_prediction,validated_prediction_and_interval_unavailable,not_started_upstream_blocked,,,
URQ-a3f944e1bb3da6c6,BDB-50555722,XXOMDNKNONGBRR-UHFFFAOYSA-N,CC(CCCCCC1CCCCC1)CC1CCC(C2CCC3CC(C4CCCCC4)C(C)C3C2)CC1,1,singleton,primary_metadata_requires_fulltext,metadata_pass_needs_fulltext,unavailable_or_rejected,,,,,,missing_or_rejected,not_assessed,not_assessed,,,blocked_missing_validated_prediction,validated_prediction_and_interval_unavailable,not_started_upstream_blocked,,,
URQ-2768876c1bffa991,BDB-50555723,YKNBYIQXICDOOY-UHFFFAOYSA-N,CC(CCCCC1CCCCC1)CC1CCC(C2CCC3CC(C4CCCCC4)C(C)C3C2)CC1,1,singleton,primary_metadata_requires_fulltext,metadata_pass_needs_fulltext,unavailable_or_rejected,,,,,,missing_or_rejected,not_assessed,not_assessed,,,blocked_missing_validated_prediction,validated_prediction_and_interval_unavailable,not_started_upstream_blocked,,,
URQ-ba9ef851ebc771ee,BDB-50559039,XEABBZPOOUCNPW-UHFFFAOYSA-N,CC(CCCC1CCC(CCCCCCCC(C)C2CCC(C3C4CCCCC4CC4CC(C)CCC43)CC2)C1)CC1CC2CCCC2C2CC(C3CCCC3)CC12,1,singleton,source_fulltext_ready,metadata_pass_fulltext_ready,unavailable_or_rejected,,,,,,missing_or_rejected,not_assessed,not_assessed,,,blocked_missing_validated_prediction,validated_prediction_and_interval_unavailable,not_started_upstream_blocked,,,
URQ-994771daebf2eeef,BDB-50559043,PQBREZGPWVFSIR-UHFFFAOYSA-N,CC(CCCCCCCCCCCCCCCC(C)CC1CCC(C2C3CCCCC3CC3CC(C)CCC32)CC1)CC1CCC(CC(C)CC2CC3CCCC3C3CC(C4CCCC4)CC23)CC1,1,singleton,source_fulltext_ready,metadata_pass_fulltext_ready,unavailable_or_rejected,,,,,,missing_or_rejected,not_assessed,not_assessed,,,blocked_missing_validated_prediction,validated_prediction_and_interval_unavailable,not_started_upstream_blocked,,,
URQ-7e449bec1e1f6500,BDB-50563134,MVLSLPSPDRUARX-UHFFFAOYSA-N,CC(CC1CC2CCCC(C3CCCCC3)C2C1)C1CCCCC1,1,singleton,primary_metadata_requires_fulltext,metadata_pass_needs_fulltext,unavailable_or_rejected,,,,,,missing_or_rejected,not_assessed,not_assessed,,,blocked_missing_validated_prediction,validated_prediction_and_interval_unavailable,not_started_upstream_blocked,,,
URQ-beb2e23f49fd9a5f,BDB-50573591,XCPOOYABRFHDAQ-GZBFAFLISA-N,C1CCC(CCC2CC3CCCCC3C2C2CCCC2)CC1,1,singleton,source_fulltext_ready,metadata_pass_fulltext_ready,unavailable_or_rejected,,,,,,missing_or_rejected,not_assessed,not_assessed,,,blocked_missing_validated_prediction,validated_prediction_and_interval_unavailable,not_started_upstream_blocked,,,
URQ-24859dbbcf6bc415,BDB-50580289,HDCIDGKVVBLQNA-UHFFFAOYSA-N,C1CCC(CCCCC2CCC3CC(C4CCCC4)CC3C2)CC1,1,singleton,primary_metadata_requires_fulltext,metadata_pass_needs_fulltext,unavailable_or_rejected,,,,,,missing_or_rejected,not_assessed,not_assessed,,,blocked_missing_validated_prediction,validated_prediction_and_interval_unavailable,not_started_upstream_blocked,,,
URQ-bac100621b31babf,BDB-50580305,DSSCLJMOOUNHMW-UHFFFAOYSA-N,CC(CC1CCCCC1)C1CCC(CCCCC2CCC3CC(C4CCCC4)CC3C2)CC1,1,singleton,primary_metadata_requires_fulltext,metadata_pass_needs_fulltext,unavailable_or_rejected,,,,,,missing_or_rejected,not_assessed,not_assessed,,,blocked_missing_validated_prediction,validated_prediction_and_interval_unavailable,not_started_upstream_blocked,,,
URQ-5b9400e645b010f3,BDB-50580308,ONXZCTJYOFXBKU-UHFFFAOYSA-N,CC(CC1CCCCC1)C1CCC(CCCC2CCC3C2CCC2CC(C4CCCC4)CC23)CC1,1,singleton,primary_metadata_requires_fulltext,metadata_pass_needs_fulltext,unavailable_or_rejected,,,,,,missing_or_rejected,not_assessed,not_assessed,,,blocked_missing_validated_prediction,validated_prediction_and_interval_unavailable,not_started_upstream_blocked,,,
URQ-98290a9c217a3c5f,BDB-50580310,OJSWNBSTDSTLPO-UHFFFAOYSA-N,CC(CC1CCCCC1)C1CCC(CCCC2CCC3CC(C4CCCC4)CC3C2)CC1,1,singleton,primary_metadata_requires_fulltext,metadata_pass_needs_fulltext,unavailable_or_rejected,,,,,,missing_or_rejected,not_assessed,not_assessed,,,blocked_missing_validated_prediction,validated_prediction_and_interval_unavailable,not_started_upstream_blocked,,,
URQ-f612c82e8d49c14c,BDB-50580311,AWMBFBCZLVOQAV-UHFFFAOYSA-N,CC(CC1CCCCC1)C1CCC(CCC2CCC3C2CCC2CC(C4CCCC4)CC23)CC1,1,singleton,primary_metadata_requires_fulltext,metadata_pass_needs_fulltext,unavailable_or_rejected,,,,,,missing_or_rejected,not_assessed,not_assessed,,,blocked_missing_validated_prediction,validated_prediction_and_interval_unavailable,not_started_upstream_blocked,,,
URQ-54d89334da717e7b,BDB-50580512,QYDDQJVHZBTEMT-UHFFFAOYSA-N,C1CCC(CCCCC2CCC(C3CCCC4C5CCCCC5CC34)CC2)CC1,1,singleton,primary_metadata_requires_fulltext,metadata_pass_needs_fulltext,unavailable_or_rejected,,,,,,missing_or_rejected,not_assessed,not_assessed,,,blocked_missing_validated_prediction,validated_prediction_and_interval_unavailable,not_started_upstream_blocked,,,
URQ-4e240de93669c1b2,BDB-50584581,BUXDJJICYXLCEH-UHFFFAOYSA-N,C1CCC(C2CCCC(C3CCC4CCCCC4C3)C2)CC1,1,singleton,source_fulltext_ready,metadata_pass_fulltext_ready,unavailable_or_rejected,,,,,,missing_or_rejected,not_assessed,not_assessed,,,blocked_missing_validated_prediction,validated_prediction_and_interval_unavailable,not_started_upstream_blocked,,,
URQ-2aced246dabcc7e4,BDB-50584629,UTSMDVBQXYDAIT-UHFFFAOYSA-N,C1CCC(CC2CC(C3CCCCC3)CC(C3CCCC3)C2)CC1,1,singleton,source_fulltext_ready,metadata_pass_fulltext_ready,unavailable_or_rejected,,,,,,missing_or_rejected,not_assessed,not_assessed,,,blocked_missing_validated_prediction,validated_prediction_and_interval_unavailable,not_started_upstream_blocked,,,
URQ-df40dd64b431dfec,BDB-50594653,WVAMXXSOZXMUOF-UHFFFAOYSA-N,C1CCC(CCCC2CCCC3CCCC23)CC1,1,singleton,quarantined_nonprimary_source,quarantine_nonprimary_source,unavailable_or_rejected,,,,,,missing_or_rejected,not_assessed,not_assessed,,,blocked_missing_validated_prediction,validated_prediction_and_interval_unavailable,not_started_upstream_blocked,,,
URQ-e6c0e0736865e08c,BDB-50627155,RATZCLQARSHGQO-UHFFFAOYSA-N,CC1CCC(CC2CCCC2)C2CCC(CC3CCCC3)C12,1,singleton,quarantined_nonprimary_source,quarantine_nonprimary_source,unavailable_or_rejected,,,,,,missing_or_rejected,not_assessed,not_assessed,,,blocked_missing_validated_prediction,validated_prediction_and_interval_unavailable,not_started_upstream_blocked,,,
URQ-3d850df5510e7617,BDB-50628405,YFDPVXTZPTZXLH-KPAZRMRSSA-N,C1CCC(CCC2CCCC3C2CC(C2CCCC2)C3C2CCCC2)CC1,1,singleton,source_fulltext_ready,metadata_pass_fulltext_ready,unavailable_or_rejected,,,,,,missing_or_rejected,not_assessed,not_assessed,,,blocked_missing_validated_prediction,validated_prediction_and_interval_unavailable,not_started_upstream_blocked,,,
URQ-eb6d802e0c6ac45f,BDB-50628408,XRKKJGGYJHRJNY-OWDMVUQNSA-N,C1CCC(CCCC2CCC3CC(C4CCCC4)C(C4CCCC4)C3C2)CC1,1,singleton,source_fulltext_ready,metadata_pass_fulltext_ready,unavailable_or_rejected,,,,,,missing_or_rejected,not_assessed,not_assessed,,,blocked_missing_validated_prediction,validated_prediction_and_interval_unavailable,not_started_upstream_blocked,,,
URQ-ae7970fdf92f731e,BDB-50638405,JFKRMUAVFJYHNX-KGBXAXFASA-N,C1CCC(C2CCC3CC(C4CCCC4)C(C4CCCC4)C3C2)C1,1,singleton,source_fulltext_ready,metadata_pass_fulltext_ready,unavailable_or_rejected,,,,,,missing_or_rejected,not_assessed,not_assessed,,,blocked_missing_validated_prediction,validated_prediction_and_interval_unavailable,not_started_upstream_blocked,,,
URQ-058a4669794f921e,BDB-50649071,XMSOXVWUIFQNHX-UHFFFAOYSA-N,C1CCC2C(C1)CC(C1CCCC1)C1CCCC21,1,singleton,quarantined_nonprimary_source,quarantine_nonprimary_source,unavailable_or_rejected,,,,,,missing_or_rejected,not_assessed,not_assessed,,,blocked_missing_validated_prediction,validated_prediction_and_interval_unavailable,not_started_upstream_blocked,,,
URQ-74a7bc93eab29194,BDB-50649072,DAEVVVNWLHLTCV-UHFFFAOYSA-N,C1CCC(C2CC3CCCCC3C3CCCC23)CC1,1,singleton,quarantined_nonprimary_source,quarantine_nonprimary_source,unavailable_or_rejected,,,,,,missing_or_rejected,not_assessed,not_assessed,,,blocked_missing_validated_prediction,validated_prediction_and_interval_unavailable,not_started_upstream_blocked,,,
