candidate_id,bindingdb_monomer_id,standardized_smiles,standardized_inchikey,generic_murcko_scaffold_smiles,doi,pmid,sealed_exact_ki_measurement_count,prior_exact_structure_overlap,model_selection_generic_scaffold_overlap,primary_evidence_review_status,intake_status,quarantine_reasons,queue_rank,reviewer_1,reviewer_1_decision,reviewer_2,reviewer_2_decision,adjudicator,final_evidence_decision,review_notes
BDB-50147876,50147876,CCOc1cc(-c2ccccc2)nc2c1ccc(=O)n2CC,RCDDAILWTKWNPX-UHFFFAOYSA-N,CC1CCC2CCC(C3CCCCC3)CC2C1,10.1021/jm030977p,15163184,2,False,False,pending_dual_review,eligible_for_primary_evidence_review,,1,,,,,,,
BDB-50196551,50196551,Cc1ccc(Nc2nc(-n3cc(CO)cn3)nc3c2ncn3[C@@H]2O[C@H](CO)[C@@H](O)[C@H]2O)cc1,FFXMREHKIUCCAM-WVSUBDOOSA-N,C1CCC(CC2CC(C3CCCC3)CC3C(C4CCCC4)CCC23)CC1,10.1016/j.bmcl.2006.09.065,17045477,1,False,False,pending_dual_review,eligible_for_primary_evidence_review,,2,,,,,,,
BDB-50298515,50298515,O=C(Nc1nc2nn(CCCc3ccccc3)cc2c2nc(-c3ccco3)nn12)C(c1ccccc1)c1ccccc1,DQISRGLAFBOHSH-UHFFFAOYSA-N,CC(CC1CC2CC(CCCC3CCCCC3)CC2C2CC(C3CCCC3)CC12)C(C1CCCCC1)C1CCCCC1,10.1016/j.bmc.2009.05.038,19501513,1,False,False,pending_dual_review,eligible_for_primary_evidence_review,,3,,,,,,,
BDB-50108038,50108038,CN1CCN(S(=O)(=O)c2ccc(CCn3ncc4c3nc(N)n3nc(-c5ccco5)nc43)cc2)CC1,UIAWUQHFYVTKHM-UHFFFAOYSA-N,CC(C)(C1CCCCC1)C1CCC(CCC2CCC3C2CCC2CC(C4CCCC4)CC23)CC1,10.1016/j.bmc.2009.05.038|10.1021/jm010924c,11754583|19501513,2,False,False,pending_dual_review,eligible_for_primary_evidence_review,,4,,,,,,,
BDB-50379111,50379111,O[C@@H]1[C@H](O)[C@@H]2C[C@@H]2[C@H]1n1cnc2c(NC3CCC3)nc(Cl)nc21,KPGIVUGNOFGZRD-FFVUVFKMSA-N,C1CC(CC2CCCC3C2CCC3C2CCC3CC32)C1,10.1021/ml200114q,21858244,1,False,False,pending_dual_review,eligible_for_primary_evidence_review,,5,,,,,,,
BDB-50048061,50048061,COc1ccc(CNc2ncc(C(=O)NCCc3ccccc3)c3nc(-c4ccco4)nn23)cc1OC,AISRPRRMNYPGJX-UHFFFAOYSA-N,CC(CCCC1CCCCC1)C1CCC(CCC2CCCCC2)C2CC(C3CCCC3)CC12,10.1021/jm500752h,24972108,1,False,False,pending_dual_review,eligible_for_primary_evidence_review,,6,,,,,,,
BDB-50375482,50375482,O=C(Nc1cc(-c2ccc3c(c2)OCO3)nc(-c2ccccc2)n1)C1CC1,JBNQXRACQBYPQU-UHFFFAOYSA-N,CC(CC1CC(C2CCCCC2)CC(C2CCC3CCCC3C2)C1)C1CC1,10.1016/j.bmc.2008.01.013,18258439,1,False,False,pending_dual_review,eligible_for_primary_evidence_review,,7,,,,,,,
BDB-50003233,50003233,O=C(COc1ccc(-c2cc3c([nH]2)c(=O)n(CC2CC2)c(=O)n3CC2CC2)cc1)N1CCN(c2ccccc2)CC1,FZSRIJONUFLHPK-UHFFFAOYSA-N,CC(CCC1CCC(C2CC3C(C)C(CC4CC4)C(C)C(CC4CC4)C3C2)CC1)C1CCC(C2CCCCC2)CC1,10.1016/j.bmc.2008.01.002,18226909,1,False,False,pending_dual_review,eligible_for_primary_evidence_review,,8,,,,,,,
BDB-50256952,50256952,Nc1ncnc2c1nc(Br)n2C1CCCCC1,IVKXIMVGTFMPDF-UHFFFAOYSA-N,C1CCC(C2CCC3CCCCC32)CC1,10.1016/j.bmc.2009.02.030,19282184,1,False,False,pending_dual_review,eligible_for_primary_evidence_review,,9,,,,,,,
BDB-50342519,50342519,N=c1ccc2c(-c3ccc(C(=O)NCCNC(=O)COc4ccc(CCCn5ncc6c5nc(N)n5nc(-c7ccco7)nc65)cc4)cc3C(=O)O)c3ccc(N)c(S(=O)(=O)O)c3oc-2c1S(=O)(=O)O,HHKJUHAIZLHJQI-UHFFFAOYSA-N,CC(CCCCC(C)C1CCC(C2C3CCCCC3CC3CC(C)CCC32)CC1)CCC1CCC(CCCC2CCC3C2CCC2CC(C4CCCC4)CC23)CC1,10.1016/j.bmcl.2010.11.082,21185184,1,False,False,pending_dual_review,eligible_for_primary_evidence_review,,10,,,,,,,
BDB-50256363,50256363,COCCOc1ccc(N2CCN(CCN(CC3CC3)c3cc4nc(-c5ccco5)nn4c(N)n3)CC2)cc1,DKTSTJQGCYJNIY-UHFFFAOYSA-N,C1CCC(C2CCC(CCC(CC3CC3)C3CCC4CC(C5CCCC5)CC4C3)CC2)CC1,10.1016/j.bmcl.2008.11.075,19109019,1,False,False,pending_dual_review,eligible_for_primary_evidence_review,,11,,,,,,,
BDB-50638405,50638405,Nc1nc(-c2ccco2)nc2c1nc(-c1ccco1)n2[C@@H]1OC[C@@H](O)[C@H]1O,JFKRMUAVFJYHNX-KGBXAXFASA-N,C1CCC(C2CCC3CC(C4CCCC4)C(C4CCCC4)C3C2)C1,,38845345,1,False,False,pending_dual_review,eligible_for_primary_evidence_review,,12,,,,,,,
BDB-50382977,50382977,CSc1nc2nc3c(c(=O)n2[nH]1)CN(Cc1ccccc1)CC3,XEPILNOUAKDUOM-UHFFFAOYSA-N,CC1C2CCCC2CC2CCC(CC3CCCCC3)CC21,10.1021/jm201455y,22250781,1,False,False,pending_dual_review,eligible_for_primary_evidence_review,,13,,,,,,,
BDB-50376937,50376937,CCCn1c(=O)c2[nH]c(-c3cnn(Cc4cc(-c5ccc(C(F)(F)F)cc5)on4)c3)nc2n(CC)c1=O,VZYBYMUZWCFKQU-UHFFFAOYSA-N,CC1CC(C)C2CC(C3CCC(CC4CCC(C5CCCCC5)C4)C3)CC2C1,10.1021/jm7014815,18321039,1,False,False,pending_dual_review,eligible_for_primary_evidence_review,,14,,,,,,,
BDB-50499695,50499695,N=C1N(CCCCc2ccccc2)C[C@@H]2Cc3ccccc3CN12,JOTQMKXKZIECRX-FQEVSTJZSA-N,CC1C(CCCCC2CCCCC2)CC2CC3CCCCC3CC21,10.1016/j.ejmech.2015.10.030,26513641,1,False,False,pending_dual_review,eligible_for_primary_evidence_review,,15,,,,,,,
BDB-50470461,50470461,CNc1ncc(C(=O)NC(c2ccccc2)c2ccccc2)c2nc(-c3ccco3)nn12,UHDZPXOSQNQCSS-UHFFFAOYSA-N,CC(CC(C1CCCCC1)C1CCCCC1)C1CCCC2CC(C3CCCC3)CC21,10.1016/j.ejmech.2018.08.042,30144700,1,False,False,pending_dual_review,eligible_for_primary_evidence_review,,16,,,,,,,
BDB-50383010,50383010,O=c1c(-c2ccco2)nnc2n(CCc3ccccc3)c3ccccc3n12,TYMRXESQMJNRFG-UHFFFAOYSA-N,CC1C(C2CCCC2)CCC2C(CCC3CCCCC3)C3CCCCC3C12,10.1021/jm201177b,22257095,1,False,False,pending_dual_review,eligible_for_primary_evidence_review,,17,,,,,,,
BDB-50085666,50085666,CCNC(=O)[C@H]1O[C@@H](n2cnc3c(NCC(c4ccccc4)c4ccccc4)nc(NCCc4cnc[nH]4)nc32)[C@H](O)[C@@H]1O,NANAINBLSKKKCP-YRIIQKNPSA-N,C1CCC(C(CCC2CC(CCCC3CCCC3)CC3C(C4CCCC4)CCC23)C2CCCCC2)CC1,10.1016/s0960-894x(00)00017-2,10714510,1,False,False,pending_dual_review,eligible_for_primary_evidence_review,,18,,,,,,,
BDB-50171773,50171773,Cc1ccc2c(N=[N+]=[N-])c(Cc3ccccc3)cnc2n1,GFTOIPQCHLKALF-UHFFFAOYSA-N,C1CCC(CC2CCC3CCCCC3C2)CC1,10.1016/j.bmcl.2005.06.064,16099648,2,False,False,pending_dual_review,eligible_for_primary_evidence_review,,19,,,,,,,
BDB-50377555,50377555,Nc1nc(-c2ccccc2)c2ncn(C(=O)NCc3ccccc3)c2n1,MNONTGDJIJLFPU-UHFFFAOYSA-N,CC(CCC1CCCCC1)C1CCC2C(C3CCCCC3)CCCC12,10.1016/j.bmcl.2008.03.072,18411049,1,False,False,pending_dual_review,eligible_for_primary_evidence_review,,20,,,,,,,
BDB-50102281,50102281,O=c1c(-c2ccc(O)cc2)nnc2n(Cc3ccccc3)c3ccccc3n12,JYELSORFHCQDSM-UHFFFAOYSA-N,CC1C(C2CCCCC2)CCC2C(CC3CCCCC3)C3CCCCC3C12,10.1021/jm001054m,11462973,1,False,False,pending_dual_review,eligible_for_primary_evidence_review,,21,,,,,,,
BDB-50336988,50336988,O=C(CC1CCCC1)Nc1cnc(-c2ccncc2)c(-c2ccco2)n1,QGEFGRKOALZSHD-UHFFFAOYSA-N,CC(CC1CCCC1)CC1CCC(C2CCCCC2)C(C2CCCC2)C1,10.1021/ml100249e,24900298,1,False,False,pending_dual_review,eligible_for_primary_evidence_review,,22,,,,,,,
BDB-50170827,50170827,c1nc2nc(Nc3ccc(N4CCOCC4)cc3)nc(NC3CC4CCC3C4)c2[nH]1,TYCRGJHWMDJLCO-UHFFFAOYSA-N,C1CCC(C2CCC(CC3CC4CCCC4C(CC4CC5CCC4C5)C3)CC2)CC1,10.1021/jm050221l,16033270,1,False,False,pending_dual_review,eligible_for_primary_evidence_review,,23,,,,,,,
BDB-50152092,50152092,COc1ccc(-c2cnn(-c3nc(NCc4cccc(I)c4)c4ncn(C5O[C@H](CO)[C@@H](O)[C@H]5O)c4n3)c2)cc1,LHHKPNOHZCRPQI-CUVLRLMBSA-N,C1CCC(CCC2CC(C3CCC(C4CCCCC4)C3)CC3C(C4CCCC4)CCC23)CC1,10.1021/jm049682h,15341491,1,False,False,pending_dual_review,eligible_for_primary_evidence_review,,24,,,,,,,
BDB-50580308,50580308,Nc1ccccc1NC(=O)c1ccc(CCCn2ncc3c2nc(N)n2nc(-c4ccco4)nc32)cc1,ONXZCTJYOFXBKU-UHFFFAOYSA-N,CC(CC1CCCCC1)C1CCC(CCCC2CCC3C2CCC2CC(C4CCCC4)CC23)CC1,10.1021/acs.jmedchem.1c01155,34783558,1,False,False,pending_dual_review,eligible_for_primary_evidence_review,,25,,,,,,,
BDB-21212,21212,Cc1cc(C)n(-c2cc(NC(=O)CCN3CC[C@H](N(C)C)C3)nc(-c3ccc(C)o3)n2)n1,FVYCZVOQAJZLBF-SFHVURJKSA-N,CC(CCC1CCCC1)CC1CC(C2CCCC2)CC(C2CCCC2)C1,10.1021/jm701187w,18307293,1,False,False,pending_dual_review,eligible_for_primary_evidence_review,,26,,,,,,,
BDB-50262266,50262266,N#Cc1c(-c2ccc3c(c2)OCO3)cc(-c2ccco2)nc1N,BSDPUVBSSGQTGP-UHFFFAOYSA-N,C1CCC(C2CCCC(C3CCC4CCCC4C3)C2)C1,10.1021/jm701594y,18637670,1,False,False,pending_dual_review,eligible_for_primary_evidence_review,,27,,,,,,,
BDB-50494467,50494467,CCCC1=C(C(=O)OCC)C(c2ccco2)NC(=O)N1,WRHHNUZCUZVWLY-UHFFFAOYSA-N,CC1CCCC(C2CCCC2)C1,10.1021/ml400185v,24900602,1,False,False,pending_dual_review,eligible_for_primary_evidence_review,,28,,,,,,,
BDB-50247934,50247934,COc1cccc(-n2c(=O)n(Cc3c(F)cccc3F)c3cnc(NCCc4cccs4)nc32)c1,LYNYVXYEWWSYMQ-UHFFFAOYSA-N,CC1C(CC2CCCCC2)C2CCC(CCCC3CCCC3)CC2C1C1CCCCC1,10.1016/j.bmcl.2009.01.042,19181527,1,False,False,pending_dual_review,eligible_for_primary_evidence_review,,29,,,,,,,
BDB-50464751,50464751,O=C(CCN1CCc2ccccc2C1)Nc1cc(-c2ccco2)c2oc(-c3ccco3)nc2c1,YPHPMZXEJNUQSP-UHFFFAOYSA-N,CC(CCC1CCC2CCCCC2C1)CC1CC2CC(C3CCCC3)CC2C(C2CCCC2)C1,10.1016/j.ejmech.2017.12.007,29268131,1,False,False,pending_dual_review,eligible_for_primary_evidence_review,,30,,,,,,,
BDB-50410755,50410755,CCCn1c(=O)c2[nH]c(-c3ccc(OCC(=O)n4ccc(N)n4)cc3)cc2n(CCC)c1=O,OBRLHFBUUWTVMS-UHFFFAOYSA-N,CC1CC(C)C2CC(C3CCC(CCC(C)C4CCCC4)CC3)CC2C1,10.1021/jm0506221,16392813,1,False,False,pending_dual_review,eligible_for_primary_evidence_review,,31,,,,,,,
BDB-50189175,50189175,S=C(NCc1ccccc1)N(Cc1ccccc1)c1nc2c(Cl)ncnc2s1,GMRJTVNCPZHTOX-UHFFFAOYSA-N,CC(CCC1CCCCC1)C(CC1CCCCC1)C1CC2CCCCC2C1,10.1021/acs.jmedchem.6b00552,27227326,1,False,False,pending_dual_review,eligible_for_primary_evidence_review,,32,,,,,,,
BDB-50377544,50377544,Nc1nc(-c2ccco2)c2cnn(CCCc3ccccc3)c2n1,CECMCHUAHZIDKZ-UHFFFAOYSA-N,C1CCC(CCCC2CCC3C(C4CCCC4)CCCC23)CC1,10.1016/j.bmcl.2008.03.072,18411049,1,False,False,pending_dual_review,eligible_for_primary_evidence_review,,33,,,,,,,
BDB-50064625,50064625,Cc1ccc(Nc2nc(N(C)C)c(C(=O)Nc3sc4c(c3C(N)=O)CCCC4)s2)cc1,MEMQHGHFQKPZOS-UHFFFAOYSA-N,CC(CC1CC2CCCCC2C1)C1CCC(CC2CCCCC2)C1,10.1016/j.bmcl.2015.01.040,25686851,1,False,False,pending_dual_review,eligible_for_primary_evidence_review,,34,,,,,,,
BDB-50389837,50389837,Cc1cccc2sc(NC(=O)CNS(=O)(=O)c3cccs3)nc12,WEBVJYSWMVKMFV-UHFFFAOYSA-N,CC(CCC(C)(C)C1CCCC1)CC1CC2CCCCC2C1,10.1021/jm300280e,22563707,1,False,False,pending_dual_review,eligible_for_primary_evidence_review,,35,,,,,,,
BDB-50013702,50013702,Nc1ncnc2c1ncn2C1CCCCCC1,FHZRSYFMJLJWBS-UHFFFAOYSA-N,C1CCCC(C2CCC3CCCCC32)CC1,10.1016/j.bmc.2009.02.030,19282184,1,False,False,pending_dual_review,eligible_for_primary_evidence_review,,36,,,,,,,
BDB-50377546,50377546,Nc1nc(-c2ccco2)c2cnn(Cc3ccco3)c2n1,PDHBEXZQMIJQMS-UHFFFAOYSA-N,C1CCC(CC2CCC3C(C4CCCC4)CCCC23)C1,10.1016/j.bmcl.2008.03.072,18411049,1,False,False,pending_dual_review,eligible_for_primary_evidence_review,,37,,,,,,,
BDB-50023391,50023391,CCCn1c(=O)n(Cc2ccc(N)c(I)c2)c(=O)c2[nH]c(-c3ccc(OCC(=O)O)cc3)nc21,MMUQMGJPHOIRRP-UHFFFAOYSA-N,CC1CC2CC(C3CCCCC3)CC2C(C)C1CC1CCCCC1,10.1021/jm00399a010,3351850,1,False,False,pending_dual_review,eligible_for_primary_evidence_review,,38,,,,,,,
BDB-50139722,50139722,COc1ccc(C=NNC(=S)Cc2ccccc2)c(O)c1,XLTCCJIUIMYSBX-UHFFFAOYSA-N,CC(CCCC1CCCCC1)CC1CCCCC1,10.1016/j.bmcl.2003.09.095,14741297,1,False,False,pending_dual_review,eligible_for_primary_evidence_review,,39,,,,,,,
BDB-50248436,50248436,COc1cccc(-n2c(=O)n(C)c3cnc(NC4CC4)nc32)c1,AJRRIEGYRSNLNQ-UHFFFAOYSA-N,CC1CC2CCC(CC3CC3)CC2C1C1CCCCC1,10.1016/j.bmcl.2009.01.042,19181527,1,False,False,pending_dual_review,eligible_for_primary_evidence_review,,40,,,,,,,
BDB-50470477,50470477,CNc1ncc(C(=O)NCc2ccc(-c3ccccc3)cc2)c2nc(-c3ccco3)nn12,LRBRBZRXARFWFP-UHFFFAOYSA-N,CC(CCC1CCC(C2CCCCC2)CC1)C1CCCC2CC(C3CCCC3)CC21,10.1016/j.ejmech.2018.08.042,30144700,1,False,False,pending_dual_review,eligible_for_primary_evidence_review,,41,,,,,,,
BDB-50137530,50137530,O=C(Cc1ccccc1)Nc1nc(NCc2ccccc2)nc2nc(-c3ccco3)nn12,XDBHEXCFNGFAMS-UHFFFAOYSA-N,CC(CC1CCCCC1)CC1CC(CCC2CCCCC2)CC2CC(C3CCCC3)CC12,10.1016/j.ejmech.2015.12.019,26717203,1,False,False,pending_dual_review,eligible_for_primary_evidence_review,,42,,,,,,,
BDB-50389836,50389836,NC(=NC(=O)CN1C(=O)C2CCCCC2C1=O)Nc1nc2ccccc2s1,MIWQXYRPJRSUKA-UHFFFAOYSA-N,CC(CCCC1CC2CCCCC2C1)CC1C(C)C2CCCCC2C1C,10.1021/jm300280e,22563707,1,False,False,pending_dual_review,eligible_for_primary_evidence_review,,43,,,,,,,
BDB-50361327,50361327,Nc1nc2cnn(CCc3ccccc3)c2c2nc(-c3ccco3)nn12,SLRFMWZADWPTCV-UHFFFAOYSA-N,C1CCC(CCC2CCC3CCC4CC(C5CCCC5)CC4C23)CC1,10.1016/j.bmc.2011.11.037,22204739,1,False,False,pending_dual_review,eligible_for_primary_evidence_review,,44,,,,,,,
BDB-50095788,50095788,Cn1c(-c2ccccc2F)nc2c(N)nc(C#CC3(O)CCCCC3)nc21,OGMPGZVDXMCVJD-UHFFFAOYSA-N,C1CCC(CCC2CCC3CC(C4CCCCC4)CC3C2)CC1,10.1021/jm990499b,11170626,1,False,False,pending_dual_review,eligible_for_primary_evidence_review,,45,,,,,,,
BDB-50208811,50208811,Cc1ccc(S(=O)(=O)n2c(CCOc3nc(N)c4ncn([C@@H]5O[C@H](CO)[C@@H](O)[C@H]5O)c4n3)cc3ccccc32)cc1,ZJDAEJJMDHYEGB-HUBRGWSESA-N,CC(C)(C1CCCCC1)C1C(CCCC2CCC3CCC(C4CCCC4)C3C2)CC2CCCCC21,10.1021/jm061278q,17378544,1,False,False,pending_dual_review,eligible_for_primary_evidence_review,,46,,,,,,,
BDB-50382979,50382979,NC(c1csc(Nc2nncc3ccccc23)n1)c1ccccc1Cl,GCRYBPRWBPKFMF-UHFFFAOYSA-N,C1CCC(CC2CCC(CC3CCCC4CCCCC43)C2)CC1,10.1021/jm201455y,22250781,1,False,False,pending_dual_review,eligible_for_primary_evidence_review,,47,,,,,,,
BDB-50139734,50139734,S=C(Cc1ccccc1)NN=Cc1cnc2ccccc2c1,JBZHGBGUPKQCBU-UHFFFAOYSA-N,CC(CCCC1CCC2CCCCC2C1)CC1CCCCC1,10.1016/j.bmcl.2003.09.095,14741297,1,False,False,pending_dual_review,eligible_for_primary_evidence_review,,48,,,,,,,
BDB-50508681,50508681,O=C(Nc1nc(-c2ccccc2)nc2sc(-c3ccco3)nc12)c1ccccc1,BTDPUZHZCQINFZ-UHFFFAOYSA-N,CC(CC1CC(C2CCCCC2)CC2CC(C3CCCC3)CC12)C1CCCCC1,10.1016/j.bmcl.2018.12.062,30638876,1,False,False,pending_dual_review,eligible_for_primary_evidence_review,,49,,,,,,,
BDB-50194816,50194816,Fc1ccc(CNc2nc(-c3ccccc3)cc(C(F)(F)F)n2)cc1,SVNVSTDRFRAKND-UHFFFAOYSA-N,C1CCC(CCC2CCCC(C3CCCCC3)C2)CC1,10.1016/j.bmcl.2006.08.116,16971117,1,False,False,pending_dual_review,eligible_for_primary_evidence_review,,50,,,,,,,
BDB-50470488,50470488,CNc1ncc(C(=O)NCc2ccc(OC)c(OC)c2)c2nc(-c3ccco3)nn12,CJWPDQKJIQQPSQ-UHFFFAOYSA-N,CC(CCC1CCCCC1)C1CCCC2CC(C3CCCC3)CC21,10.1016/j.ejmech.2018.08.042,30144700,1,False,False,pending_dual_review,eligible_for_primary_evidence_review,,51,,,,,,,
BDB-50139768,50139768,CSc1cccc2c(C(=O)NCc3cccc4cccnc34)nc(N)nc12,DVGQDYYVGLUGNW-UHFFFAOYSA-N,CC(CCC1CCCC2CCCCC21)C1CCCC2CCCCC21,10.1016/j.bmcl.2015.11.048,26781932,2,False,False,pending_dual_review,eligible_for_primary_evidence_review,,52,,,,,,,
BDB-50545321,50545321,Nc1nc(N2CCC(CNC(=O)CCN3C(=O)c4ccccc4S3(=O)=O)CC2)nc2sc(-c3ccco3)nc12,PMUTYNGFYXBVDY-UHFFFAOYSA-N,CC(CCC1CCC(C2CCC3CC(C4CCCC4)CC3C2)CC1)CCC1C(C)C2CCCCC2C1(C)C,10.1016/j.bmcl.2020.127067,32165041,1,False,False,pending_dual_review,eligible_for_primary_evidence_review,,53,,,,,,,
BDB-50196544,50196544,OCc1cnn(-c2nc(Nc3ncc4ccccc4n3)c3ncn([C@@H]4O[C@H](CO)[C@@H](O)[C@H]4O)c3n2)c1,JTJKCSSYQFNNON-WVSUBDOOSA-N,C1CCC2CC(CC3CC(C4CCCC4)CC4C(C5CCCC5)CCC34)CCC2C1,10.1016/j.bmcl.2006.09.065,17045477,1,False,False,pending_dual_review,eligible_for_primary_evidence_review,,54,,,,,,,
BDB-50410728,50410728,CCCn1c(=O)c2[nH]c(-c3ccc(OCC(=O)c4c(NC(=O)O)[nH]c(=O)n(C)c4=O)cc3)cc2n(CCC)c1=O,PDFGJPCUSITVSI-UHFFFAOYSA-N,CC1CCC(C(C)CCC2CCC(C3CC4CC(C)CC(C)C4C3)CC2)C(C)C1,10.1021/jm0506221,16392813,1,False,False,pending_dual_review,eligible_for_primary_evidence_review,,55,,,,,,,
BDB-50141449,50141449,Nc1nc(NC(=O)CC2CCCCC2)nc2c1ncn2[C@@H]1O[C@H](CO)[C@@H](O)[C@H]1O,SBJQACFELVSXPD-IWCJZZDYSA-N,CC(CC1CCCCC1)CC1CCC2CCC(C3CCCC3)C2C1,10.1016/j.bmcl.2004.01.011,15006389,1,False,False,pending_dual_review,eligible_for_primary_evidence_review,,56,,,,,,,
BDB-21199,21199,Cc1cc(C)n(-c2cc(NC(=O)CN3CCCOCC3)nc(-c3ccc(C)o3)n2)n1,MJCNLEGNWBNHCX-UHFFFAOYSA-N,CC(CC1CCCCCC1)CC1CC(C2CCCC2)CC(C2CCCC2)C1,10.1021/jm701187w,18307293,1,False,False,pending_dual_review,eligible_for_primary_evidence_review,,57,,,,,,,
BDB-50410682,50410682,CCCn1c(=O)c2[nH]c(-c3ccc(OCC(=O)Nc4ccc(OCc5ccccc5)cc4)cc3)cc2n(CCC)c1=O,BEDJXTZHYOLEPQ-UHFFFAOYSA-N,CC(CCC1CCC(C2CC3CC(C)CC(C)C3C2)CC1)CC1CCC(CCC2CCCCC2)CC1,10.1021/jm0506221,16392813,1,False,False,pending_dual_review,eligible_for_primary_evidence_review,,58,,,,,,,
BDB-50247456,50247456,Cc1cc(C)cc(-c2nc(NC3CCCC3)c3ncn([C@@H]4O[C@H](Cn5nc(C)cc5C)[C@@H](O)[C@H]4O)c3n2)c1,JTOBORUICCTILQ-WBMMKZCBSA-N,C1CCC(C2CC(CC3CCCC3)C3CCC(C4CCC(CC5CCCC5)C4)C3C2)CC1,10.1021/acs.jmedchem.7b01399,29257884,1,False,False,pending_dual_review,eligible_for_primary_evidence_review,,59,,,,,,,
BDB-50628405,50628405,O[C@@H]1[C@H](O)CS[C@H]1n1c(-c2ccco2)nc2c(NCc3cccc(I)c3)nc(Cl)nc21,YFDPVXTZPTZXLH-KPAZRMRSSA-N,C1CCC(CCC2CCCC3C2CC(C2CCCC2)C3C2CCCC2)CC1,10.1021/acs.jmedchem.3c00806,37603705,1,False,False,pending_dual_review,eligible_for_primary_evidence_review,,60,,,,,,,
BDB-50298523,50298523,CC(C)CCn1cc2c(nc(NC(=O)Cc3ccc(Cl)cc3)n3nc(-c4ccco4)nc23)n1,KASKCLZTEOJTOF-UHFFFAOYSA-N,CC(CC1CCCCC1)CC1CC2CCCC2C2CC(C3CCCC3)CC12,10.1016/j.bmc.2009.05.038,19501513,1,False,False,pending_dual_review,eligible_for_primary_evidence_review,,61,,,,,,,
BDB-50133368,50133368,O=C(Cc1cccc2ccccc12)Nc1nc2nn(CCCc3ccccc3)cc2c2nc(-c3ccco3)nn12,OOTVLKSCGYKBDY-UHFFFAOYSA-N,CC(CC1CCCC2CCCCC21)CC1CC2CC(CCCC3CCCCC3)CC2C2CC(C3CCCC3)CC12,10.1016/j.bmc.2009.05.038|10.1021/jm030852k,13678407|19501513,2,False,False,pending_dual_review,eligible_for_primary_evidence_review,,62,,,,,,,
BDB-50315633,50315633,Cn1cc2c(nc(NC(=O)c3ccccc3)n3nc(-c4ccccc4)nc23)n1,UDLCSCAETZRITG-UHFFFAOYSA-N,CC(CC1CC2CCCC2C2CC(C3CCCCC3)CC12)C1CCCCC1,10.1021/jm100049f,20307065,1,False,False,pending_dual_review,eligible_for_primary_evidence_review,,63,,,,,,,
BDB-50116381,50116381,O=c1c2c(nc3ccccn32)n(Cc2ccccc2)c(=O)n1Cc1ccccc1,MRCLOFVOQWMJPM-UHFFFAOYSA-N,CC1C(CC2CCCCC2)C(C)C2C3CCCCC3CC2C1CC1CCCCC1,10.1021/jm0208469,12139445,1,False,False,pending_dual_review,eligible_for_primary_evidence_review,,64,,,,,,,
BDB-26250,26250,CC(=O)Nc1cc(-c2cccc(N3CCCC3)n2)nc(-n2nc(C)cc2C)n1,FKWNFEDFTOOVQH-UHFFFAOYSA-N,C1CCC(C2CCCC(C3CCCC(C4CCCC4)C3)C2)C1,10.1021/jm800851u,18947224,1,False,False,pending_dual_review,eligible_for_primary_evidence_review,,65,,,,,,,
BDB-50508676,50508676,Cc1nc(NC(=O)c2ccccc2)c2nc(-c3ccccc3)sc2n1,LPOBTRHTHNJVJG-UHFFFAOYSA-N,CC(CC1CCCC2CC(C3CCCCC3)CC12)C1CCCCC1,10.1016/j.bmcl.2018.12.062,30638876,1,False,False,pending_dual_review,eligible_for_primary_evidence_review,,66,,,,,,,
BDB-50580311,50580311,Nc1cc(F)ccc1NC(=O)c1ccc(CCn2ncc3c2nc(N)n2nc(-c4ccco4)nc32)cc1,AWMBFBCZLVOQAV-UHFFFAOYSA-N,CC(CC1CCCCC1)C1CCC(CCC2CCC3C2CCC2CC(C4CCCC4)CC23)CC1,10.1021/acs.jmedchem.1c01155,34783558,1,False,False,pending_dual_review,eligible_for_primary_evidence_review,,67,,,,,,,
BDB-50545434,50545434,CN1CCN(CCOc2ccc(-c3cn4c(=O)n(-c5ccccc5)nc4c(N)n3)cc2)CC1,QFMDFBRPJRPXLV-UHFFFAOYSA-N,CC1C2CC(C3CCC(CCCC4CCCCC4)CC3)CCC2CC1C1CCCCC1,10.1016/j.bmcl.2020.127126,32241719,1,False,False,pending_dual_review,eligible_for_primary_evidence_review,,68,,,,,,,
BDB-50375483,50375483,CCC(CC)C(=O)Nc1cc(-c2ccc3c(c2)OCO3)nc(-c2ccccc2)n1,VSEANJMMULLJNQ-UHFFFAOYSA-N,C1CCC(C2CCCC(C3CCC4CCCC4C3)C2)CC1,10.1016/j.bmc.2008.01.013,18258439,1,False,False,pending_dual_review,eligible_for_primary_evidence_review,,69,,,,,,,
BDB-50080287,50080287,Cc1[nH]c2nc(-c3ccccc3)nc(NCCN3CCNC3=O)c2c1C,KQKYOWHVYGWBHO-UHFFFAOYSA-N,CC1CCCC1CCCC1CC(C2CCCCC2)CC2CCCC12,10.1016/s0960-894x(99)00398-4,10476879,1,False,False,pending_dual_review,eligible_for_primary_evidence_review,,70,,,,,,,
BDB-50137635,50137635,Fc1ccc(CNc2nc(NC3CCCCC3)nc3nc(-c4ccco4)nn23)cc1,MFDDHVJCVCVPIP-UHFFFAOYSA-N,C1CCC(CCC2CC(CC3CCCCC3)CC3CC(C4CCCC4)CC23)CC1,10.1016/j.ejmech.2015.12.019,26717203,1,False,False,pending_dual_review,eligible_for_primary_evidence_review,,71,,,,,,,
BDB-50537273,50537273,COc1ccc(CN2CCCn3c2nc2c3c(=O)n(C)c(=O)n2C)cc1Cl,HVFBZUURAZGZKR-UHFFFAOYSA-N,CC1CC(C)C2C(C1)CC1C(CC3CCCCC3)CCCC12,10.1016/j.bmc.2019.02.004,30808606,1,False,False,pending_dual_review,eligible_for_primary_evidence_review,,72,,,,,,,
BDB-50047987,50047987,C=C(OCC)c1cnc(NC(=O)NC2CCCCC2)n2nc(-c3ccco3)nc12,NRSCJCCACLWGQC-UHFFFAOYSA-N,CC(CC1CCCCC1)CC1CCCC2CC(C3CCCC3)CC12,10.1021/jm500752h,24972108,1,False,False,pending_dual_review,eligible_for_primary_evidence_review,,73,,,,,,,
BDB-50179301,50179301,CCc1nc2c([nH]1)c1nc(CC)[nH]c1c1nc(CC)[nH]c21,LYALQSWCHUWEAF-UHFFFAOYSA-N,C1CC2C3CCCC3C3CCCC3C2C1,10.1021/jm050792d,16366607,1,False,False,pending_dual_review,eligible_for_primary_evidence_review,,74,,,,,,,
BDB-50382989,50382989,CC1CC(c2ccccc2)n2nc(-n3c(O)c4c(c3O)CC=CC4)nc2N1,UKVAEISSAVZLLZ-UHFFFAOYSA-N,C1CCC(C2CCCC3CC(C4CC5CCCCC5C4)CC32)CC1,10.1021/jm201455y,22250781,1,False,False,pending_dual_review,eligible_for_primary_evidence_review,,75,,,,,,,
BDB-50298497,50298497,Cn1cc2c(nc(NC(=O)COc3ccccc3)n3nc(-c4ccco4)nc23)n1,GIZJFZFSTGLKAS-UHFFFAOYSA-N,CC(CCC1CCCCC1)CC1CC2CCCC2C2CC(C3CCCC3)CC12,10.1016/j.bmc.2009.05.038,19501513,1,False,False,pending_dual_review,eligible_for_primary_evidence_review,,76,,,,,,,
BDB-50274074,50274074,C[C@@H]1Oc2ccc(Nc3ncnc4c3oc3ccccc34)cc2NC1=O,DKRKGVPEEBGRFA-JTQLQIEISA-N,CC1CCC2CCC(CC3CCCC4C5CCCCC5CC34)CC2C1,10.1021/acs.jmedchem.8b00204,29792714,1,False,False,pending_dual_review,eligible_for_primary_evidence_review,,77,,,,,,,
BDB-50341191,50341191,CCN(C(C)=O)c1ccc(OC)c2nc(NC(=O)[C@@H]3CC[C@H](NC(=O)c4cccc(C(F)(F)F)c4)C3)sc12,NCWRSHWNMYHJMN-AEFFLSMTSA-N,CC(CC1CCC(C(C)CC2CC3CCCCC3C2)C1)C1CCCCC1,10.1016/j.bmcl.2011.02.053,21388809,1,False,False,pending_dual_review,eligible_for_primary_evidence_review,,78,,,,,,,
BDB-50298541,50298541,O=C(Cc1cccs1)Nc1nc2nn(CCc3ccccc3)cc2c2nc(-c3ccco3)nn12,AZLDXOUTWIDEOW-UHFFFAOYSA-N,CC(CC1CCCC1)CC1CC2CC(CCC3CCCCC3)CC2C2CC(C3CCCC3)CC12,10.1016/j.bmc.2009.05.038,19501513,1,False,False,pending_dual_review,eligible_for_primary_evidence_review,,79,,,,,,,
BDB-50594653,50594653,CCn1c(Br)nc2c(NCCc3ccccc3)cc(N)cc21,WVAMXXSOZXMUOF-UHFFFAOYSA-N,C1CCC(CCCC2CCCC3CCCC23)CC1,,34695776,1,False,False,pending_dual_review,eligible_for_primary_evidence_review,,80,,,,,,,
BDB-50399580,50399580,Cn1cc2c(nc(NC3CCCC3)n3nc(-c4ccco4)nc23)n1,GQQIISWJBGUJTR-UHFFFAOYSA-N,C1CCC(CC2CC3CCCC3C3CC(C4CCCC4)CC23)C1,10.1021/jm300899q,23098605,1,False,False,pending_dual_review,eligible_for_primary_evidence_review,,81,,,,,,,
BDB-50389844,50389844,N#CC(N=Nc1ccc(S(N)(=O)=O)cc1)c1nc2ccccc2[nH]1,HHIJNJVKPRZBGF-UHFFFAOYSA-N,C1CCC(CCCC2CC3CCCCC3C2)CC1,10.1021/jm300280e,22563707,1,False,False,pending_dual_review,eligible_for_primary_evidence_review,,82,,,,,,,
BDB-50248576,50248576,COc1cccc(-n2c(=O)n(Cc3c(F)cccc3F)c3cnc(NCc4ccncc4)nc32)c1,CPCBVGFLWLFBQV-UHFFFAOYSA-N,CC1C(CC2CCCCC2)C2CCC(CCC3CCCCC3)CC2C1C1CCCCC1,10.1016/j.bmcl.2009.01.042,19181527,1,False,False,pending_dual_review,eligible_for_primary_evidence_review,,83,,,,,,,
BDB-50580305,50580305,Nc1ccccc1NC(=O)c1ccc(CCCNc2nc(N)n3nc(-c4ccco4)nc3n2)cc1,DSSCLJMOOUNHMW-UHFFFAOYSA-N,CC(CC1CCCCC1)C1CCC(CCCCC2CCC3CC(C4CCCC4)CC3C2)CC1,10.1021/acs.jmedchem.1c01155,34783558,1,False,False,pending_dual_review,eligible_for_primary_evidence_review,,84,,,,,,,
BDB-50102286,50102286,O=c1c(-c2ccco2)nnc2n(Cc3ccccc3)c3ccccc3n12,LAKWSLSTUWRCOM-UHFFFAOYSA-N,CC1C(C2CCCC2)CCC2C(CC3CCCCC3)C3CCCCC3C12,10.1021/jm001054m|10.1021/jm201177b,11462973|22257095,2,False,False,pending_dual_review,eligible_for_primary_evidence_review,,85,,,,,,,
BDB-50119157,50119157,Nc1nc(-c2cnn(CCc3ccccc3)c2)nc2c1ncn2[C@@H]1O[C@H](CO)[C@@H](O)[C@H]1O,GAQVVAKOAPHOLM-VGKBRBPRSA-N,C1CCC(CCC2CCC(C3CCC4CCC(C5CCCC5)C4C3)C2)CC1,10.1016/s0960-894x(02)00609-1,12270178,1,False,False,pending_dual_review,eligible_for_primary_evidence_review,,86,,,,,,,
BDB-50038005,50038005,CCc1nc2c(=O)n(Cc3ccccc3)nc(C3CCCC3)c2c2cc(-c3ccccc3)nn12,GJLCUFJWXOCCCT-UHFFFAOYSA-N,CC1C(CC2CCCCC2)CC(C2CCCC2)C2C3CC(C4CCCCC4)CC3CCC12,10.1016/j.ejmech.2014.10.020,25462223,1,False,False,pending_dual_review,eligible_for_primary_evidence_review,,87,,,,,,,
BDB-50306789,50306789,Cc1ccc(Nc2nc(N)nc(CN3C(=O)NC4(CCCCC4)C3=O)n2)cc1,LYSQKWDUPSIMCD-UHFFFAOYSA-N,CC1CC2(CCCCC2)C(C)C1CC1CCCC(CC2CCCCC2)C1,10.1021/jm901647p,20095623,1,False,False,pending_dual_review,eligible_for_primary_evidence_review,,88,,,,,,,
BDB-50545419,50545419,Nc1nc(-c2ccc(OCCN3CCCC3)cc2)cn2c(=O)n(-c3ccccc3)nc12,SFXLMSXZEZYXTH-UHFFFAOYSA-N,CC1C2CC(C3CCC(CCCC4CCCC4)CC3)CCC2CC1C1CCCCC1,10.1016/j.bmcl.2020.127126,32241719,1,False,False,pending_dual_review,eligible_for_primary_evidence_review,,89,,,,,,,
BDB-50137520,50137520,CNc1nc(NC(=O)c2ccccc2)n2nc(-c3ccco3)nc2n1,HFNKEYSOOSBXSY-UHFFFAOYSA-N,CC(CC1CCCC2CC(C3CCCC3)CC12)C1CCCCC1,10.1016/j.ejmech.2015.12.019,26717203,1,False,False,pending_dual_review,eligible_for_primary_evidence_review,,90,,,,,,,
BDB-50389835,50389835,Cc1ccc2[nH]c3nc(SCC(=O)Nc4ncc(C)s4)nnc3c2c1,SQCJGLDOAFXMRT-UHFFFAOYSA-N,CC(CCC1CCC2C(C1)CC1CCCCC12)CC1CCCC1,10.1021/jm300280e,22563707,1,False,False,pending_dual_review,eligible_for_primary_evidence_review,,91,,,,,,,
BDB-50318270,50318270,O=C(Nc1nc(-c2ccccc2)nc2nn(Cc3ccccc3)cc12)c1ccccc1,ACNFYYUXBQGWQL-UHFFFAOYSA-N,CC(CC1CC(C2CCCCC2)CC2CC(CC3CCCCC3)CC21)C1CCCCC1,10.1021/jm901785w,20408530,1,False,False,pending_dual_review,eligible_for_primary_evidence_review,,92,,,,,,,
BDB-21217,21217,Cc1cccc2[nH]c(-c3cnc4ccccc4n3)nc12,HQNVISKJTIKRQJ-UHFFFAOYSA-N,C1CCC2CC(C3CC4CCCCC4C3)CCC2C1,10.1021/jm050792d|10.1021/jm300087j|10.1021/jm701159t,16366607|18269230|22468757,3,False,False,pending_dual_review,eligible_for_primary_evidence_review,,93,,,,,,,
BDB-50505398,50505398,Nc1nc(-c2ccc(NC(=O)CCCCC3CCSS3)cc2)cn2c(=O)n(-c3ccccc3)nc12,CERHJURNDKCFRJ-UHFFFAOYSA-N,CC(CCCCC1CCCC1)CC1CCC(C2CCC3CC(C4CCCCC4)C(C)C3C2)CC1,10.1021/acs.jmedchem.9b00778,31453698,1,False,False,pending_dual_review,eligible_for_primary_evidence_review,,94,,,,,,,
BDB-50232049,50232049,CCCn1c(=O)c2[nH]c(-c3cnn(CC(=O)N4CCN(c5cccc(C(F)(F)F)c5)CC4)c3)nc2n(CCC)c1=O,FTYUKYLDBALLID-UHFFFAOYSA-N,CC1CC(C)C2CC(C3CCC(CC(C)C4CCC(C5CCCCC5)CC4)C3)CC2C1,10.1016/j.ejmech.2016.11.007,27842891,1,False,False,pending_dual_review,eligible_for_primary_evidence_review,,95,,,,,,,
BDB-50306787,50306787,NC1=C(Nc2cccc(C(F)(F)F)c2)C(=O)c2ccccc2C1=O,GHCCRBAXZVOAEU-UHFFFAOYSA-N,CC1CC(CC2CCCCC2)C(C)C2CCCCC12,10.1021/jm901647p,20095623,1,False,False,pending_dual_review,eligible_for_primary_evidence_review,,96,,,,,,,
BDB-50487423,50487423,CC(C)(C)C(=O)c1cc2c([nH]c1=O)CC(c1ccccc1)CC2=O,UAWCCUPYYLZMFD-UHFFFAOYSA-N,CC1CCC2C(C)CC(C3CCCCC3)CC2C1,10.1007/s00044-008-9100-9,,1,False,False,pending_dual_review,eligible_for_primary_evidence_review,,97,,,,,,,
BDB-50376934,50376934,O=C(COc1ccc(Nc2nc(OCCc3c[nH]c4cc(Br)ccc34)nc3c2ncn3[C@@H]2O[C@H](CO)[C@@H](O)[C@H]2O)cc1)Nc1ccccc1,AYTIQMDUSGIKIT-FTBITJBVSA-N,CC(CCC1CCC(CC2CC(CCCC3CCC4CCCCC43)CC3C(C4CCCC4)CCC23)CC1)CC1CCCCC1,10.1021/jm701442d,18321038,1,False,False,pending_dual_review,eligible_for_primary_evidence_review,,98,,,,,,,
BDB-50534168,50534168,Cn1c(=O)c2c(nc3n2CCN(c2cccc(Cl)c2)C3)n(C)c1=O,HJXMNEXKEFWFHF-UHFFFAOYSA-N,CC1CC(C)C2C(C1)CC1CC(C3CCCCC3)CCC12,10.1016/j.bmc.2016.09.003,27658798,1,False,False,pending_dual_review,eligible_for_primary_evidence_review,,99,,,,,,,
BDB-50189817,50189817,Nc1cccc2c1nc(NC(=O)C(c1ccccc1)c1ccccc1)c1nn(-c3ccccc3)c(=O)n12,CVTMECIYXVPNLC-UHFFFAOYSA-N,CC(CC1CC2CCCCC2C2C(C)C(C3CCCCC3)CC12)C(C1CCCCC1)C1CCCCC1,10.1021/jm060373w,16789747,1,False,False,pending_dual_review,eligible_for_primary_evidence_review,,100,,,,,,,
BDB-50360187,50360187,Nc1nc(N2CCN(C(=O)C(c3ccccc3)c3ccccc3)CC2)nc2nc(-c3ccco3)nn12,JJJCYECCFBECJK-UHFFFAOYSA-N,CC(C1CCC(C2CCC3CC(C4CCCC4)CC3C2)CC1)C(C1CCCCC1)C1CCCCC1,10.1021/jm101349u,21214204,1,False,False,pending_dual_review,eligible_for_primary_evidence_review,,101,,,,,,,
BDB-50141456,50141456,Nc1nc(NC(=O)CCc2ccccc2)nc2c1ncn2[C@@H]1O[C@H](CO)[C@@H](O)[C@H]1O,RZWYFQWUSTWXOT-XKLVTHTNSA-N,CC(CCC1CCCCC1)CC1CCC2CCC(C3CCCC3)C2C1,10.1016/j.bmcl.2004.01.011,15006389,1,False,False,pending_dual_review,eligible_for_primary_evidence_review,,102,,,,,,,
BDB-50555722,50555722,Nc1nc(-c2ccc(NC(=O)CCNCCc3ccc(S(N)(=O)=O)cc3)cc2)cn2c(=O)n(-c3ccccc3)nc12,XXOMDNKNONGBRR-UHFFFAOYSA-N,CC(CCCCCC1CCCCC1)CC1CCC(C2CCC3CC(C4CCCCC4)C(C)C3C2)CC1,10.1016/j.ejmech.2020.112478,32659606,1,False,False,pending_dual_review,eligible_for_primary_evidence_review,,103,,,,,,,
BDB-50309781,50309781,CNC(=O)[C@@]12C[C@@H]1[C@@H](n1cnc3c(NCc4cccc(Cl)c4)nc(C#CCCCCc4cn(C56CC7CC(CC(C7)C5)C6)nn4)nc31)[C@H](O)[C@@H]2O,IMOUNXQRZGLBSG-DYHDFLJKSA-N,C1CCC(CCC2CC(CCCCCCC3CCC(C45CC6CC(CC(C6)C4)C5)C3)CC3C2CCC3C2CCC3CC32)CC1,10.1016/j.bmc.2009.12.018,20036562,1,False,False,pending_dual_review,eligible_for_primary_evidence_review,,104,,,,,,,
BDB-50649072,50649072,Nc1nc2c3cc(Br)ccc3nc(-c3ccccc3)n2n1,DAEVVVNWLHLTCV-UHFFFAOYSA-N,C1CCC(C2CC3CCCCC3C3CCCC23)CC1,,38669910,1,False,False,pending_dual_review,eligible_for_primary_evidence_review,,105,,,,,,,
BDB-50232048,50232048,CCCn1c(=O)c2[nH]c(-c3cnn(CC4CCN(c5ccc(OC(F)(F)F)cc5)C4=O)c3)nc2n(CCC)c1=O,NRRYCEINQLPTLE-UHFFFAOYSA-N,CC1CC(C)C2CC(C3CCC(CC4CCC(C5CCCCC5)C4C)C3)CC2C1,10.1016/j.ejmech.2016.11.007,27842891,1,False,False,pending_dual_review,eligible_for_primary_evidence_review,,106,,,,,,,
BDB-50147637,50147637,Nc1cc(C(=O)N2CCCCC2)cc2nc(-c3ccco3)nn12,LUUSEYRGIWCHGC-UHFFFAOYSA-N,CC(C1CCCCC1)C1CCC2CC(C3CCCC3)CC2C1,10.1016/j.bmcl.2004.03.104,15149696,1,False,False,pending_dual_review,eligible_for_primary_evidence_review,,107,,,,,,,
BDB-50324969,50324969,CCOCc1sc(NC(=O)c2ccco2)nc1-c1ccccc1,GQUGZFLBFPOQQC-UHFFFAOYSA-N,CC(CC1CCC(C2CCCCC2)C1)C1CCCC1,10.1016/j.bmcl.2010.06.138,20659802,1,False,False,pending_dual_review,eligible_for_primary_evidence_review,,108,,,,,,,
BDB-50083915,50083915,O=c1c(-c2ccsc2)nnc2[nH]c3ccccc3n12,UUFLIBCXLXMTGF-UHFFFAOYSA-N,CC1C(C2CCCC2)CCC2CC3CCCCC3C21,10.1021/jm001054m,11462973,1,False,False,pending_dual_review,eligible_for_primary_evidence_review,,109,,,,,,,
BDB-50410730,50410730,CCCn1c(=O)c2[nH]c(-c3ccc(OCC(=O)Nc4ccc(CS(=O)(=O)N5CCCC5)cc4)cc3)cc2n(CCC)c1=O,ARQDPBXHSFRPRH-UHFFFAOYSA-N,CC(CCC1CCC(C2CC3CC(C)CC(C)C3C2)CC1)CC1CCC(CC(C)(C)C2CCCC2)CC1,10.1021/jm0506221,16392813,1,False,False,pending_dual_review,eligible_for_primary_evidence_review,,110,,,,,,,
BDB-175399,175399,COc1ccc(-c2nc3c([nH]2)c(=O)n(C)c(=O)n3C)cc1OCC(=O)N1CCCCCC1,IDGFGLTVKLOCMJ-UHFFFAOYSA-N,CC1CC(C)C2CC(C3CCCC(CCC(C)C4CCCCCC4)C3)CC2C1,10.1016/j.bioorg.2016.01.003,26851736,1,False,False,pending_dual_review,eligible_for_primary_evidence_review,,111,,,,,,,
BDB-50055085,50055085,COc1ccccc1Cc1nc(N)c2nn(-c3ccccc3)cc2n1,OYGJIKRTCDDVRM-UHFFFAOYSA-N,C1CCC(CC2CCC3CC(C4CCCCC4)CC3C2)CC1,10.1016/j.ejmech.2014.07.060,25063944,1,False,False,pending_dual_review,eligible_for_primary_evidence_review,,112,,,,,,,
BDB-50494549,50494549,Cn1c(=O)c2[nH]c([C@]34C[C@@H]5C[C@H](C[C@H]3C5)C4)nc2n(C)c1=O,JNILKZBFDIKTIT-IOOBAMJDSA-N,CC1CC(C)C2CC(C34CC5CC(CC3C5)C4)CC2C1,10.1016/j.bmc.2013.09.044,24139167,1,False,False,pending_dual_review,eligible_for_primary_evidence_review,,113,,,,,,,
BDB-175402,175402,COc1ccc(-c2nc3c([nH]2)c(=O)n(C)c(=O)n3C)cc1OCC(=O)N1C=NCC1,UFDSXJSHQYVRHF-UHFFFAOYSA-N,CC1CC(C)C2CC(C3CCCC(CCC(C)C4CCCC4)C3)CC2C1,10.1016/j.bioorg.2016.01.003,26851736,1,False,False,pending_dual_review,eligible_for_primary_evidence_review,,114,,,,,,,
BDB-50187588,50187588,CCCCn1c(=O)c2c(nc3n2CCCN3c2ccc(OCCN3CCCCC3)cc2)n(CCCC)c1=O,DJMAOAZZXABOFN-UHFFFAOYSA-N,CC1CC(C)C2C(C1)CC1C(C3CCC(CCCC4CCCCC4)CC3)CCCC12,10.1016/j.bmc.2016.07.028,27485602,1,False,False,pending_dual_review,eligible_for_primary_evidence_review,,115,,,,,,,
BDB-50176819,50176819,COC(=O)c1cnc2c(cnn2CC(Cl)c2ccccc2)c1NCc1ccccc1,JPKVNXGYCSFLGI-UHFFFAOYSA-N,C1CCC(CCC2CCC3C(CCC4CCCCC4)CCCC23)CC1,10.1021/jm050407k,16279775,1,False,False,pending_dual_review,eligible_for_primary_evidence_review,,116,,,,,,,
BDB-50116384,50116384,O=c1c2c(nc3ccccn32)n(Cc2ccccc2)c(=O)n1CC1CC1,SGNCTBLOFLIZCK-UHFFFAOYSA-N,CC1C(CC2CC2)C(C)C2C3CCCCC3CC2C1CC1CCCCC1,10.1021/jm0208469,12139445,1,False,False,pending_dual_review,eligible_for_primary_evidence_review,,117,,,,,,,
BDB-50137522,50137522,O=C(Nc1ccccc1)Nc1nc(NC2CCCCC2)nc2nc(-c3ccco3)nn12,PBXFOUQUQNIFAX-UHFFFAOYSA-N,CC(CC1CCCCC1)CC1CC(CC2CCCCC2)CC2CC(C3CCCC3)CC12,10.1016/j.ejmech.2015.12.019,26717203,1,False,False,pending_dual_review,eligible_for_primary_evidence_review,,118,,,,,,,
BDB-175385,175385,COc1ccc(CCNC(=O)COc2cccc(-c3nc4c([nH]3)c(=O)n(C)c(=O)n4C)c2)cc1OC,CQMZWYQNQJMCCO-UHFFFAOYSA-N,CC(CCCC1CCCCC1)CCC1CCCC(C2CC3CC(C)CC(C)C3C2)C1,10.1016/j.bioorg.2016.01.003,26851736,1,False,False,pending_dual_review,eligible_for_primary_evidence_review,,119,,,,,,,
BDB-50156616,50156616,Nc1nc(N2CCN3C[C@@H](COc4cccc(F)c4)CC[C@H]3C2)nc2nc(-c3ccco3)nn12,FARQWWRBQXFTDH-RDJZCZTQSA-N,C1CCC(CCC2CCC3CC(C4CCC5CC(C6CCCC6)CC5C4)CCC3C2)CC1,10.1021/jm701594y,18637670,1,False,False,pending_dual_review,eligible_for_primary_evidence_review,,120,,,,,,,
BDB-50573591,50573591,Nc1ncnc2c1nc(C#Cc1ccccc1)n2[C@H]1C[C@H](O)[C@@H](CO)O1,XCPOOYABRFHDAQ-GZBFAFLISA-N,C1CCC(CCC2CC3CCCCC3C2C2CCCC2)CC1,10.1016/j.ejmech.2021.113607,34171656,1,False,False,pending_dual_review,eligible_for_primary_evidence_review,,121,,,,,,,
BDB-50513536,50513536,Nc1nc(N/N=C/c2ccc(N(c3ccccc3)c3ccccc3)cc2)nc2c1ncn2[C@@H]1O[C@H](CO)[C@@H](O)[C@H]1O,BSBGWMHQUSMMBO-HIJSFIBBSA-N,C1CCC(C(C2CCCCC2)C2CCC(CCCC3CCC4CCC(C5CCCC5)C4C3)CC2)CC1,10.1016/j.ejmech.2019.06.050,31255928,1,False,False,pending_dual_review,eligible_for_primary_evidence_review,,122,,,,,,,
BDB-50264171,50264171,O[C@@H]1[C@H](O)[C@@H]2C[C@@H]2[C@H]1n1cnc2c(N[C@H]3C[C@@H]3c3ccccc3)nc(Cl)nc21,ZGLFUGCOCLZCQG-XWAOVWAASA-N,C1CCC(C2CC2CC2CCCC3C2CCC3C2CCC3CC32)CC1,10.1016/j.bmc.2008.08.007,18752961,1,False,False,pending_dual_review,eligible_for_primary_evidence_review,,123,,,,,,,
BDB-50313075,50313075,c1coc(-c2nc3[nH]ncc3cc2-c2ccncn2)c1,FUZVDFCUPYVIEA-UHFFFAOYSA-N,C1CCC(C2CC3CCCC3CC2C2CCCC2)CC1,10.1016/j.bmcl.2010.01.077,20138516,1,False,False,pending_dual_review,eligible_for_primary_evidence_review,,124,,,,,,,
BDB-50211077,50211077,Nc1nc(NCCc2ccc(O)c(O)c2)nc2sc(-c3ccco3)nc12,KLLJKZAKUJQFQR-UHFFFAOYSA-N,C1CCC(CCCC2CCC3CC(C4CCCC4)CC3C2)CC1,10.1021/acs.jmedchem.6b01068,27933962,1,False,False,pending_dual_review,eligible_for_primary_evidence_review,,125,,,,,,,
BDB-50389830,50389830,O=C(CCN1C(=O)c2ccccc2C1=O)Nc1nc2ccccc2s1,ULXHINOEZKZYNA-UHFFFAOYSA-N,CC(CCC1C(C)C2CCCCC2C1C)CC1CC2CCCCC2C1,10.1021/jm300280e,22563707,1,False,False,pending_dual_review,eligible_for_primary_evidence_review,,126,,,,,,,
BDB-50171290,50171290,CCc1c(C(=O)NN2CCCCC2)nn(-c2ccc(Cl)cc2Cl)c1-c1ccc(Br)cc1,HMXDWDSNPRNUKI-UHFFFAOYSA-N,CC(CC1CCCCC1)C1CC(C2CCCCC2)C(C2CCCCC2)C1,10.1124/jpet.104.067884,15131245,1,False,False,pending_dual_review,eligible_for_primary_evidence_review,,127,,,,,,,
BDB-50366767,50366767,CCNC(=O)C1OC(n2cnc3c(NCCCCCCNc4ccc([N+](=O)[O-])c5[n-][o+]nc45)ncnc32)C(O)C1O,JEXFNNUDLKOIMC-UHFFFAOYSA-N,C(CCCCC1CCCC2C(C3CCCC3)CCC12)CCCC1CCCC2CCCC12,10.1016/s0960-894x(01)00610-2,11714602,1,False,False,pending_dual_review,eligible_for_primary_evidence_review,,128,,,,,,,
BDB-50364064,50364064,CCNC(=O)[C@H]1C[C@@H](n2cnc3c(N[C@H](CC)Cc4sccc4Cl)ccnc32)[C@H](O)[C@@H]1O,DNPNXAXAKNFJDD-GFOALDQYSA-N,C1CCC(CCCC2CCCC3C(C4CCCC4)CCC23)C1,10.1021/jm201461q,22104008,1,False,False,pending_dual_review,eligible_for_primary_evidence_review,,129,,,,,,,
BDB-50491507,50491507,O=C(CCc1ccccc1)Nc1nc2ccccc2c(=O)s1,KLNYLDYPZCWDDA-UHFFFAOYSA-N,CC(CCC1CCCCC1)CC1CC(C)C2CCCCC2C1,10.1021/jm400336x,23631427,1,False,False,pending_dual_review,eligible_for_primary_evidence_review,,130,,,,,,,
BDB-50139711,50139711,COc1cccc(-c2nnc(-c3ccc(Cl)c(Cl)c3)[nH]2)c1,DHTUIDHJRHTUOI-UHFFFAOYSA-N,C1CCC(C2CCC(C3CCCCC3)C2)CC1,10.1016/j.bmcl.2003.09.095,14741297,1,False,False,pending_dual_review,eligible_for_primary_evidence_review,,131,,,,,,,
BDB-50410648,50410648,Cn1c(=O)c2[nH]c(-c3ccc(OCC(=O)NC4CCc5ccccc54)cc3)cc2n(C)c1=O,AVEYDODSONUKCQ-UHFFFAOYSA-N,CC1CC(C)C2CC(C3CCC(CCC(C)CC4CCC5CCCCC54)CC3)CC2C1,10.1021/jm0506221,16392813,1,False,False,pending_dual_review,eligible_for_primary_evidence_review,,132,,,,,,,
BDB-50377454,50377454,O[C@H](c1cc(C(F)(F)F)nc2c(C(F)(F)F)cccc12)[C@H]1CCCCN1,XEEQGYMUWCZPDN-IUODEOHRSA-N,C1CCC(CC2CCCC3CCCCC32)CC1,10.1016/j.bmcl.2008.03.075,18406614,1,False,False,pending_dual_review,eligible_for_primary_evidence_review,,133,,,,,,,
BDB-44650,44650,N#CCSc1nc2cc(C(=O)N3CCC(C(N)=O)CC3)ccc2c2nc3ccccc3n12,MYUCPCJDLCLXDA-UHFFFAOYSA-N,CC(C1CCCCC1)C1CCC2C(CCC3C4CCCCC4CC23)C1,10.1021/jm300280e,22563707,1,False,False,pending_dual_review,eligible_for_primary_evidence_review,,134,,,,,,,
BDB-50139836,50139836,Nc1nc(C(=O)NCc2cccc3cc(C(=O)N4CCCc5ccccc54)cnc23)c2cccc(F)c2n1,WKZDIXJLBNRISL-UHFFFAOYSA-N,CC(CCC1CCCC2CC(C(C)C3CCCC4CCCCC43)CCC12)C1CCCC2CCCCC21,10.1016/j.bmcl.2015.11.048,26781932,1,False,False,pending_dual_review,eligible_for_primary_evidence_review,,135,,,,,,,
BDB-50341188,50341188,CCN(C(C)=O)c1ccc(OC)c2nc(NC(=O)N3CCC(O)(c4cccc(C(F)(F)F)c4)CC3)sc12,SNJRGPSAULQWEJ-UHFFFAOYSA-N,CC(CC1CC2CCCCC2C1)C1CCC(C2CCCCC2)CC1,10.1016/j.bmcl.2011.02.053,21388809,1,False,False,pending_dual_review,eligible_for_primary_evidence_review,,136,,,,,,,
BDB-50120761,50120761,Cc1cn2c(NC(=O)C3CCCC3)nc(-c3ccccc3)nc2n1,BSNJZTLENAKNNX-UHFFFAOYSA-N,CC(CC1CC(C2CCCCC2)CC2CCCC21)C1CCCC1,10.1021/jm020911e,12408713,1,False,False,pending_dual_review,eligible_for_primary_evidence_review,,137,,,,,,,
BDB-50022732,50022732,Cc1[nH]nc2c([N+](=O)[O-])c3[nH]nc(C)c3cc12,SJGRLFUUACZQRA-UHFFFAOYSA-N,C1CC2CC3CCCC3CC2C1,10.1021/jm00118a032,3172141,1,False,False,pending_dual_review,eligible_for_primary_evidence_review,,138,,,,,,,
BDB-50180205,50180205,Cc1ccccc1CNc1nc(Cl)nc2c1ncn2[C@@H]1S[C@H](C(=O)NC2CC2)[C@@H](O)[C@H]1O,AZMGORPHNMBVBU-KSVNGYGVSA-N,CC(CC1CC1)C1CCC(C2CCC3C(CCC4CCCCC4)CCCC32)C1,10.1021/jm050595e,16392812,1,False,False,pending_dual_review,eligible_for_primary_evidence_review,,139,,,,,,,
BDB-50313077,50313077,Cn1c(=O)[nH]c2nc(-c3ccco3)c(-c3ccncn3)cc21,OWBPIGOKYQPEBA-UHFFFAOYSA-N,CC1CC2CC(C3CCCCC3)C(C3CCCC3)CC2C1,10.1016/j.bmcl.2010.01.077,20138516,1,False,False,pending_dual_review,eligible_for_primary_evidence_review,,140,,,,,,,
BDB-50268211,50268211,CCCn1c(=O)[nH]c2nc(-c3ccc(S(=O)(=O)N4CCN(Cc5ccc6c(c5)OCO6)CC4)cc3)[nH]c2c1=O,LKQSGKOYMDGWTQ-UHFFFAOYSA-N,CC1CC(C)C2CC(C3CCC(C(C)(C)C4CCC(CC5CCC6CCCC6C5)CC4)CC3)CC2C1,10.1021/jm900413e,19569717,1,False,False,pending_dual_review,eligible_for_primary_evidence_review,,141,,,,,,,
BDB-50312947,50312947,N#Cc1ccc(NC(=O)C2CC2)nc1-c1ccco1,RWRIELQWXMXMNH-UHFFFAOYSA-N,CC(CC1CCCC(C2CCCC2)C1)C1CC1,10.1016/j.bmcl.2010.01.045,20137946,1,False,False,pending_dual_review,eligible_for_primary_evidence_review,,142,,,,,,,
BDB-50545432,50545432,Nc1nc(-c2ccc(OCC(O)CN3CCCCC3)cc2)cn2c(=O)n(-c3ccccc3)nc12,AWJQTLFPUKLVQL-UHFFFAOYSA-N,CC1C2CC(C3CCC(CCCCC4CCCCC4)CC3)CCC2CC1C1CCCCC1,10.1016/j.bmcl.2020.127126,32241719,1,False,False,pending_dual_review,eligible_for_primary_evidence_review,,143,,,,,,,
BDB-50048017,50048017,CCOC(=O)c1cnc(NCc2ccc(-c3ccccc3)cc2)n2nc(-c3ccco3)nc12,RDPQQFRZIZWHKI-UHFFFAOYSA-N,C1CCC(C2CCC(CCC3CCCC4CC(C5CCCC5)CC34)CC2)CC1,10.1021/jm500752h,24972108,1,False,False,pending_dual_review,eligible_for_primary_evidence_review,,144,,,,,,,
BDB-50542172,50542172,CC1=C(C(=O)OC(C)C)C(c2ncco2)n2c(nc3ccccc32)N1,KROGYTVNKZCWBC-UHFFFAOYSA-N,C1CCC(C2CCCC3CC4CCCCC4C32)C1,10.1021/acs.jmedchem.0c00564,32573250,1,False,False,pending_dual_review,eligible_for_primary_evidence_review,,145,,,,,,,
BDB-50199463,50199463,CNC(=O)[C@@]12C[C@@H]1[C@@H](n1cnc3c(NC(C4CC4)C4CC4)nc(Cl)nc31)[C@H](O)[C@@H]2O,PWANAKRSKQRVSS-QKZATRHHSA-N,C1CC(CC(C2CC2)C2CC2)C2CCC(C3CCC4CC43)C2C1,10.1021/acs.jmedchem.6b01183|10.1021/acs.jmedchem.8b01662,27933810|30605331,2,False,False,pending_dual_review,eligible_for_primary_evidence_review,,146,,,,,,,
BDB-50139817,50139817,Nc1nc(C(=O)NCc2cccc3c2C(=O)NC3)c2cccc(F)c2n1,FIBSWIHKNWCKJD-UHFFFAOYSA-N,CC(CCC1CCCC2CCC(C)C12)C1CCCC2CCCCC21,10.1016/j.bmcl.2015.11.048,26781932,1,False,False,pending_dual_review,eligible_for_primary_evidence_review,,147,,,,,,,
BDB-50011305,50011305,O=C(NCCNC(=O)c1nc(NCC(c2ccccc2)c2ccccc2)c2ncn([C@@H]3O[C@H](CO)[C@@H](O)[C@H]3O)c2n1)NC1CCN(c2ccccn2)CC1,ZHQNOECYYOPOGK-AAAKGCLZSA-N,CC(CCCCC(C)C1CC(CCC(C2CCCCC2)C2CCCCC2)C2CCC(C3CCCC3)C2C1)CC1CCC(C2CCCCC2)CC1,10.1021/jm4011669,24164628,1,False,False,pending_dual_review,eligible_for_primary_evidence_review,,148,,,,,,,
BDB-50496142,50496142,Cn1c(=O)c2[nH]c(-c3ccc(OCCCN4CCN(Cc5ccccc5Cl)CC4)cc3)nc2n(C)c1=O,ACDUFNNGCHAONI-UHFFFAOYSA-N,CC1CC(C)C2CC(C3CCC(CCCCC4CCC(CC5CCCCC5)CC4)CC3)CC2C1,10.1016/j.ejmech.2014.01.045,24556147,1,False,False,pending_dual_review,eligible_for_primary_evidence_review,,149,,,,,,,
BDB-50275669,50275669,Cc1nc2c(N)nc(NCc3cccs3)nc2s1,FAQMPXZLGHDHHK-UHFFFAOYSA-N,C1CCC(CCC2CCC3CCCC3C2)C1,10.1016/j.bmc.2018.05.048,29880250,1,False,False,pending_dual_review,eligible_for_primary_evidence_review,,150,,,,,,,
BDB-50318286,50318286,O=C(Nc1ncnc2nn(Cc3ccccc3)cc12)c1cccc(Cl)c1,GNLKLLHCPPYDLC-UHFFFAOYSA-N,CC(CC1CCCC2CC(CC3CCCCC3)CC21)C1CCCCC1,10.1021/jm901785w,20408530,1,False,False,pending_dual_review,eligible_for_primary_evidence_review,,151,,,,,,,
BDB-50331936,50331936,CC(C)(NC(=O)COc1ccc2[nH]c(=O)c(-c3nccs3)c(CCC(F)(F)F)c2c1)c1ccccc1,IXGGHXNKNILFJL-UHFFFAOYSA-N,CC(CCC1CCCCC1)CCC1CCC2CC(C)C(C3CCCC3)CC2C1,10.1016/j.bmcl.2010.10.030,21055932,1,False,False,pending_dual_review,eligible_for_primary_evidence_review,,152,,,,,,,
BDB-50318250,50318250,COc1ccc(-c2cc(=O)[nH]c(Nc3ccccc3)n2)cc1OC,QGDVJEIIAUKMBX-UHFFFAOYSA-N,CC1CC(CC2CCCCC2)CC(C2CCCCC2)C1,10.1021/jm100240h,20405927,1,False,False,pending_dual_review,eligible_for_primary_evidence_review,,153,,,,,,,
BDB-50649071,50649071,Nc1nc2c3ccccc3nc(-c3cccs3)n2n1,XMSOXVWUIFQNHX-UHFFFAOYSA-N,C1CCC2C(C1)CC(C1CCCC1)C1CCCC21,,38669910,1,False,False,pending_dual_review,eligible_for_primary_evidence_review,,154,,,,,,,
BDB-50382986,50382986,COC1CCN(c2cccc(-c3nc(N)nc(-c4ccccc4O)n3)c2)CC1,WGFLLKYIRNKGKW-UHFFFAOYSA-N,C1CCC(C2CCCC(C3CCCC(C4CCCCC4)C3)C2)CC1,10.1021/jm201455y,22250781,1,False,False,pending_dual_review,eligible_for_primary_evidence_review,,155,,,,,,,
BDB-50267396,50267396,O[C@@H]1[C@H](O)[C@@H](CCl)O[C@H]1n1cnc2c(NC3CC4CCC3C4)nc(Cl)nc21,JCAVHDDDZIXFHB-NNBIHLJJSA-N,C1CCC(C2CCC3C(CC4CC5CCC4C5)CCCC23)C1,10.1021/jm801456g,19317449,1,False,False,pending_dual_review,eligible_for_primary_evidence_review,,156,,,,,,,
BDB-50517299,50517299,OC[C@H]1O[C@@H](n2cnc3c(NC(C4CCC4)C4CCC4)ncnc32)[C@H](O)[C@@H]1O,VQFKOPZALUTGKJ-BGIGGGFGSA-N,C1CC(C(CC2CCCC3C(C4CCCC4)CCC23)C2CCC2)C1,10.1021/acs.jmedchem.8b01662,30605331,1,False,False,pending_dual_review,eligible_for_primary_evidence_review,,157,,,,,,,
BDB-50377566,50377566,Cc1cccc(CNC(=O)n2cnc3c(-c4ccco4)nc(N)nc32)c1,FXGWAOVZUWGRNJ-UHFFFAOYSA-N,CC(CCC1CCCCC1)C1CCC2C(C3CCCC3)CCCC12,10.1016/j.bmcl.2008.03.072,18411049,1,False,False,pending_dual_review,eligible_for_primary_evidence_review,,158,,,,,,,
BDB-50494432,50494432,Cn1c(-c2ccco2)nc2c(NC(=O)c3ccc(-c4ccccc4)cc3)ncnc21,AFPYJJLDUPLMID-UHFFFAOYSA-N,CC(CC1CCCC2CC(C3CCCC3)CC12)C1CCC(C2CCCCC2)CC1,10.1016/j.ejmech.2013.10.006,24189496,1,False,False,pending_dual_review,eligible_for_primary_evidence_review,,159,,,,,,,
BDB-50003151,50003151,CCCn1c(=O)c2[nH]c(-c3ccc(OCC(=O)N4CCN(C(=O)Oc5ccccc5)CC4)cc3)cc2n(CCC)c1=O,KIDLMTBTXJXJRT-UHFFFAOYSA-N,CC1CC(C)C2CC(C3CCC(CCC(C)C4CCC(C(C)CC5CCCCC5)CC4)CC3)CC2C1,10.1016/j.bmc.2008.01.002,18226909,1,False,False,pending_dual_review,eligible_for_primary_evidence_review,,160,,,,,,,
BDB-50336986,50336986,O=C(Nc1cnc(-c2ccncc2)c(-c2ccco2)n1)C1CCCC1,UEBJAZCBAZVERF-UHFFFAOYSA-N,CC(CC1CCC(C2CCCCC2)C(C2CCCC2)C1)C1CCCC1,10.1021/ml100249e,24900298,1,False,False,pending_dual_review,eligible_for_primary_evidence_review,,161,,,,,,,
BDB-50580512,50580512,Nc1nc(-c2ccc(OCCCN3CCCCC3)cc2)c2c(n1)-c1ccccc1C2,QYDDQJVHZBTEMT-UHFFFAOYSA-N,C1CCC(CCCCC2CCC(C3CCCC4C5CCCCC5CC34)CC2)CC1,10.1021/acs.jmedchem.0c00914,34107215,1,False,False,pending_dual_review,eligible_for_primary_evidence_review,,162,,,,,,,
BDB-50386112,50386112,COc1cccc2cc(C(=O)NCCCNC(=O)c3cc4cccc(OC)c4oc3=N)c(=N)oc12,RDILGXZZHKVVQM-UHFFFAOYSA-N,CC(CCCCCC(C)C1CC2CCCCC2CC1C)C1CC2CCCCC2CC1C,10.1016/j.ejmech.2012.05.009,22677030,1,False,False,pending_dual_review,eligible_for_primary_evidence_review,,163,,,,,,,
BDB-50627155,50627155,O=c1[nH]nc(NC2CCCC2)c2nnn(Cc3cccs3)c12,RATZCLQARSHGQO-UHFFFAOYSA-N,CC1CCC(CC2CCCC2)C2CCC(CC3CCCC3)C12,,37465301,1,False,False,pending_dual_review,eligible_for_primary_evidence_review,,164,,,,,,,
BDB-50384416,50384416,Cc1nc2ccc(NC(=O)Nc3ccnc4cccnc34)cc2o1,AKMNUCBQGHFICM-UHFFFAOYSA-N,CC(CC1CCC2CCCC2C1)CC1CCCC2CCCCC21,10.1016/j.bmc.2017.07.051,28807572,1,False,False,pending_dual_review,eligible_for_primary_evidence_review,,165,,,,,,,
BDB-50410768,50410768,Cn1c(=O)c2[nH]c(-c3ccc(OCC(=O)NCc4ccco4)cc3)cc2n(C)c1=O,PCVZFCWEKBFCAJ-UHFFFAOYSA-N,CC(CCC1CCCC1)CCC1CCC(C2CC3CC(C)CC(C)C3C2)CC1,10.1021/jm0506221,16392813,1,False,False,pending_dual_review,eligible_for_primary_evidence_review,,166,,,,,,,
BDB-50495053,50495053,Cc1cc(C)n(-c2nc(Nc3cnccn3)cc(-n3cccn3)n2)n1,CVVQFVJXZSWYML-UHFFFAOYSA-N,C1CCC(CC2CC(C3CCCC3)CC(C3CCCC3)C2)CC1,10.1016/j.bmcl.2013.11.051,24332624,1,False,False,pending_dual_review,eligible_for_primary_evidence_review,,167,,,,,,,
BDB-50495601,50495601,CC(C)n1cc2c(Cl)nc(NC(=O)c3ccccc3)nc2n1,BVHMCXNZSIPWQH-UHFFFAOYSA-N,CC(CC1CCC2CCCC2C1)C1CCCCC1,10.1016/j.bmc.2014.01.018,24518296,1,False,False,pending_dual_review,eligible_for_primary_evidence_review,,168,,,,,,,
BDB-50202985,50202985,Nc1nc2c(cnn2CCN2CCN(c3ccc(F)c(F)c3F)CC2)c2nc(-c3ccco3)nn12,NCRDZJIYEHKXFL-UHFFFAOYSA-N,C1CCC(C2CCC(CCC3CCC4C3CCC3CC(C5CCCC5)CC34)CC2)CC1,10.1016/j.bmcl.2006.11.083,17236762,1,False,False,pending_dual_review,eligible_for_primary_evidence_review,,169,,,,,,,
BDB-50202575,50202575,CCNC(=O)[C@H]1O[C@@H](n2cnc3c(NNC(=O)Cc4cccs4)nc(Cl)nc32)[C@H](O)[C@@H]1O,MXNGBNYQJCQGEV-PFHKOEEOSA-N,CC(CCC1CCCC2C(C3CCCC3)CCC12)CC1CCCC1,10.1021/jm061170a,17228880,1,False,False,pending_dual_review,eligible_for_primary_evidence_review,,170,,,,,,,
BDB-50171753,50171753,Cc1ccc2c(O)c(C(=O)NCCc3ccccc3)cnc2n1,NOPDFTZVAJQFFF-UHFFFAOYSA-N,CC(CCCC1CCCCC1)C1CCC2CCCCC2C1,10.1016/j.bmcl.2005.06.064,16099648,2,False,False,pending_dual_review,eligible_for_primary_evidence_review,,171,,,,,,,
BDB-50382982,50382982,COc1ccc(N2CC(C(=O)NC(Cc3ccccc3)C(=O)O)CC2=O)cc1,YNSVRVIBICMHME-UHFFFAOYSA-N,CC(CCCC1CCCCC1)C1CC(C)C(C2CCCCC2)C1,10.1021/jm201455y,22250781,1,False,False,pending_dual_review,eligible_for_primary_evidence_review,,172,,,,,,,
BDB-50584581,50584581,N#Cc1c(-c2ccccc2)nc(N)nc1-c1ccc2ccccc2c1,BUXDJJICYXLCEH-UHFFFAOYSA-N,C1CCC(C2CCCC(C3CCC4CCCCC4C3)C2)CC1,10.1021/acs.jmedchem.1c01636,35068155,1,False,False,pending_dual_review,eligible_for_primary_evidence_review,,173,,,,,,,
BDB-50264831,50264831,O=C(Nc1ccc(F)cc1)Nc1ccc(Nc2nc(-c3ccccc3)nc3c2nnn3Cc2ccccc2)cc1,OLHVMYLPYPPJJK-UHFFFAOYSA-N,CC(CC1CCCCC1)CC1CCC(CC2CC(C3CCCCC3)CC3C(CC4CCCCC4)CCC23)CC1,10.1021/jm4011669,24164628,1,False,False,pending_dual_review,eligible_for_primary_evidence_review,,174,,,,,,,
BDB-50208784,50208784,Nc1nc(OCCc2ccc3ccccc3c2)nc2c1ncn2[C@@H]1O[C@H](CO)[C@@H](O)[C@H]1O,LCDBQJZQQFLFGG-QTQZEZTPSA-N,C(CC1CCC2CCCCC2C1)CC1CCC2CCC(C3CCCC3)C2C1,10.1021/jm061278q,17378544,1,False,False,pending_dual_review,eligible_for_primary_evidence_review,,175,,,,,,,
BDB-50139728,50139728,O=[N+]([O-])c1ccc(O)c([CH+][N-]N=C(S)Cc2ccccc2)c1,PDTFIAGWAGDHCW-UHFFFAOYSA-N,C1CCC(CCCCCC2CCCCC2)CC1,10.1016/j.bmcl.2003.09.095,14741297,1,False,False,pending_dual_review,eligible_for_primary_evidence_review,,176,,,,,,,
BDB-50271642,50271642,O=c1[nH]nc(-c2nccs2)c2sccc12,AUQHNAQGJBULMA-UHFFFAOYSA-N,CC1CCC(C2CCCC2)C2CCCC12,10.1016/j.bmcl.2018.03.086,29627261,1,False,False,pending_dual_review,eligible_for_primary_evidence_review,,177,,,,,,,
BDB-50496139,50496139,Cn1c(=O)c2[nH]c(Cc3ccc(OCCCN4CCC5(CC4)OCCO5)cc3)nc2n(C)c1=O,WHJCTOCJGOSTSO-UHFFFAOYSA-N,CC1CC(C)C2CC(CC3CCC(CCCCC4CCC5(CCCC5)CC4)CC3)CC2C1,10.1016/j.ejmech.2014.01.045,24556147,1,False,False,pending_dual_review,eligible_for_primary_evidence_review,,178,,,,,,,
BDB-50580310,50580310,Nc1cc(F)ccc1NC(=O)c1ccc(CCNc2nc(N)n3nc(-c4ccco4)nc3n2)cc1,OJSWNBSTDSTLPO-UHFFFAOYSA-N,CC(CC1CCCCC1)C1CCC(CCCC2CCC3CC(C4CCCC4)CC3C2)CC1,10.1021/acs.jmedchem.1c01155,34783558,1,False,False,pending_dual_review,eligible_for_primary_evidence_review,,179,,,,,,,
BDB-50257000,50257000,Nc1ncnc2c1ncn2C1CCC1,JGFAEEKLMAWINF-UHFFFAOYSA-N,C1CCC2C(C1)CCC2C1CCC1,10.1016/j.bmc.2009.02.030,19282184,1,False,False,pending_dual_review,eligible_for_primary_evidence_review,,180,,,,,,,
BDB-14390,14390,CCCc1nn(C)c2c(=O)[nH]c(-c3cc(S(=O)(=O)N4CCN(C)CC4)ccc3OCC)nc12,BNRNXUUZRGQAQC-UHFFFAOYSA-N,CC1CC(C2CCCC(C(C)(C)C3CCCCC3)C2)CC2CCCC12,10.1021/jm300280e,22563707,1,False,False,pending_dual_review,eligible_for_primary_evidence_review,,181,,,,,,,
BDB-35839,35839,Cc1ccc(-c2cc(C(=O)NCc3nccn3C(C)C)nc(N)n2)o1,FOBLNBXDRQYXQV-UHFFFAOYSA-N,CC(CCC1CCCC1)C1CCCC(C2CCCC2)C1,10.1016/j.bmc.2009.07.078,19695884,1,False,False,pending_dual_review,eligible_for_primary_evidence_review,,182,,,,,,,
BDB-50248578,50248578,COc1cccc(-n2c(=O)n(Cc3c(F)cccc3F)c3cnc(NCCc4ccccn4)nc32)c1,UPPCVKRCEALPST-UHFFFAOYSA-N,CC1C(CC2CCCCC2)C2CCC(CCCC3CCCCC3)CC2C1C1CCCCC1,10.1016/j.bmcl.2009.01.042,19181527,1,False,False,pending_dual_review,eligible_for_primary_evidence_review,,183,,,,,,,
BDB-50414356,50414356,CCn1c(=O)c2[nH]c(-c3ccc(OCC(=O)NN4CCc5ccccc5C4)cc3)nc2n(CCCOC)c1=O,OWZKUWVVPFHDPB-UHFFFAOYSA-N,CC(CCC1CCC(C2CC3CC(C)CC(C)C3C2)CC1)CC1CCC2CCCCC2C1,10.1016/j.bmc.2009.03.029,19346133,1,False,False,pending_dual_review,eligible_for_primary_evidence_review,,184,,,,,,,
BDB-50343135,50343135,O=C(Cc1ccccc1)Nc1nc2nn(CCc3ccccc3)cc2c2nc(-c3ccc(Cl)cc3)nn12,UMYJKAPQXPVTEH-UHFFFAOYSA-N,CC(CC1CCCCC1)CC1CC2CC(CCC3CCCCC3)CC2C2CC(C3CCCCC3)CC12,10.1016/j.bmc.2011.08.026,21908194,1,False,False,pending_dual_review,eligible_for_primary_evidence_review,,185,,,,,,,
BDB-50275637,50275637,Cc1nc2c(N)nc(Nc3ccccc3)nc2s1,JXMVGWKOLQYAPP-UHFFFAOYSA-N,C1CCC(CC2CCC3CCCC3C2)CC1,10.1016/j.bmc.2018.05.048,29880250,1,False,False,pending_dual_review,eligible_for_primary_evidence_review,,186,,,,,,,
BDB-50298553,50298553,O=C(Nc1nc2nn(CCc3ccccc3)cc2c2nc(-c3ccco3)nn12)C(c1ccccc1)c1ccccc1,LWYRFEDQIGXNNB-UHFFFAOYSA-N,CC(CC1CC2CC(CCC3CCCCC3)CC2C2CC(C3CCCC3)CC12)C(C1CCCCC1)C1CCCCC1,10.1016/j.bmc.2009.05.038,19501513,1,False,False,pending_dual_review,eligible_for_primary_evidence_review,,187,,,,,,,
BDB-50346909,50346909,Cn1cc2c(n1)c(N)nc1c(OCc3ccccc3)cccc12,BTNNZWURLUOUIL-UHFFFAOYSA-N,C1CCC(CCC2CCCC3C4CCCC4CCC23)CC1,10.1016/j.bmc.2011.05.001,21616671,1,False,False,pending_dual_review,eligible_for_primary_evidence_review,,188,,,,,,,
BDB-50271536,50271536,O=C(NCc1ccccc1)Nc1nc2ccccc2n2c(=O)n(-c3ccccc3)nc12,VIBOPLGOAIYGMR-UHFFFAOYSA-N,CC(CCC1CCCCC1)CC1CC2CCCCC2C2C(C)C(C3CCCCC3)CC12,10.1016/j.bmc.2008.04.039,18468446,1,False,False,pending_dual_review,eligible_for_primary_evidence_review,,189,,,,,,,
BDB-50545315,50545315,Nc1nc(NCC2CCN(CC(=O)Nc3ccc(S(N)(=O)=O)cc3)CC2)nc2sc(-c3ccco3)nc12,UQWRJYJCAOENJM-UHFFFAOYSA-N,CC(CC1CCCCC1)CC1CCC(CCC2CCC3CC(C4CCCC4)CC3C2)CC1,10.1016/j.bmcl.2020.127067,32165041,1,False,False,pending_dual_review,eligible_for_primary_evidence_review,,190,,,,,,,
BDB-50395552,50395552,O=C(Cc1ccccc1)Nc1nn2c(-c3ccco3)nnc2s1,XJNXZELXQVQLKI-UHFFFAOYSA-N,CC(CC1CCCCC1)CC1CC2CCC(C3CCCC3)C2C1,10.1021/jm3003069,22827545,1,False,False,pending_dual_review,eligible_for_primary_evidence_review,,191,,,,,,,
BDB-50047917,50047917,OC[C@H]1O[C@@H](n2cnc3c(NC4CC4c4ccccc4)nc(C#Cc4ccccc4)nc32)[C@H](O)[C@@H]1O,ZUZUSCXGJHXEMB-WXAVEZDYSA-N,C1CCC(CCC2CC(CC3CC3C3CCCCC3)C3CCC(C4CCCC4)C3C2)CC1,10.1016/j.bmcl.2014.06.006,24969016,1,False,False,pending_dual_review,eligible_for_primary_evidence_review,,192,,,,,,,
BDB-50091143,50091143,c1ccc(CCNc2nc3ccccc3c3cn(-c4ccccc4)nc23)cc1,CYSDHZJPDQKSJB-UHFFFAOYSA-N,C1CCC(CCCC2CC3CCCCC3C3CC(C4CCCCC4)CC23)CC1,10.1021/jm000936i,10956220,1,False,False,pending_dual_review,eligible_for_primary_evidence_review,,193,,,,,,,
BDB-50628408,50628408,Nc1nc(NCCc2ccc(O)cc2)nc2c1nc(-c1cccs1)n2[C@@H]1SC[C@@H](O)[C@H]1O,XRKKJGGYJHRJNY-OWDMVUQNSA-N,C1CCC(CCCC2CCC3CC(C4CCCC4)C(C4CCCC4)C3C2)CC1,10.1021/acs.jmedchem.3c00806,37603705,1,False,False,pending_dual_review,eligible_for_primary_evidence_review,,194,,,,,,,
BDB-50341193,50341193,CCN(C(C)=O)c1ccc(OC)c2nc(NC(=O)C3CCN(Cc4cccc(C(F)(F)F)c4)CC3)sc12,OMVHCFMRXIFNMI-UHFFFAOYSA-N,CC(CC1CC2CCCCC2C1)C1CCC(CC2CCCCC2)CC1,10.1016/j.bmcl.2011.02.053,21388809,1,False,False,pending_dual_review,eligible_for_primary_evidence_review,,195,,,,,,,
BDB-50360193,50360193,O=C(Nc1nc(=O)[nH]c2nc(-c3ccco3)nn12)c1ccccc1,HZRPPZVAFJLQIQ-UHFFFAOYSA-N,CC1CC(CC(C)C2CCCCC2)C2CC(C3CCCC3)CC2C1,10.1021/jm101349u,21214204,1,False,False,pending_dual_review,eligible_for_primary_evidence_review,,196,,,,,,,
BDB-50257025,50257025,O=c1n(-c2ccccc2)nc2c(NC3CCCCC3)nc3ncccc3n12,JIBITRQNBXVGNX-UHFFFAOYSA-N,CC1C(C2CCCCC2)CC2C(CC3CCCCC3)CC3CCCCC3C12,10.1021/jm8014876,19301821,1,False,False,pending_dual_review,eligible_for_primary_evidence_review,,197,,,,,,,
BDB-50563134,50563134,COc1ccc(N2CCOCC2)c2sc(NC(=O)N3CCC(O)(CF)CC3)nc12,MVLSLPSPDRUARX-UHFFFAOYSA-N,CC(CC1CC2CCCC(C3CCCCC3)C2C1)C1CCCCC1,10.1016/j.ejmech.2021.113214,33548636,1,False,False,pending_dual_review,eligible_for_primary_evidence_review,,198,,,,,,,
BDB-50083916,50083916,O=c1c(-c2ccc(O)cc2)nnc2[nH]c3ccccc3n12,CQXMRLNWXNWPSV-UHFFFAOYSA-N,CC1C(C2CCCCC2)CCC2CC3CCCCC3C21,10.1021/jm001054m,11462973,1,False,False,pending_dual_review,eligible_for_primary_evidence_review,,199,,,,,,,
BDB-50237093,50237093,Cc1cc(C)n(-c2cc(NC(=O)COc3cccc(CCN4CCOCC4)c3)nc(-c3ccc(C)o3)n2)n1,FLJKEYOWOUCFNJ-UHFFFAOYSA-N,CC(CCC1CCCC(CCC2CCCCC2)C1)CC1CC(C2CCCC2)CC(C2CCCC2)C1,10.1016/j.bmcl.2008.02.032,18329269,1,False,False,pending_dual_review,eligible_for_primary_evidence_review,,200,,,,,,,
BDB-50141455,50141455,Nc1nc(NC(=O)/C=C/c2ccccc2)nc2c1ncn2[C@@H]1O[C@H](CO)[C@@H](O)[C@H]1O,DDCUXRNACUVAKE-HGBQRMJASA-N,CC(CC1CCC2CCC(C3CCCC3)C2C1)CCC1CCCCC1,10.1016/j.bmcl.2004.01.011,15006389,1,False,False,pending_dual_review,eligible_for_primary_evidence_review,,201,,,,,,,
BDB-50360209,50360209,Nc1nc(N2CCN(C(=O)Cc3ccccc3)CC2)nc2nc(-c3ccco3)nn12,CKNQBBJKRSXMPU-UHFFFAOYSA-N,CC(CC1CCCCC1)C1CCC(C2CCC3CC(C4CCCC4)CC3C2)CC1,10.1021/jm101349u,21214204,1,False,False,pending_dual_review,eligible_for_primary_evidence_review,,202,,,,,,,
BDB-50018002,50018002,CCCn1c(=O)c2[nH]c(-c3ccc(OCC(=O)ON4C(=O)CCC4=O)cc3)nc2n(CCC)c1=O,NPCYZVFLXAHEOX-UHFFFAOYSA-N,CC1CC(C)C2CC(C3CCC(CCC(C)CC4C(C)CCC4C)CC3)CC2C1,10.1021/jm00147a038,2993622,1,False,False,pending_dual_review,eligible_for_primary_evidence_review,,203,,,,,,,
BDB-35803,35803,COc1cc(C(=O)NCc2ccccn2)nc(N)n1,HKDRLLSZDIGQIK-UHFFFAOYSA-N,CC(CCC1CCCCC1)C1CCCCC1,10.1016/j.bmc.2009.07.078,19695884,1,False,False,pending_dual_review,eligible_for_primary_evidence_review,,204,,,,,,,
BDB-50047995,50047995,CCOC(=O)c1cnc(NC2CC2)n2nc(-c3ccco3)nc12,MBXDLCHXRJJXPM-UHFFFAOYSA-N,C1CCC(C2CC3CCCC(CC4CC4)C3C2)C1,10.1021/jm500752h,24972108,1,False,False,pending_dual_review,eligible_for_primary_evidence_review,,205,,,,,,,
BDB-50548094,50548094,COC(=O)[C@@H]1CCCN1c1nc2nn(C)cc2c2nc(-c3ccco3)nn12,CCHJCVDZPYFXQY-NSHDSACASA-N,C1CCC(C2CC3C4CCCC4CC(C4CCCC4)C3C2)C1,10.1039/d0md00380h,34046614,1,False,False,pending_dual_review,eligible_for_primary_evidence_review,,206,,,,,,,
BDB-50266084,50266084,O=C(c1ccccc1)c1sc(N(Cc2ccccc2)Cc2ccco2)nc1-c1ccco1,UXTNNVIYBQKXOL-UHFFFAOYSA-N,CC(C1CCCCC1)C1CC(C(CC2CCCCC2)CC2CCCC2)CC1C1CCCC1,10.1016/j.bmcl.2008.11.066,19059776,1,False,False,pending_dual_review,eligible_for_primary_evidence_review,,207,,,,,,,
BDB-50555723,50555723,Nc1nc(-c2ccc(NC(=O)CCNCc3ccc(S(N)(=O)=O)cc3)cc2)cn2c(=O)n(-c3ccccc3)nc12,YKNBYIQXICDOOY-UHFFFAOYSA-N,CC(CCCCC1CCCCC1)CC1CCC(C2CCC3CC(C4CCCCC4)C(C)C3C2)CC1,10.1016/j.ejmech.2020.112478,32659606,1,False,False,pending_dual_review,eligible_for_primary_evidence_review,,208,,,,,,,
BDB-50262150,50262150,Nc1nc(CN[C@H]2CCCN2Cc2ccnc(Cl)c2)nc2nc(-c3ccco3)nn12,CQNPTEQAAAOVKX-MRXNPFEDSA-N,C1CCC(CC2CCCC2CCC2CCC3CC(C4CCCC4)CC3C2)CC1,10.1021/jm701594y,18637670,1,False,False,pending_dual_review,eligible_for_primary_evidence_review,,209,,,,,,,
BDB-50478209,50478209,O=C(Nc1nc2ccccc2n2nc(-c3ccco3)nc12)c1ccco1,SZACFGFCZCXEEA-UHFFFAOYSA-N,CC(CC1CC2CCCCC2C2CC(C3CCCC3)CC12)C1CCCC1,10.1016/j.bmc.2007.10.103,18249548,1,False,False,pending_dual_review,eligible_for_primary_evidence_review,,210,,,,,,,
BDB-50026819,50026819,CCNC(=O)[C@H]1O[C@@H](n2cnc3c(N)nc(NCCc4ccc(CCC(=O)Nc5ccc(OC(=O)CCCC[C@@H]6SC[C@@H]7NC(=O)N[C@@H]76)c([N+](=O)[O-])c5)cc4)nc32)[C@H](O)[C@@H]1O,MUXUIVVLQXFMRX-CXJTVLAKSA-N,CC(CCCCC1CCC2CC(C)CC12)CC1CCC(CC(C)CCC2CCC(CCCC3CCC4CCC(C5CCCC5)C4C3)CC2)CC1,10.1021/ml5002486,25221664,1,False,False,pending_dual_review,eligible_for_primary_evidence_review,,211,,,,,,,
BDB-50389918,50389918,Cn1cc2c(nc(NC(=O)NC3CCN(C(=O)NCCc4ccccc4)CC3)n3nc(-c4ccco4)nc23)n1,JONIAMPRFRZSLQ-UHFFFAOYSA-N,CC(CC1CCC(C(C)CCCC2CCCCC2)CC1)CC1CC2CCCC2C2CC(C3CCCC3)CC12,10.1021/jm300323t,22568637,1,False,False,pending_dual_review,eligible_for_primary_evidence_review,,212,,,,,,,
BDB-50432634,50432634,CCOc1cccc2cc(C(=O)NCc3ccccn3)c(=N)oc12,WZFUWGODTRDSBO-UHFFFAOYSA-N,CC(CCC1CCCCC1)C1CC2CCCCC2CC1C,10.1021/jm400422s,23597047,1,False,False,pending_dual_review,eligible_for_primary_evidence_review,,213,,,,,,,
BDB-50199460,50199460,OC[C@@]12C[C@@H]1[C@@H](n1cnc3c(N[C@H](C4CCC4)C4CC4)nc(Cl)nc31)[C@H](O)[C@@H]2O,YLEQGEOHZFVIAR-QZUDQQPUSA-N,C1CC(C(CC2CCCC3C2CCC3C2CCC3CC32)C2CC2)C1,10.1021/acs.jmedchem.6b01183,27933810,1,False,False,pending_dual_review,eligible_for_primary_evidence_review,,214,,,,,,,
BDB-50003108,50003108,O=C(COc1ccc(-c2cc3c([nH]2)c(=O)n(CC2CC2)c(=O)n3CC2CC2)cc1)N1CCc2ccccc2C1,SJVLZHJJIWSOJI-UHFFFAOYSA-N,CC(CCC1CCC(C2CC3C(C)C(CC4CC4)C(C)C(CC4CC4)C3C2)CC1)C1CCC2CCCCC2C1,10.1016/j.bmc.2008.01.002,18226909,1,False,False,pending_dual_review,eligible_for_primary_evidence_review,,215,,,,,,,
BDB-50306777,50306777,Nc1c(C(=O)Nc2nccs2)sc2nc3c(cc12)C(=O)CCC3,IWDKSIOHIYCOBV-UHFFFAOYSA-N,CC(CC1CCCC1)C1CC2CC3CCCC(C)C3CC2C1,10.1021/jm901647p,20095623,1,False,False,pending_dual_review,eligible_for_primary_evidence_review,,216,,,,,,,
BDB-50399597,50399597,Cn1cc2c(nc(NC(c3ccccc3)c3ccccc3)n3nc(-c4ccco4)nc23)n1,MKTDHKFRAQCBTM-UHFFFAOYSA-N,C1CCC(C(CC2CC3CCCC3C3CC(C4CCCC4)CC23)C2CCCCC2)CC1,10.1021/jm300899q,23098605,1,False,False,pending_dual_review,eligible_for_primary_evidence_review,,217,,,,,,,
BDB-50266022,50266022,O=C(c1ccccc1)c1sc(NCCc2ccc3c(c2)OCO3)nc1-c1ccco1,ORZFUSWWXUVGND-UHFFFAOYSA-N,CC(C1CCCCC1)C1CC(CCCC2CCC3CCCC3C2)CC1C1CCCC1,10.1016/j.bmcl.2008.11.066,19059776,1,False,False,pending_dual_review,eligible_for_primary_evidence_review,,218,,,,,,,
BDB-50366686,50366686,Nc1ncnc2c1nc(/C=C/C(=O)c1ccccc1)n2[C@@H]1O[C@H](CO)[C@@H](O)[C@H]1O,VRKBZQOPVJHRLW-VFIQZALSSA-N,CC(CCC1CC2CCCCC2C1C1CCCC1)C1CCCCC1,10.1016/s0960-894x(01)00347-x,11459663,1,False,False,pending_dual_review,eligible_for_primary_evidence_review,,219,,,,,,,
BDB-50559043,50559043,Cn1cc2c(nc(NC(=O)Nc3ccc(CC(=O)OCCCOCCOCCOCCCNC(=S)Nc4ccc(-c5c6ccc(=O)cc-6oc6cc(O)ccc56)c(C(=O)O)c4)cc3)n3nc(-c4ccco4)nc23)n1,PQBREZGPWVFSIR-UHFFFAOYSA-N,CC(CCCCCCCCCCCCCCCC(C)CC1CCC(C2C3CCCCC3CC3CC(C)CCC32)CC1)CC1CCC(CC(C)CC2CC3CCCC3C3CC(C4CCCC4)CC23)CC1,10.1016/j.ejmech.2019.111886,31787357,1,False,False,pending_dual_review,eligible_for_primary_evidence_review,,220,,,,,,,
BDB-50268247,50268247,CCCn1c(=O)[nH]c2nc(-c3ccc(S(=O)(=O)N4CCN(CCc5ccccc5)CC4)cc3)[nH]c2c1=O,UOSGXUGKZYRNKU-UHFFFAOYSA-N,CC1CC(C)C2CC(C3CCC(C(C)(C)C4CCC(CCC5CCCCC5)CC4)CC3)CC2C1,10.1021/jm900413e,19569717,1,False,False,pending_dual_review,eligible_for_primary_evidence_review,,221,,,,,,,
BDB-50580289,50580289,Nc1nc(NCCCc2ccc(C(=O)NO)cc2)nc2nc(-c3ccco3)nn12,HDCIDGKVVBLQNA-UHFFFAOYSA-N,C1CCC(CCCCC2CCC3CC(C4CCCC4)CC3C2)CC1,10.1021/acs.jmedchem.1c01155,34783558,1,False,False,pending_dual_review,eligible_for_primary_evidence_review,,222,,,,,,,
BDB-50393169,50393169,Cn1c(=O)c2c(nc3n2CCN3C2CCCCC2)n(C)c1=O,HRBBCJVEDBRVEG-UHFFFAOYSA-N,CC1CC(C)C2C(C1)CC1C(C3CCCCC3)CCC12,10.1016/j.ejmech.2011.05.023,21664729,1,False,False,pending_dual_review,eligible_for_primary_evidence_review,,223,,,,,,,
BDB-50584629,50584629,N#Cc1c(-c2ccccc2)nc(Nc2ccccc2)nc1-c1ccoc1,UTSMDVBQXYDAIT-UHFFFAOYSA-N,C1CCC(CC2CC(C3CCCCC3)CC(C3CCCC3)C2)CC1,10.1021/acs.jmedchem.1c01636,35068155,1,False,False,pending_dual_review,eligible_for_primary_evidence_review,,224,,,,,,,
BDB-50266052,50266052,O=C(c1ccccc1)c1sc(NCCCc2ccccc2)nc1-c1ccco1,VZEXLUMZSFKUJP-UHFFFAOYSA-N,CC(C1CCCCC1)C1CC(CCCCC2CCCCC2)CC1C1CCCC1,10.1016/j.bmcl.2008.11.066,19059776,1,False,False,pending_dual_review,eligible_for_primary_evidence_review,,225,,,,,,,
BDB-50399560,50399560,Cn1cc2c(nc(NCCc3c[nH]c4ccccc34)n3nc(-c4ccco4)nc23)n1,QCJSUMWNJLEJCF-UHFFFAOYSA-N,C1CCC(C2CC3C(CCCC4CCC5CCCCC54)CC4CCCC4C3C2)C1,10.1021/jm300899q,23098605,1,False,False,pending_dual_review,eligible_for_primary_evidence_review,,226,,,,,,,
BDB-50392831,50392831,COc1ccccc1NC(=O)Nc1nnc(-c2ccccc2)[nH]1,FSGLHDPNBSOZED-UHFFFAOYSA-N,CC(CC1CCCCC1)CC1CCC(C2CCCCC2)C1,10.1021/ml300097g,23342198,1,False,False,pending_dual_review,eligible_for_primary_evidence_review,,227,,,,,,,
BDB-50275914,50275914,CC(=O)Nc1cc(-c2cccc(CO[C@@H]3CCN(C)C3)c2)nc(-n2nc(C)cc2C)n1,HQGPRKKHKJMXJP-HXUWFJFHSA-N,C1CCC(CCC2CCCC(C3CCCC(C4CCCC4)C3)C2)C1,10.1016/j.bmcl.2008.09.048,18835161,1,False,False,pending_dual_review,eligible_for_primary_evidence_review,,228,,,,,,,
BDB-50003212,50003212,CCCn1c(=O)c2[nH]c(-c3ccc(OCC(=O)N4CCN(C(=O)OCc5ccccc5)CC4)cc3)cc2n(CCC)c1=O,WQNHFQJVMCIZLP-UHFFFAOYSA-N,CC1CC(C)C2CC(C3CCC(CCC(C)C4CCC(C(C)CCC5CCCCC5)CC4)CC3)CC2C1,10.1016/j.bmc.2008.01.002,18226909,1,False,False,pending_dual_review,eligible_for_primary_evidence_review,,229,,,,,,,
BDB-50237076,50237076,Cc1cc(C)n(-c2cc(NC(=O)COc3cc(F)cc(CN(C)C)c3)nc(-c3ccc(C)o3)n2)n1,XHZNAIPWEJMXIP-UHFFFAOYSA-N,CC(CCC1CCCCC1)CC1CC(C2CCCC2)CC(C2CCCC2)C1,10.1016/j.bmcl.2008.02.032,18329269,1,False,False,pending_dual_review,eligible_for_primary_evidence_review,,230,,,,,,,
BDB-50399581,50399581,Cn1cc2c(nc(NC3CCC3)n3nc(-c4ccco4)nc23)n1,OTZPDZBHTVRFPM-UHFFFAOYSA-N,C1CC(CC2CC3CCCC3C3CC(C4CCCC4)CC23)C1,10.1021/jm300899q,23098605,1,False,False,pending_dual_review,eligible_for_primary_evidence_review,,231,,,,,,,
BDB-50386113,50386113,COc1cccc2cc(C(=O)NCCCN3CCN(CCCNC(=O)c4cc5cccc(OC)c5oc4=N)CC3)c(=N)oc12,HFQZOXVLNQONST-UHFFFAOYSA-N,CC(CCCCC1CCC(CCCCC(C)C2CC3CCCCC3CC2C)CC1)C1CC2CCCCC2CC1C,10.1016/j.ejmech.2012.05.009,22677030,1,False,False,pending_dual_review,eligible_for_primary_evidence_review,,232,,,,,,,
BDB-50119131,50119131,Nc1nc(-n2cc(C(=O)NC3CCCC3)cn2)nc2c1ncn2[C@@H]1O[C@H](CO)[C@@H](O)[C@H]1O,OMYIZCDTYNHUGF-XWXWGSFUSA-N,CC(CC1CCCC1)C1CCC(C2CCC3CCC(C4CCCC4)C3C2)C1,10.1016/s0960-894x(02)00609-1,12270178,1,False,False,pending_dual_review,eligible_for_primary_evidence_review,,233,,,,,,,
BDB-50306792,50306792,Cc1ccc(Nc2nc(N)nc(CSCCO)n2)cc1,CWYUCBLNLMTDMO-UHFFFAOYSA-N,C1CCC(CC2CCCCC2)CC1,10.1021/jm901647p,20095623,1,False,False,pending_dual_review,eligible_for_primary_evidence_review,,234,,,,,,,
BDB-50559039,50559039,Cn1cc2c(nc(NC(=O)CCCc3cn(CCCCCCNC(=O)c4ccc(-c5c6ccc(=N)c(S(=O)(=O)O)c-6oc6c(S(=O)(=O)O)c(N)ccc56)c(C(=O)O)c4)nn3)n3nc(-c4ccco4)nc23)n1,XEABBZPOOUCNPW-UHFFFAOYSA-N,CC(CCCC1CCC(CCCCCCCC(C)C2CCC(C3C4CCCCC4CC4CC(C)CCC43)CC2)C1)CC1CC2CCCC2C2CC(C3CCCC3)CC12,10.1016/j.ejmech.2019.111886,31787357,1,False,False,pending_dual_review,eligible_for_primary_evidence_review,,235,,,,,,,
BDB-50492059,50492059,CN(C)c1nc(N)nc(-c2sc(NC(=O)c3ccco3)nc2-c2ccccc2)n1,DDDMPSVRAPVZGB-UHFFFAOYSA-N,CC(CC1CC(C2CCCCC2)C(C2CCCCC2)C1)C1CCCC1,10.1016/j.ejmech.2013.03.020,23685887,1,False,False,pending_dual_review,eligible_for_primary_evidence_review,,236,,,,,,,
BDB-50139775,50139775,Nc1nc(C(=O)NCc2cccc3cccnc23)c2cccc(-c3cncnc3)c2n1,KOGRSSNNCJISAU-UHFFFAOYSA-N,CC(CCC1CCCC2CCCCC21)C1CCCC2C(C3CCCCC3)CCCC12,10.1016/j.bmcl.2015.11.048,26781932,2,False,False,pending_dual_review,eligible_for_primary_evidence_review,,237,,,,,,,
BDB-50491508,50491508,O=C(CCCc1ccccc1)Nc1nc2sccc2c(=O)s1,IYRBFSDYGUWBKM-UHFFFAOYSA-N,CC(CCCC1CCCCC1)CC1CC(C)C2CCCC2C1,10.1021/jm400336x,23631427,1,False,False,pending_dual_review,eligible_for_primary_evidence_review,,238,,,,,,,
BDB-50555716,50555716,Nc1nc(-c2ccc(NC(=O)c3ccc(C(=O)O)cc3)cc2)cn2c(=O)n(-c3ccccc3)nc12,ILYCKBRKVXWUEH-UHFFFAOYSA-N,CC(CC1CCC(C2CCC3CC(C4CCCCC4)C(C)C3C2)CC1)C1CCCCC1,10.1016/j.ejmech.2020.112478,32659606,1,False,False,pending_dual_review,eligible_for_primary_evidence_review,,239,,,,,,,
BDB-106375,106375,O=C(Nc1nc(-c2ccccc2)nc2c1nnn2Cc1ccccc1F)c1ccco1,QIBAMLNBYLUZGF-UHFFFAOYSA-N,CC(CC1CC(C2CCCCC2)CC2C(CC3CCCCC3)CCC12)C1CCCC1,10.1111/cbdd.12131,23480235,1,False,False,pending_dual_review,eligible_for_primary_evidence_review,,240,,,,,,,
